# Blender 4.0.2
# www.blender.org
mtllib gripper_base.mtl
o gripper_base
v 0.000785 -0.105436 -0.059699
v 0.001742 -0.105551 -0.059685
v 0.002644 -0.105892 -0.059671
v 0.003438 -0.106439 -0.059659
v 0.004078 -0.107161 -0.059649
v 0.004527 -0.108014 -0.059641
v 0.004758 -0.108950 -0.059637
v 0.004759 -0.109914 -0.059636
v 0.004529 -0.110851 -0.059638
v 0.004082 -0.111705 -0.059644
v 0.003443 -0.112427 -0.059653
v 0.002650 -0.112976 -0.059664
v 0.001749 -0.113318 -0.059677
v 0.000792 -0.113436 -0.059691
v 0.000969 -0.113447 -0.071690
v 0.001926 -0.113330 -0.071676
v 0.002827 -0.112987 -0.071663
v 0.003620 -0.112438 -0.071652
v 0.004259 -0.111716 -0.071643
v 0.004706 -0.110862 -0.071637
v 0.004936 -0.109925 -0.071635
v 0.004935 -0.108961 -0.071636
v 0.004704 -0.108025 -0.071640
v 0.004255 -0.107172 -0.071647
v 0.003615 -0.106450 -0.071657
v 0.002821 -0.105903 -0.071670
v 0.001920 -0.105562 -0.071683
v 0.000962 -0.105447 -0.071697
v 0.004646 -0.000429 -0.056239
v 0.004558 -0.000423 -0.050239
v -0.003442 -0.000430 -0.050358
v -0.003325 -0.001387 -0.050355
v -0.002982 -0.002289 -0.050349
v -0.002434 -0.003082 -0.050340
v -0.001711 -0.003721 -0.050329
v -0.000857 -0.004168 -0.050316
v 0.000079 -0.004398 -0.050302
v 0.001043 -0.004397 -0.050288
v 0.001979 -0.004166 -0.050274
v 0.002833 -0.003717 -0.050262
v 0.003554 -0.003077 -0.050252
v 0.004101 -0.002283 -0.050245
v 0.004442 -0.001381 -0.050240
v -0.003353 -0.000436 -0.056357
v 0.004531 -0.001386 -0.056240
v 0.004190 -0.002288 -0.056244
v 0.003642 -0.003082 -0.056251
v 0.002921 -0.003722 -0.056261
v 0.002068 -0.004171 -0.056273
v 0.001132 -0.004403 -0.056287
v 0.000168 -0.004404 -0.056301
v -0.000769 -0.004174 -0.056315
v -0.001623 -0.003726 -0.056328
v -0.002345 -0.003087 -0.056340
v -0.002893 -0.002294 -0.056348
v -0.003236 -0.001393 -0.056354
v 0.007928 -0.064934 -0.071632
v -0.006071 -0.064945 -0.071839
v -0.006034 -0.109453 -0.071797
v -0.005857 -0.111010 -0.071793
v -0.005338 -0.112489 -0.071784
v -0.004503 -0.113816 -0.071770
v -0.003394 -0.114923 -0.071753
v -0.002066 -0.115756 -0.071733
v -0.000586 -0.116272 -0.071710
v 0.000971 -0.116447 -0.071687
v 0.002529 -0.116270 -0.071664
v 0.004008 -0.115751 -0.071643
v 0.005334 -0.114916 -0.071624
v 0.006441 -0.113806 -0.071609
v 0.007274 -0.112479 -0.071598
v 0.007791 -0.110999 -0.071592
v 0.007965 -0.109441 -0.071590
v 0.000962 -0.105447 -0.071697
v 0.000005 -0.105564 -0.071711
v -0.000896 -0.105906 -0.071724
v -0.001689 -0.106455 -0.071736
v -0.002328 -0.107177 -0.071744
v -0.002775 -0.108031 -0.071750
v -0.003005 -0.108968 -0.071753
v -0.003004 -0.109932 -0.071752
v -0.002773 -0.110868 -0.071748
v -0.002324 -0.111722 -0.071740
v -0.001684 -0.112443 -0.071730
v -0.000890 -0.112990 -0.071718
v 0.000012 -0.113331 -0.071704
v 0.000969 -0.113447 -0.071690
v 0.001926 -0.113330 -0.071676
v 0.002827 -0.112987 -0.071663
v 0.003620 -0.112438 -0.071652
v 0.004259 -0.111716 -0.071643
v 0.004706 -0.110862 -0.071637
v 0.004936 -0.109925 -0.071635
v 0.004935 -0.108961 -0.071636
v 0.004704 -0.108025 -0.071640
v 0.004255 -0.107172 -0.071647
v 0.003615 -0.106450 -0.071657
v 0.002821 -0.105903 -0.071670
v 0.001920 -0.105562 -0.071683
v 0.008997 -0.062092 -0.076459
v 0.008938 -0.062862 -0.072423
v 0.008940 -0.063548 -0.072531
v 0.008942 -0.064239 -0.072596
v 0.008942 -0.064934 -0.072617
v 0.008979 -0.109441 -0.072576
v 0.009038 -0.109445 -0.076575
v 0.009001 -0.063787 -0.076618
v 0.009000 -0.063219 -0.076601
v 0.008999 -0.062653 -0.076547
v 0.001060 -0.116452 -0.077686
v -0.000498 -0.116278 -0.077710
v -0.001978 -0.115762 -0.077732
v -0.003305 -0.114929 -0.077752
v -0.004415 -0.113821 -0.077770
v -0.005249 -0.112495 -0.077783
v -0.005768 -0.111016 -0.077792
v -0.005945 -0.109458 -0.077796
v -0.005983 -0.063800 -0.077839
v 0.008015 -0.063789 -0.077633
v 0.008053 -0.109446 -0.077590
v 0.007879 -0.111004 -0.077591
v 0.007363 -0.112484 -0.077597
v 0.006530 -0.113812 -0.077608
v 0.005422 -0.114921 -0.077623
v 0.004096 -0.115756 -0.077642
v 0.002617 -0.116275 -0.077664
v -0.007019 -0.109454 -0.072812
v -0.007056 -0.064947 -0.072853
v -0.007057 -0.064253 -0.072832
v -0.007058 -0.063561 -0.072767
v -0.007060 -0.062875 -0.072659
v -0.007001 -0.062105 -0.076695
v -0.007000 -0.062667 -0.076783
v -0.006998 -0.063232 -0.076837
v -0.006998 -0.063800 -0.076854
v -0.006960 -0.109458 -0.076811
v -0.006084 -0.061246 -0.071133
v 0.007914 -0.061234 -0.070926
v 0.007576 -0.010778 -0.050895
v -0.006422 -0.010790 -0.051101
v 0.008640 -0.008004 -0.055370
v 0.008581 -0.008774 -0.051334
v 0.008583 -0.009328 -0.051458
v 0.008586 -0.009874 -0.051616
v 0.008590 -0.010408 -0.051809
v 0.008928 -0.060864 -0.071841
v 0.008932 -0.061517 -0.072077
v 0.008935 -0.062184 -0.072271
v 0.008938 -0.062862 -0.072423
v 0.008997 -0.062092 -0.076459
v 0.008995 -0.061537 -0.076335
v 0.008992 -0.060992 -0.076176
v 0.008988 -0.060457 -0.075983
v 0.008650 -0.010002 -0.055951
v 0.008646 -0.009348 -0.055715
v 0.008643 -0.008681 -0.055521
v 0.008002 -0.060089 -0.076927
v -0.005996 -0.060101 -0.077133
v -0.006335 -0.009645 -0.057102
v 0.007664 -0.009633 -0.056895
v -0.007071 -0.060877 -0.072077
v -0.007409 -0.010422 -0.052045
v -0.007412 -0.009887 -0.051852
v -0.007415 -0.009342 -0.051694
v -0.007417 -0.008787 -0.051570
v -0.007358 -0.008017 -0.055606
v -0.007355 -0.008695 -0.055757
v -0.007352 -0.009362 -0.055951
v -0.007348 -0.010015 -0.056187
v -0.007010 -0.060471 -0.076219
v -0.007007 -0.061005 -0.076412
v -0.007004 -0.061551 -0.076571
v -0.007001 -0.062105 -0.076695
v -0.007060 -0.062875 -0.072659
v -0.007063 -0.062198 -0.072507
v -0.007067 -0.061531 -0.072313
v -0.007417 -0.008787 -0.051570
v -0.007419 -0.008226 -0.051481
v -0.007420 -0.007660 -0.051428
v -0.007421 -0.007092 -0.051410
v -0.007426 -0.000434 -0.051416
v -0.007367 -0.000438 -0.055416
v -0.007363 -0.005945 -0.055411
v -0.007362 -0.006640 -0.055432
v -0.007360 -0.007331 -0.055497
v -0.007358 -0.008017 -0.055606
v 0.007650 -0.005934 -0.056189
v -0.006348 -0.005945 -0.056396
v -0.006353 -0.000438 -0.056401
v -0.006179 0.001120 -0.056400
v -0.005662 0.002600 -0.056394
v -0.004829 0.003927 -0.056383
v -0.003722 0.005037 -0.056367
v -0.002396 0.005872 -0.056349
v -0.000917 0.006391 -0.056327
v 0.000641 0.006568 -0.056304
v 0.002198 0.006393 -0.056281
v 0.003678 0.005877 -0.056259
v 0.005006 0.005044 -0.056239
v 0.006115 0.003937 -0.056221
v 0.006950 0.002610 -0.056208
v 0.007469 0.001131 -0.056199
v 0.007646 -0.000427 -0.056195
v 0.004646 -0.000429 -0.056239
v 0.004531 -0.001386 -0.056240
v 0.004190 -0.002288 -0.056244
v 0.003642 -0.003082 -0.056251
v 0.002921 -0.003722 -0.056261
v 0.002068 -0.004171 -0.056273
v 0.001132 -0.004403 -0.056287
v 0.000168 -0.004404 -0.056301
v -0.000769 -0.004174 -0.056315
v -0.001623 -0.003726 -0.056328
v -0.002345 -0.003087 -0.056340
v -0.002893 -0.002294 -0.056348
v -0.003236 -0.001393 -0.056354
v -0.003353 -0.000436 -0.056357
v -0.003238 0.000522 -0.056356
v -0.002897 0.001424 -0.056352
v -0.002349 0.002218 -0.056345
v -0.001628 0.002858 -0.056334
v -0.000775 0.003306 -0.056322
v 0.000161 0.003538 -0.056309
v 0.001125 0.003539 -0.056294
v 0.002062 0.003309 -0.056280
v 0.002916 0.002861 -0.056267
v 0.003638 0.002223 -0.056256
v 0.004186 0.001429 -0.056247
v 0.004529 0.000528 -0.056241
v 0.008631 -0.000425 -0.055180
v 0.008572 -0.000421 -0.051180
v 0.008577 -0.007079 -0.051174
v 0.008578 -0.007647 -0.051191
v 0.008579 -0.008213 -0.051245
v 0.008581 -0.008774 -0.051334
v 0.008640 -0.008004 -0.055370
v 0.008638 -0.007318 -0.055261
v 0.008636 -0.006626 -0.055196
v 0.008635 -0.005932 -0.055175
v -0.006436 -0.007090 -0.050396
v 0.007563 -0.007079 -0.050189
v 0.007557 -0.000421 -0.050195
v 0.007380 0.001137 -0.050199
v 0.006861 0.002616 -0.050208
v 0.006027 0.003942 -0.050222
v 0.004917 0.005050 -0.050239
v 0.003590 0.005882 -0.050260
v 0.002110 0.006399 -0.050282
v 0.000552 0.006573 -0.050305
v -0.001005 0.006396 -0.050328
v -0.002484 0.005877 -0.050349
v -0.003810 0.005042 -0.050368
v -0.004918 0.003933 -0.050383
v -0.005751 0.002605 -0.050394
v -0.006267 0.001125 -0.050401
v -0.006441 -0.000433 -0.050402
v 0.004558 -0.000423 -0.050239
v 0.004441 0.000534 -0.050242
v 0.004098 0.001435 -0.050248
v 0.003550 0.002228 -0.050257
v 0.002827 0.002867 -0.050268
v 0.001973 0.003314 -0.050281
v 0.001037 0.003544 -0.050295
v 0.000073 0.003544 -0.050309
v -0.000863 0.003312 -0.050323
v -0.001717 0.002863 -0.050335
v -0.002438 0.002223 -0.050345
v -0.002985 0.001429 -0.050353
v -0.003326 0.000527 -0.050357
v -0.003442 -0.000430 -0.050358
v -0.003325 -0.001387 -0.050355
v -0.002982 -0.002289 -0.050349
v -0.002434 -0.003082 -0.050340
v -0.001711 -0.003721 -0.050329
v -0.000857 -0.004168 -0.050316
v 0.000079 -0.004398 -0.050302
v 0.001043 -0.004397 -0.050288
v 0.001979 -0.004166 -0.050274
v 0.002833 -0.003717 -0.050262
v 0.003554 -0.003077 -0.050252
v 0.004101 -0.002283 -0.050245
v 0.004442 -0.001381 -0.050240
v 0.004558 -0.000423 -0.050239
v 0.004441 0.000534 -0.050242
v 0.004098 0.001435 -0.050248
v 0.003550 0.002228 -0.050257
v 0.002827 0.002867 -0.050268
v 0.001973 0.003314 -0.050281
v 0.001037 0.003544 -0.050295
v 0.000073 0.003544 -0.050309
v -0.000863 0.003312 -0.050323
v -0.001717 0.002863 -0.050335
v -0.002438 0.002223 -0.050345
v -0.002985 0.001429 -0.050353
v -0.003326 0.000527 -0.050357
v -0.003442 -0.000430 -0.050358
v 0.004646 -0.000429 -0.056239
v -0.003353 -0.000436 -0.056357
v -0.003238 0.000522 -0.056356
v -0.002897 0.001424 -0.056352
v -0.002349 0.002218 -0.056345
v -0.001628 0.002858 -0.056334
v -0.000775 0.003306 -0.056322
v 0.000161 0.003538 -0.056309
v 0.001125 0.003539 -0.056294
v 0.002062 0.003309 -0.056280
v 0.002916 0.002861 -0.056267
v 0.003638 0.002223 -0.056256
v 0.004186 0.001429 -0.056247
v 0.004529 0.000528 -0.056241
v 0.000792 -0.113436 -0.059691
v 0.000969 -0.113447 -0.071690
v -0.000166 -0.113320 -0.059705
v -0.001067 -0.112979 -0.059719
v -0.001861 -0.112432 -0.059731
v -0.002501 -0.111711 -0.059741
v -0.002950 -0.110857 -0.059749
v -0.003182 -0.109921 -0.059753
v -0.003182 -0.108957 -0.059754
v -0.002952 -0.108020 -0.059752
v -0.002505 -0.107166 -0.059746
v -0.001866 -0.106444 -0.059737
v -0.001073 -0.105895 -0.059726
v -0.000172 -0.105553 -0.059713
v 0.000785 -0.105436 -0.059699
v 0.000962 -0.105447 -0.071697
v 0.000005 -0.105564 -0.071711
v -0.000896 -0.105906 -0.071724
v -0.001689 -0.106455 -0.071736
v -0.002328 -0.107177 -0.071744
v -0.002775 -0.108031 -0.071750
v -0.003005 -0.108968 -0.071753
v -0.003004 -0.109932 -0.071752
v -0.002773 -0.110868 -0.071748
v -0.002324 -0.111722 -0.071740
v -0.001684 -0.112443 -0.071730
v -0.000890 -0.112990 -0.071718
v 0.000012 -0.113331 -0.071704
v 0.000792 -0.113436 -0.059691
v -0.000166 -0.113320 -0.059705
v -0.001067 -0.112979 -0.059719
v -0.001861 -0.112432 -0.059731
v -0.002501 -0.111711 -0.059741
v -0.002950 -0.110857 -0.059749
v -0.003182 -0.109921 -0.059753
v -0.003182 -0.108957 -0.059754
v -0.002952 -0.108020 -0.059752
v -0.002505 -0.107166 -0.059746
v -0.001866 -0.106444 -0.059737
v -0.001073 -0.105895 -0.059726
v -0.000172 -0.105553 -0.059713
v 0.000785 -0.105436 -0.059699
v 0.001742 -0.105551 -0.059685
v 0.002644 -0.105892 -0.059671
v 0.003438 -0.106439 -0.059659
v 0.004078 -0.107161 -0.059649
v 0.004527 -0.108014 -0.059641
v 0.004758 -0.108950 -0.059637
v 0.004759 -0.109914 -0.059636
v 0.004529 -0.110851 -0.059638
v 0.004082 -0.111705 -0.059644
v 0.003443 -0.112427 -0.059653
v 0.002650 -0.112976 -0.059664
v 0.001749 -0.113318 -0.059677
v -0.006436 -0.007090 -0.050396
v 0.007563 -0.007079 -0.050189
v -0.006435 -0.007722 -0.050415
v -0.006434 -0.008350 -0.050474
v -0.006432 -0.008974 -0.050573
v -0.006429 -0.009590 -0.050710
v -0.006426 -0.010196 -0.050887
v -0.006422 -0.010790 -0.051101
v 0.007576 -0.010778 -0.050895
v 0.007573 -0.010184 -0.050680
v 0.007570 -0.009578 -0.050504
v 0.007567 -0.008962 -0.050366
v 0.007565 -0.008338 -0.050267
v 0.007564 -0.007710 -0.050208
v 0.007924 -0.063050 -0.071455
v 0.007921 -0.062434 -0.071317
v 0.007918 -0.061828 -0.071141
v 0.007914 -0.061234 -0.070926
v 0.007928 -0.064934 -0.071632
v 0.007927 -0.064303 -0.071613
v 0.007926 -0.063674 -0.071554
v -0.006071 -0.064945 -0.071839
v -0.006075 -0.063062 -0.071662
v -0.006073 -0.063686 -0.071760
v -0.006071 -0.064314 -0.071819
v -0.006084 -0.061246 -0.071133
v -0.006080 -0.061840 -0.071347
v -0.006077 -0.062446 -0.071524
v -0.006335 -0.009645 -0.057102
v 0.007664 -0.009633 -0.056895
v 0.007655 -0.007817 -0.056366
v 0.007657 -0.008433 -0.056504
v 0.007660 -0.009039 -0.056681
v 0.007650 -0.005934 -0.056189
v 0.007651 -0.006565 -0.056209
v 0.007653 -0.007193 -0.056268
v -0.006348 -0.005945 -0.056396
v -0.006344 -0.007829 -0.056573
v -0.006346 -0.007205 -0.056474
v -0.006347 -0.006577 -0.056415
v -0.006338 -0.009051 -0.056887
v -0.006341 -0.008445 -0.056711
v -0.005983 -0.063800 -0.077839
v -0.005984 -0.063169 -0.077820
v -0.005985 -0.062541 -0.077761
v -0.005987 -0.061917 -0.077662
v -0.005990 -0.061301 -0.077524
v -0.005993 -0.060695 -0.077348
v -0.005996 -0.060101 -0.077133
v 0.008002 -0.060089 -0.076927
v 0.008006 -0.060683 -0.077141
v 0.008009 -0.061289 -0.077318
v 0.008011 -0.061905 -0.077455
v 0.008013 -0.062529 -0.077554
v 0.008015 -0.063158 -0.077613
v 0.008015 -0.063789 -0.077633
v 0.000566 0.007572 -0.051306
v 0.000625 0.007569 -0.055305
v 0.002346 0.007373 -0.051279
v 0.004037 0.006783 -0.051254
v 0.005555 0.005831 -0.051231
v 0.006823 0.004565 -0.051211
v 0.007777 0.003049 -0.051195
v 0.008370 0.001359 -0.051185
v 0.008572 -0.000421 -0.051180
v 0.008631 -0.000425 -0.055180
v 0.008429 0.001355 -0.055185
v 0.007836 0.003046 -0.055195
v 0.006882 0.004562 -0.055210
v 0.005614 0.005827 -0.055230
v 0.004097 0.006779 -0.055254
v 0.002405 0.007369 -0.055279
v -0.007426 -0.000434 -0.051416
v -0.007367 -0.000438 -0.055416
v -0.007227 0.001346 -0.051415
v -0.006637 0.003037 -0.051408
v -0.005685 0.004555 -0.051395
v -0.004420 0.005823 -0.051378
v -0.002904 0.006777 -0.051356
v -0.001214 0.007370 -0.051332
v 0.000566 0.007572 -0.051306
v 0.000625 0.007569 -0.055305
v -0.001155 0.007366 -0.055332
v -0.002845 0.006773 -0.055356
v -0.004361 0.005819 -0.055377
v -0.005626 0.004551 -0.055395
v -0.006578 0.003034 -0.055408
v -0.007168 0.001342 -0.055415
v 0.008979 -0.109441 -0.072576
v 0.009038 -0.109445 -0.076575
v 0.008780 -0.111221 -0.072577
v 0.008190 -0.112913 -0.072584
v 0.007238 -0.114430 -0.072597
v 0.005973 -0.115698 -0.072614
v 0.004457 -0.116652 -0.072636
v 0.002767 -0.117246 -0.072660
v 0.000987 -0.117448 -0.072686
v 0.001046 -0.117451 -0.076686
v 0.002826 -0.117249 -0.076660
v 0.004516 -0.116656 -0.076635
v 0.006032 -0.115702 -0.076614
v 0.007297 -0.114434 -0.076596
v 0.008249 -0.112916 -0.076584
v 0.008839 -0.111225 -0.076576
v 0.001046 -0.117451 -0.076686
v 0.000987 -0.117448 -0.072686
v -0.000793 -0.117249 -0.072713
v -0.002485 -0.116658 -0.072738
v -0.004002 -0.115706 -0.072761
v -0.005270 -0.114441 -0.072781
v -0.006224 -0.112925 -0.072797
v -0.006817 -0.111234 -0.072807
v -0.007019 -0.109454 -0.072812
v -0.006960 -0.109458 -0.076811
v -0.006758 -0.111238 -0.076807
v -0.006165 -0.112928 -0.076796
v -0.005211 -0.114445 -0.076781
v -0.003943 -0.115710 -0.076761
v -0.002425 -0.116662 -0.076738
v -0.000734 -0.117252 -0.076712
v -0.006071 -0.064945 -0.071839
v -0.006034 -0.109453 -0.071797
v -0.007019 -0.109454 -0.072812
v -0.007056 -0.064947 -0.072853
v -0.006034 -0.109453 -0.071797
v -0.007019 -0.109454 -0.072812
v 0.000987 -0.117448 -0.072686
v -0.000793 -0.117249 -0.072713
v -0.002485 -0.116658 -0.072738
v -0.004002 -0.115706 -0.072761
v -0.005270 -0.114441 -0.072781
v -0.006224 -0.112925 -0.072797
v -0.006817 -0.111234 -0.072807
v 0.000971 -0.116447 -0.071687
v -0.005857 -0.111010 -0.071793
v -0.005338 -0.112489 -0.071784
v -0.004503 -0.113816 -0.071770
v -0.003394 -0.114923 -0.071753
v -0.002066 -0.115756 -0.071733
v -0.000586 -0.116272 -0.071710
v -0.007056 -0.064947 -0.072853
v -0.007057 -0.064253 -0.072832
v -0.007058 -0.063561 -0.072767
v -0.007060 -0.062875 -0.072659
v -0.006075 -0.063062 -0.071662
v -0.006073 -0.063686 -0.071760
v -0.006071 -0.064314 -0.071819
v -0.006071 -0.064945 -0.071839
v 0.000971 -0.116447 -0.071687
v 0.000987 -0.117448 -0.072686
v 0.008979 -0.109441 -0.072576
v 0.008780 -0.111221 -0.072577
v 0.008190 -0.112913 -0.072584
v 0.007238 -0.114430 -0.072597
v 0.005973 -0.115698 -0.072614
v 0.004457 -0.116652 -0.072636
v 0.002767 -0.117246 -0.072660
v 0.007965 -0.109441 -0.071590
v 0.002529 -0.116270 -0.071664
v 0.004008 -0.115751 -0.071643
v 0.005334 -0.114916 -0.071624
v 0.006441 -0.113806 -0.071609
v 0.007274 -0.112479 -0.071598
v 0.007791 -0.110999 -0.071592
v -0.007060 -0.062875 -0.072659
v -0.007063 -0.062198 -0.072507
v -0.007067 -0.061531 -0.072313
v -0.007071 -0.060877 -0.072077
v -0.006084 -0.061246 -0.071133
v -0.006080 -0.061840 -0.071347
v -0.006077 -0.062446 -0.071524
v -0.006075 -0.063062 -0.071662
v 0.007965 -0.109441 -0.071590
v 0.007928 -0.064934 -0.071632
v 0.008942 -0.064934 -0.072617
v 0.008979 -0.109441 -0.072576
v -0.007071 -0.060877 -0.072077
v -0.007409 -0.010422 -0.052045
v -0.006422 -0.010790 -0.051101
v -0.006084 -0.061246 -0.071133
v 0.007928 -0.064934 -0.071632
v 0.007927 -0.064303 -0.071613
v 0.007926 -0.063674 -0.071554
v 0.007924 -0.063050 -0.071455
v 0.008938 -0.062862 -0.072423
v 0.008940 -0.063548 -0.072531
v 0.008942 -0.064239 -0.072596
v 0.008942 -0.064934 -0.072617
v -0.007409 -0.010422 -0.052045
v -0.006422 -0.010790 -0.051101
v -0.006432 -0.008974 -0.050573
v -0.006429 -0.009590 -0.050710
v -0.006426 -0.010196 -0.050887
v -0.007417 -0.008787 -0.051570
v -0.007412 -0.009887 -0.051852
v -0.007415 -0.009342 -0.051694
v 0.007924 -0.063050 -0.071455
v 0.007921 -0.062434 -0.071317
v 0.007918 -0.061828 -0.071141
v 0.007914 -0.061234 -0.070926
v 0.008928 -0.060864 -0.071841
v 0.008932 -0.061517 -0.072077
v 0.008935 -0.062184 -0.072271
v 0.008938 -0.062862 -0.072423
v -0.007417 -0.008787 -0.051570
v -0.006432 -0.008974 -0.050573
v -0.006436 -0.007090 -0.050396
v -0.006435 -0.007722 -0.050415
v -0.006434 -0.008350 -0.050474
v -0.007421 -0.007092 -0.051410
v -0.007419 -0.008226 -0.051481
v -0.007420 -0.007660 -0.051428
v 0.007914 -0.061234 -0.070926
v 0.007576 -0.010778 -0.050895
v 0.008590 -0.010408 -0.051809
v 0.008928 -0.060864 -0.071841
v -0.007421 -0.007092 -0.051410
v -0.007426 -0.000434 -0.051416
v -0.006441 -0.000433 -0.050402
v -0.006436 -0.007090 -0.050396
v 0.007576 -0.010778 -0.050895
v 0.008590 -0.010408 -0.051809
v 0.008581 -0.008774 -0.051334
v 0.008583 -0.009328 -0.051458
v 0.008586 -0.009874 -0.051616
v 0.007567 -0.008962 -0.050366
v 0.007573 -0.010184 -0.050680
v 0.007570 -0.009578 -0.050504
v -0.007426 -0.000434 -0.051416
v -0.006441 -0.000433 -0.050402
v 0.000552 0.006573 -0.050305
v -0.001005 0.006396 -0.050328
v -0.002484 0.005877 -0.050349
v -0.003810 0.005042 -0.050368
v -0.004918 0.003933 -0.050383
v -0.005751 0.002605 -0.050394
v -0.006267 0.001125 -0.050401
v 0.000566 0.007572 -0.051306
v -0.007227 0.001346 -0.051415
v -0.006637 0.003037 -0.051408
v -0.005685 0.004555 -0.051395
v -0.004420 0.005823 -0.051378
v -0.002904 0.006777 -0.051356
v -0.001214 0.007370 -0.051332
v 0.007567 -0.008962 -0.050366
v 0.008581 -0.008774 -0.051334
v 0.008577 -0.007079 -0.051174
v 0.008578 -0.007647 -0.051191
v 0.008579 -0.008213 -0.051245
v 0.007563 -0.007079 -0.050189
v 0.007565 -0.008338 -0.050267
v 0.007564 -0.007710 -0.050208
v 0.000566 0.007572 -0.051306
v 0.000552 0.006573 -0.050305
v 0.007557 -0.000421 -0.050195
v 0.007380 0.001137 -0.050199
v 0.006861 0.002616 -0.050208
v 0.006027 0.003942 -0.050222
v 0.004917 0.005050 -0.050239
v 0.003590 0.005882 -0.050260
v 0.002110 0.006399 -0.050282
v 0.008572 -0.000421 -0.051180
v 0.002346 0.007373 -0.051279
v 0.004037 0.006783 -0.051254
v 0.005555 0.005831 -0.051231
v 0.006823 0.004565 -0.051211
v 0.007777 0.003049 -0.051195
v 0.008370 0.001359 -0.051185
v 0.007563 -0.007079 -0.050189
v 0.007557 -0.000421 -0.050195
v 0.008572 -0.000421 -0.051180
v 0.008577 -0.007079 -0.051174
v 0.008015 -0.063789 -0.077633
v 0.008053 -0.109446 -0.077590
v 0.009038 -0.109445 -0.076575
v 0.009001 -0.063787 -0.076618
v 0.008053 -0.109446 -0.077590
v 0.009038 -0.109445 -0.076575
v 0.001046 -0.117451 -0.076686
v 0.002826 -0.117249 -0.076660
v 0.004516 -0.116656 -0.076635
v 0.006032 -0.115702 -0.076614
v 0.007297 -0.114434 -0.076596
v 0.008249 -0.112916 -0.076584
v 0.008839 -0.111225 -0.076576
v 0.001060 -0.116452 -0.077686
v 0.007879 -0.111004 -0.077591
v 0.007363 -0.112484 -0.077597
v 0.006530 -0.113812 -0.077608
v 0.005422 -0.114921 -0.077623
v 0.004096 -0.115756 -0.077642
v 0.002617 -0.116275 -0.077664
v 0.009001 -0.063787 -0.076618
v 0.008015 -0.063789 -0.077633
v 0.008011 -0.061905 -0.077455
v 0.008013 -0.062529 -0.077554
v 0.008015 -0.063158 -0.077613
v 0.008997 -0.062092 -0.076459
v 0.009000 -0.063219 -0.076601
v 0.008999 -0.062653 -0.076547
v 0.001060 -0.116452 -0.077686
v 0.001046 -0.117451 -0.076686
v -0.006960 -0.109458 -0.076811
v -0.006758 -0.111238 -0.076807
v -0.006165 -0.112928 -0.076796
v -0.005211 -0.114445 -0.076781
v -0.003943 -0.115710 -0.076761
v -0.002425 -0.116662 -0.076738
v -0.000734 -0.117252 -0.076712
v -0.005945 -0.109458 -0.077796
v -0.000498 -0.116278 -0.077710
v -0.001978 -0.115762 -0.077732
v -0.003305 -0.114929 -0.077752
v -0.004415 -0.113821 -0.077770
v -0.005249 -0.112495 -0.077783
v -0.005768 -0.111016 -0.077792
v 0.008997 -0.062092 -0.076459
v 0.008011 -0.061905 -0.077455
v 0.008002 -0.060089 -0.076927
v 0.008006 -0.060683 -0.077141
v 0.008009 -0.061289 -0.077318
v 0.008988 -0.060457 -0.075983
v 0.008995 -0.061537 -0.076335
v 0.008992 -0.060992 -0.076176
v -0.005945 -0.109458 -0.077796
v -0.005983 -0.063800 -0.077839
v -0.006998 -0.063800 -0.076854
v -0.006960 -0.109458 -0.076811
v 0.008988 -0.060457 -0.075983
v 0.008650 -0.010002 -0.055951
v 0.007664 -0.009633 -0.056895
v 0.008002 -0.060089 -0.076927
v -0.005983 -0.063800 -0.077839
v -0.006998 -0.063800 -0.076854
v -0.007001 -0.062105 -0.076695
v -0.007000 -0.062667 -0.076783
v -0.006998 -0.063232 -0.076837
v -0.005987 -0.061917 -0.077662
v -0.005984 -0.063169 -0.077820
v -0.005985 -0.062541 -0.077761
v 0.008650 -0.010002 -0.055951
v 0.008646 -0.009348 -0.055715
v 0.008643 -0.008681 -0.055521
v 0.008640 -0.008004 -0.055370
v 0.007655 -0.007817 -0.056366
v 0.007657 -0.008433 -0.056504
v 0.007660 -0.009039 -0.056681
v 0.007664 -0.009633 -0.056895
v -0.005987 -0.061917 -0.077662
v -0.007001 -0.062105 -0.076695
v -0.007010 -0.060471 -0.076219
v -0.007007 -0.061005 -0.076412
v -0.007004 -0.061551 -0.076571
v -0.005996 -0.060101 -0.077133
v -0.005990 -0.061301 -0.077524
v -0.005993 -0.060695 -0.077348
v 0.008640 -0.008004 -0.055370
v 0.008638 -0.007318 -0.055261
v 0.008636 -0.006626 -0.055196
v 0.008635 -0.005932 -0.055175
v 0.007650 -0.005934 -0.056189
v 0.007651 -0.006565 -0.056209
v 0.007653 -0.007193 -0.056268
v 0.007655 -0.007817 -0.056366
v -0.005996 -0.060101 -0.077133
v -0.006335 -0.009645 -0.057102
v -0.007348 -0.010015 -0.056187
v -0.007010 -0.060471 -0.076219
v 0.008635 -0.005932 -0.055175
v 0.008631 -0.000425 -0.055180
v 0.007646 -0.000427 -0.056195
v 0.007650 -0.005934 -0.056189
v -0.006335 -0.009645 -0.057102
v -0.006338 -0.009051 -0.056887
v -0.006341 -0.008445 -0.056711
v -0.006344 -0.007829 -0.056573
v -0.007358 -0.008017 -0.055606
v -0.007355 -0.008695 -0.055757
v -0.007352 -0.009362 -0.055951
v -0.007348 -0.010015 -0.056187
v 0.008631 -0.000425 -0.055180
v 0.007646 -0.000427 -0.056195
v 0.000641 0.006568 -0.056304
v 0.002198 0.006393 -0.056281
v 0.003678 0.005877 -0.056259
v 0.005006 0.005044 -0.056239
v 0.006115 0.003937 -0.056221
v 0.006950 0.002610 -0.056208
v 0.007469 0.001131 -0.056199
v 0.000625 0.007569 -0.055305
v 0.008429 0.001355 -0.055185
v 0.007836 0.003046 -0.055195
v 0.006882 0.004562 -0.055210
v 0.005614 0.005827 -0.055230
v 0.004097 0.006779 -0.055254
v 0.002405 0.007369 -0.055279
v -0.006344 -0.007829 -0.056573
v -0.006346 -0.007205 -0.056474
v -0.006347 -0.006577 -0.056415
v -0.006348 -0.005945 -0.056396
v -0.007363 -0.005945 -0.055411
v -0.007362 -0.006640 -0.055432
v -0.007360 -0.007331 -0.055497
v -0.007358 -0.008017 -0.055606
v 0.000625 0.007569 -0.055305
v 0.000641 0.006568 -0.056304
v -0.006353 -0.000438 -0.056401
v -0.006179 0.001120 -0.056400
v -0.005662 0.002600 -0.056394
v -0.004829 0.003927 -0.056383
v -0.003722 0.005037 -0.056367
v -0.002396 0.005872 -0.056349
v -0.000917 0.006391 -0.056327
v -0.007367 -0.000438 -0.055416
v -0.001155 0.007366 -0.055332
v -0.002845 0.006773 -0.055356
v -0.004361 0.005819 -0.055377
v -0.005626 0.004551 -0.055395
v -0.006578 0.003034 -0.055408
v -0.007168 0.001342 -0.055415
v -0.006348 -0.005945 -0.056396
v -0.006353 -0.000438 -0.056401
v -0.007367 -0.000438 -0.055416
v -0.007363 -0.005945 -0.055411
v 0.065326 -0.073625 0.000620
v 0.066625 -0.072323 0.000638
v 0.061125 -0.072328 0.000557
v 0.061195 -0.072327 0.001216
v 0.061421 -0.072327 0.001839
v 0.061790 -0.072326 0.002390
v 0.062279 -0.072325 0.002837
v 0.062862 -0.072324 0.003154
v 0.063503 -0.072324 0.003322
v 0.064166 -0.072323 0.003332
v 0.064812 -0.072323 0.003183
v 0.065403 -0.072322 0.002883
v 0.065906 -0.072322 0.002451
v 0.066291 -0.072322 0.001911
v 0.066535 -0.072323 0.001295
v 0.062426 -0.073627 0.000577
v 0.062463 -0.073627 0.000925
v 0.062582 -0.073626 0.001253
v 0.062777 -0.073626 0.001544
v 0.063035 -0.073625 0.001780
v 0.063342 -0.073625 0.001947
v 0.063680 -0.073625 0.002035
v 0.064029 -0.073624 0.002040
v 0.064370 -0.073624 0.001962
v 0.064682 -0.073624 0.001804
v 0.064947 -0.073624 0.001576
v 0.065150 -0.073624 0.001291
v 0.065278 -0.073624 0.000966
v 0.061970 -0.072976 0.001481
v 0.062542 -0.072975 0.002220
v 0.063378 -0.072974 0.002638
v 0.064312 -0.072973 0.002652
v 0.065160 -0.072973 0.002259
v 0.065754 -0.072973 0.001537
v 0.065326 -0.074325 0.000621
v 0.065326 -0.073625 0.000620
v 0.062426 -0.073627 0.000577
v 0.062463 -0.073627 0.000925
v 0.062582 -0.073626 0.001253
v 0.062777 -0.073626 0.001544
v 0.063035 -0.073625 0.001780
v 0.063342 -0.073625 0.001947
v 0.063680 -0.073625 0.002035
v 0.064029 -0.073624 0.002040
v 0.064370 -0.073624 0.001962
v 0.064682 -0.073624 0.001804
v 0.064947 -0.073624 0.001576
v 0.065150 -0.073624 0.001291
v 0.065278 -0.073624 0.000966
v 0.062427 -0.074327 0.000578
v 0.065279 -0.074324 0.000967
v 0.065150 -0.074324 0.001292
v 0.064947 -0.074324 0.001577
v 0.064682 -0.074324 0.001805
v 0.064371 -0.074324 0.001963
v 0.064030 -0.074324 0.002041
v 0.063680 -0.074325 0.002036
v 0.063342 -0.074325 0.001947
v 0.063035 -0.074325 0.001780
v 0.062777 -0.074326 0.001545
v 0.062583 -0.074326 0.001254
v 0.062464 -0.074327 0.000925
v -0.029846 -0.073757 -0.056216
v -0.028547 -0.072456 -0.056198
v -0.034046 -0.072460 -0.056279
v -0.033976 -0.072460 -0.055620
v -0.033750 -0.072459 -0.054997
v -0.033382 -0.072458 -0.054446
v -0.032892 -0.072457 -0.053999
v -0.032310 -0.072456 -0.053682
v -0.031668 -0.072456 -0.053514
v -0.031006 -0.072455 -0.053504
v -0.030360 -0.072455 -0.053653
v -0.029768 -0.072455 -0.053953
v -0.029265 -0.072455 -0.054385
v -0.028881 -0.072455 -0.054925
v -0.028637 -0.072455 -0.055541
v -0.032745 -0.073759 -0.056259
v -0.032709 -0.073759 -0.055911
v -0.032589 -0.073758 -0.055583
v -0.032395 -0.073758 -0.055292
v -0.032137 -0.073758 -0.055057
v -0.031830 -0.073757 -0.054890
v -0.031492 -0.073757 -0.054801
v -0.031142 -0.073757 -0.054796
v -0.030802 -0.073756 -0.054874
v -0.030490 -0.073756 -0.055032
v -0.030225 -0.073756 -0.055260
v -0.030022 -0.073756 -0.055545
v -0.029893 -0.073756 -0.055870
v -0.033202 -0.073109 -0.055355
v -0.032630 -0.073108 -0.054616
v -0.031794 -0.073106 -0.054198
v -0.030859 -0.073106 -0.054184
v -0.030011 -0.073105 -0.054577
v -0.029418 -0.073106 -0.055299
v -0.029845 -0.074457 -0.056216
v -0.029846 -0.073757 -0.056216
v -0.032745 -0.073759 -0.056259
v -0.032709 -0.073759 -0.055911
v -0.032589 -0.073758 -0.055583
v -0.032395 -0.073758 -0.055292
v -0.032137 -0.073758 -0.055057
v -0.031830 -0.073757 -0.054890
v -0.031492 -0.073757 -0.054801
v -0.031142 -0.073757 -0.054796
v -0.030802 -0.073756 -0.054874
v -0.030490 -0.073756 -0.055032
v -0.030225 -0.073756 -0.055260
v -0.030022 -0.073756 -0.055545
v -0.029893 -0.073756 -0.055870
v -0.032745 -0.074459 -0.056258
v -0.029893 -0.074456 -0.055869
v -0.030021 -0.074456 -0.055544
v -0.030224 -0.074456 -0.055259
v -0.030489 -0.074456 -0.055032
v -0.030801 -0.074456 -0.054874
v -0.031142 -0.074456 -0.054795
v -0.031491 -0.074457 -0.054800
v -0.031829 -0.074457 -0.054889
v -0.032136 -0.074458 -0.055056
v -0.032394 -0.074458 -0.055291
v -0.032589 -0.074458 -0.055582
v -0.032708 -0.074459 -0.055911
v -0.031482 -0.073654 0.054623
v -0.030183 -0.072353 0.054641
v -0.035682 -0.072357 0.054560
v -0.035612 -0.072357 0.055219
v -0.035386 -0.072356 0.055842
v -0.035018 -0.072355 0.056393
v -0.034528 -0.072354 0.056840
v -0.033946 -0.072354 0.057157
v -0.033304 -0.072353 0.057325
v -0.032641 -0.072352 0.057335
v -0.031996 -0.072352 0.057186
v -0.031404 -0.072352 0.056886
v -0.030901 -0.072352 0.056454
v -0.030517 -0.072352 0.055914
v -0.030273 -0.072352 0.055298
v -0.034381 -0.073656 0.054580
v -0.034344 -0.073656 0.054928
v -0.034225 -0.073656 0.055256
v -0.034031 -0.073655 0.055547
v -0.033773 -0.073655 0.055783
v -0.033466 -0.073654 0.055950
v -0.033128 -0.073654 0.056038
v -0.032778 -0.073654 0.056043
v -0.032437 -0.073653 0.055965
v -0.032126 -0.073653 0.055807
v -0.031860 -0.073653 0.055579
v -0.031658 -0.073653 0.055294
v -0.031529 -0.073654 0.054969
v -0.034837 -0.073006 0.055484
v -0.034266 -0.073005 0.056223
v -0.033430 -0.073004 0.056641
v -0.032495 -0.073003 0.056655
v -0.031647 -0.073002 0.056262
v -0.031054 -0.073003 0.055540
v -0.031481 -0.074354 0.054624
v -0.031482 -0.073654 0.054623
v -0.034381 -0.073656 0.054580
v -0.034344 -0.073656 0.054928
v -0.034225 -0.073656 0.055256
v -0.034031 -0.073655 0.055547
v -0.033773 -0.073655 0.055783
v -0.033466 -0.073654 0.055950
v -0.033128 -0.073654 0.056038
v -0.032778 -0.073654 0.056043
v -0.032437 -0.073653 0.055965
v -0.032126 -0.073653 0.055807
v -0.031860 -0.073653 0.055579
v -0.031658 -0.073653 0.055294
v -0.031529 -0.073654 0.054969
v -0.034381 -0.074356 0.054581
v -0.031528 -0.074354 0.054970
v -0.031657 -0.074353 0.055295
v -0.031860 -0.074353 0.055580
v -0.032125 -0.074353 0.055808
v -0.032437 -0.074353 0.055965
v -0.032777 -0.074354 0.056044
v -0.033127 -0.074354 0.056039
v -0.033465 -0.074354 0.055950
v -0.033772 -0.074355 0.055783
v -0.034030 -0.074355 0.055548
v -0.034225 -0.074356 0.055257
v -0.034344 -0.074356 0.054928
v -0.071577 -0.112440 -0.001365
v -0.071196 -0.112445 -0.007761
v -0.070243 -0.112451 -0.014098
v -0.068726 -0.112455 -0.020324
v -0.071610 -0.072440 -0.001402
v -0.071043 -0.072447 -0.009400
v -0.069583 -0.072453 -0.017284
v -0.067250 -0.072458 -0.024955
v -0.064073 -0.072463 -0.032317
v -0.060091 -0.072466 -0.039277
v -0.055355 -0.072468 -0.045747
v -0.049925 -0.072469 -0.051646
v -0.043868 -0.072469 -0.056900
v -0.037261 -0.072468 -0.061442
v -0.030187 -0.072465 -0.065217
v -0.022735 -0.072462 -0.068176
v -0.014998 -0.072458 -0.070281
v -0.007074 -0.072452 -0.071508
v 0.000937 -0.072446 -0.071839
v 0.008935 -0.072439 -0.071272
v 0.016819 -0.072431 -0.069812
v 0.024490 -0.072422 -0.067479
v 0.031852 -0.072413 -0.064301
v 0.038811 -0.072404 -0.060320
v 0.045281 -0.072394 -0.055584
v 0.051181 -0.072384 -0.050154
v 0.056435 -0.072374 -0.044097
v 0.060977 -0.072364 -0.037490
v 0.064752 -0.072354 -0.030416
v 0.067711 -0.072345 -0.022964
v 0.069816 -0.072336 -0.015227
v 0.071043 -0.072327 -0.007303
v 0.071374 -0.072319 0.000708
v 0.071424 -0.132319 0.000765
v 0.004985 -0.132442 -0.071612
v 0.012657 -0.132435 -0.070649
v 0.020181 -0.132427 -0.068863
v 0.027467 -0.132419 -0.066276
v 0.034432 -0.132410 -0.062916
v 0.040993 -0.132401 -0.058824
v 0.047074 -0.132391 -0.054048
v 0.052604 -0.132381 -0.048642
v 0.057517 -0.132372 -0.042671
v 0.061757 -0.132362 -0.036205
v 0.065274 -0.132353 -0.029318
v 0.068027 -0.132344 -0.022092
v 0.069983 -0.132335 -0.014611
v 0.071120 -0.132327 -0.006962
v 0.004966 -0.109442 -0.071633
v 0.004848 -0.108483 -0.071642
v 0.004504 -0.107579 -0.071666
v 0.003952 -0.106784 -0.071700
v 0.003229 -0.106147 -0.071738
v 0.002371 -0.105700 -0.071773
v 0.001430 -0.105473 -0.071800
v 0.000464 -0.105478 -0.071814
v -0.000472 -0.105714 -0.071815
v -0.001327 -0.106169 -0.071805
v -0.002047 -0.106816 -0.071788
v -0.002590 -0.107615 -0.071770
v -0.002921 -0.108503 -0.071757
v -0.003034 -0.109449 -0.071751
v -0.003015 -0.132449 -0.071730
v -0.068710 -0.132455 -0.020306
v -0.066008 -0.132460 -0.027935
v -0.062461 -0.132464 -0.035210
v -0.058115 -0.132467 -0.042038
v -0.053025 -0.132469 -0.048331
v -0.047256 -0.132469 -0.054008
v -0.040883 -0.132469 -0.058997
v -0.033986 -0.132467 -0.063234
v -0.026655 -0.132464 -0.066664
v -0.018984 -0.132460 -0.069243
v -0.011070 -0.132455 -0.070939
v -0.005062 -0.132320 0.067024
v -0.005082 -0.109320 0.067003
v -0.004966 -0.108361 0.067010
v -0.004623 -0.107456 0.067034
v -0.004073 -0.106661 0.067068
v -0.003351 -0.106022 0.067106
v -0.002494 -0.105574 0.067141
v -0.001553 -0.105345 0.067168
v -0.000587 -0.105348 0.067182
v 0.000349 -0.105582 0.067183
v 0.001205 -0.106036 0.067172
v 0.001926 -0.106681 0.067155
v 0.002470 -0.107479 0.067138
v 0.002803 -0.108367 0.067125
v 0.002918 -0.109314 0.067121
v 0.002937 -0.132314 0.067142
v 0.067424 -0.132323 0.000705
v 0.066853 -0.132316 0.008528
v 0.065378 -0.132310 0.016232
v 0.063019 -0.132305 0.023713
v 0.059809 -0.132301 0.030870
v 0.055790 -0.132298 0.037605
v 0.051016 -0.132296 0.043830
v 0.045553 -0.132295 0.049458
v 0.039474 -0.132295 0.054414
v 0.032861 -0.132297 0.058632
v 0.025803 -0.132300 0.062055
v 0.018396 -0.132303 0.064635
v 0.010739 -0.132308 0.066339
v 0.067377 -0.075323 0.000652
v 0.067234 -0.075320 0.004150
v 0.067302 -0.075321 0.002985
v 0.067350 -0.075322 0.001819
v 0.067232 -0.072320 0.004147
v 0.066246 -0.072313 0.011985
v 0.064351 -0.072307 0.019654
v 0.061572 -0.072303 0.027049
v 0.057949 -0.072299 0.034068
v 0.053531 -0.072297 0.040617
v 0.048378 -0.072295 0.046604
v 0.042560 -0.072295 0.051948
v 0.036158 -0.072296 0.056576
v 0.029260 -0.072298 0.060425
v 0.021959 -0.072301 0.063441
v 0.014355 -0.072306 0.065583
v 0.006553 -0.072311 0.066822
v -0.001340 -0.072317 0.067142
v -0.009216 -0.072324 0.066537
v -0.016968 -0.072332 0.065016
v -0.024489 -0.072341 0.062600
v -0.031676 -0.072350 0.059322
v -0.031673 -0.075350 0.059325
v -0.037683 -0.075358 0.055736
v -0.035722 -0.075355 0.057001
v -0.033718 -0.075352 0.058198
v -0.037686 -0.072358 0.055733
v -0.043645 -0.072367 0.051244
v -0.049073 -0.072376 0.046125
v -0.053903 -0.072386 0.040438
v -0.058076 -0.072395 0.034253
v -0.061541 -0.072404 0.027645
v -0.064255 -0.072413 0.020695
v -0.066185 -0.072421 0.013488
v -0.067309 -0.072429 0.006112
v -0.067611 -0.072436 -0.001343
v -0.067561 -0.132436 -0.001287
v -0.012838 -0.132328 0.065991
v -0.020441 -0.132336 0.064062
v -0.027768 -0.132345 0.061264
v -0.034722 -0.132354 0.057635
v -0.041208 -0.132363 0.053224
v -0.047138 -0.132373 0.048090
v -0.052433 -0.132383 0.042303
v -0.057021 -0.132393 0.035941
v -0.060839 -0.132402 0.029089
v -0.063837 -0.132412 0.021841
v -0.065974 -0.132420 0.014294
v -0.067221 -0.132429 0.006550
v -0.071297 -0.112457 -0.020362
v -0.071280 -0.132457 -0.020344
v -0.071496 -0.112445 -0.006864
v -0.071480 -0.132445 -0.006845
v -0.071480 -0.132445 -0.006845
v -0.072096 -0.132445 -0.006932
v -0.072673 -0.132446 -0.007168
v -0.073172 -0.132447 -0.007540
v -0.073565 -0.132448 -0.008024
v -0.073826 -0.132448 -0.008589
v -0.073939 -0.132449 -0.009202
v -0.073896 -0.132450 -0.009823
v -0.073702 -0.132450 -0.010415
v -0.073367 -0.132450 -0.010940
v -0.072913 -0.132450 -0.011367
v -0.071280 -0.132457 -0.020344
v -0.068710 -0.132455 -0.020306
v -0.066008 -0.132460 -0.027935
v -0.062461 -0.132464 -0.035210
v -0.058115 -0.132467 -0.042038
v -0.053025 -0.132469 -0.048331
v -0.047256 -0.132469 -0.054008
v -0.040883 -0.132469 -0.058997
v -0.033986 -0.132467 -0.063234
v -0.026655 -0.132464 -0.066664
v -0.018984 -0.132460 -0.069243
v -0.011070 -0.132455 -0.070939
v -0.003015 -0.132449 -0.071730
v -0.003074 -0.132445 -0.067724
v -0.067561 -0.132436 -0.001287
v -0.066990 -0.132443 -0.009110
v -0.065515 -0.132449 -0.016813
v -0.063156 -0.132454 -0.024294
v -0.059946 -0.132458 -0.031451
v -0.055927 -0.132461 -0.038187
v -0.051153 -0.132463 -0.044411
v -0.045690 -0.132464 -0.050039
v -0.039611 -0.132464 -0.054996
v -0.032998 -0.132462 -0.059214
v -0.025940 -0.132460 -0.062636
v -0.018533 -0.132456 -0.065216
v -0.010876 -0.132451 -0.066920
v -0.005062 -0.132320 0.067024
v -0.012838 -0.132328 0.065991
v -0.020441 -0.132336 0.064062
v -0.027768 -0.132345 0.061264
v -0.034722 -0.132354 0.057635
v -0.041208 -0.132363 0.053224
v -0.047138 -0.132373 0.048090
v -0.052433 -0.132383 0.042303
v -0.057021 -0.132393 0.035941
v -0.060839 -0.132402 0.029089
v -0.063837 -0.132412 0.021841
v -0.065974 -0.132420 0.014294
v -0.067221 -0.132429 0.006550
v -0.005122 -0.132317 0.071031
v -0.013150 -0.132324 0.070003
v -0.021010 -0.132333 0.068074
v -0.028603 -0.132342 0.065269
v -0.035829 -0.132351 0.061624
v -0.042598 -0.132361 0.057186
v -0.048821 -0.132371 0.052011
v -0.054419 -0.132381 0.046166
v -0.059322 -0.132391 0.039726
v -0.063465 -0.132401 0.032773
v -0.066795 -0.132411 0.025396
v -0.069271 -0.132420 0.017690
v -0.071841 -0.132422 0.017652
v -0.071642 -0.132435 0.004154
v -0.073208 -0.132432 0.008631
v -0.073650 -0.132432 0.008192
v -0.073969 -0.132433 0.007657
v -0.074146 -0.132434 0.007059
v -0.074169 -0.132435 0.006437
v -0.074039 -0.132435 0.005828
v -0.073761 -0.132435 0.005270
v -0.073355 -0.132435 0.004798
v -0.072844 -0.132435 0.004442
v -0.072261 -0.132435 0.004222
v -0.073311 -0.132425 0.015630
v -0.075311 -0.132427 0.015601
v -0.074809 -0.132458 -0.018395
v -0.072810 -0.132457 -0.018366
v -0.067611 -0.072436 -0.001343
v -0.067089 -0.072443 -0.008786
v -0.065748 -0.072449 -0.016126
v -0.063606 -0.072454 -0.023272
v -0.060688 -0.072458 -0.030139
v -0.057030 -0.072461 -0.036642
v -0.052676 -0.072463 -0.042702
v -0.047681 -0.072464 -0.048243
v -0.042104 -0.072464 -0.053200
v -0.036014 -0.072463 -0.057511
v -0.036012 -0.075463 -0.057508
v -0.029898 -0.075461 -0.060918
v -0.031975 -0.075462 -0.059852
v -0.034014 -0.075463 -0.058715
v -0.029901 -0.072461 -0.060921
v -0.022620 -0.072458 -0.063986
v -0.015031 -0.072454 -0.066179
v -0.007238 -0.072449 -0.067470
v 0.000653 -0.072442 -0.067843
v 0.008533 -0.072435 -0.067290
v 0.016295 -0.072428 -0.065821
v 0.023832 -0.072419 -0.063455
v 0.031040 -0.072410 -0.060225
v 0.037823 -0.072401 -0.056175
v 0.044085 -0.072391 -0.051360
v 0.049742 -0.072381 -0.045846
v 0.054716 -0.072371 -0.039710
v 0.058940 -0.072361 -0.033034
v 0.062354 -0.072352 -0.025910
v 0.064913 -0.072343 -0.018437
v 0.066581 -0.072334 -0.010715
v 0.067335 -0.072326 -0.002852
v 0.067338 -0.075326 -0.002849
v 0.067377 -0.075323 0.000652
v 0.067384 -0.075324 -0.000515
v 0.067371 -0.075325 -0.001682
v 0.067424 -0.132323 0.000705
v 0.004925 -0.132439 -0.067606
v 0.012701 -0.132431 -0.066572
v 0.020304 -0.132423 -0.064643
v 0.027631 -0.132414 -0.061845
v 0.034585 -0.132405 -0.058216
v 0.041071 -0.132396 -0.053805
v 0.047001 -0.132386 -0.048671
v 0.052296 -0.132376 -0.042884
v 0.056884 -0.132366 -0.036522
v 0.060702 -0.132357 -0.029670
v 0.063700 -0.132348 -0.022422
v 0.065837 -0.132339 -0.014875
v 0.067084 -0.132330 -0.007131
v 0.004906 -0.109439 -0.067627
v 0.004789 -0.108480 -0.067637
v 0.004445 -0.107575 -0.067662
v 0.003894 -0.106781 -0.067697
v 0.003170 -0.106143 -0.067736
v 0.002313 -0.105697 -0.067773
v 0.001372 -0.105469 -0.067800
v 0.000406 -0.105474 -0.067814
v -0.000531 -0.105710 -0.067814
v -0.001385 -0.106165 -0.067803
v -0.002105 -0.106811 -0.067785
v -0.002648 -0.107610 -0.067765
v -0.002980 -0.108499 -0.067751
v -0.003093 -0.109445 -0.067745
v -0.003074 -0.132445 -0.067724
v -0.067561 -0.132436 -0.001287
v -0.066990 -0.132443 -0.009110
v -0.065515 -0.132449 -0.016813
v -0.063156 -0.132454 -0.024294
v -0.059946 -0.132458 -0.031451
v -0.055927 -0.132461 -0.038187
v -0.051153 -0.132463 -0.044411
v -0.045690 -0.132464 -0.050039
v -0.039611 -0.132464 -0.054996
v -0.032998 -0.132462 -0.059214
v -0.025940 -0.132460 -0.062636
v -0.018533 -0.132456 -0.065216
v -0.010876 -0.132451 -0.066920
v 0.004925 -0.132439 -0.067606
v 0.004985 -0.132442 -0.071612
v 0.012657 -0.132435 -0.070649
v 0.020181 -0.132427 -0.068863
v 0.027467 -0.132419 -0.066276
v 0.034432 -0.132410 -0.062916
v 0.040993 -0.132401 -0.058824
v 0.047074 -0.132391 -0.054048
v 0.052604 -0.132381 -0.048642
v 0.057517 -0.132372 -0.042671
v 0.061757 -0.132362 -0.036205
v 0.065274 -0.132353 -0.029318
v 0.068027 -0.132344 -0.022092
v 0.069983 -0.132335 -0.014611
v 0.071120 -0.132327 -0.006962
v 0.071424 -0.132319 0.000765
v 0.070892 -0.132313 0.008479
v 0.069530 -0.132307 0.016091
v 0.067354 -0.132301 0.023511
v 0.064389 -0.132297 0.030652
v 0.060671 -0.132294 0.037432
v 0.056242 -0.132292 0.043771
v 0.051154 -0.132290 0.049594
v 0.045467 -0.132290 0.054834
v 0.039248 -0.132291 0.059429
v 0.032569 -0.132293 0.063326
v 0.025508 -0.132296 0.066478
v 0.018148 -0.132299 0.068850
v 0.010575 -0.132304 0.070413
v 0.002878 -0.132310 0.071149
v 0.002937 -0.132314 0.067142
v 0.067424 -0.132323 0.000705
v 0.066853 -0.132316 0.008528
v 0.065378 -0.132310 0.016232
v 0.063019 -0.132305 0.023713
v 0.059809 -0.132301 0.030870
v 0.055790 -0.132298 0.037605
v 0.051016 -0.132296 0.043830
v 0.045553 -0.132295 0.049458
v 0.039474 -0.132295 0.054414
v 0.032861 -0.132297 0.058632
v 0.025803 -0.132300 0.062055
v 0.018396 -0.132303 0.064635
v 0.010739 -0.132308 0.066339
v 0.012701 -0.132431 -0.066572
v 0.020304 -0.132423 -0.064643
v 0.027631 -0.132414 -0.061845
v 0.034585 -0.132405 -0.058216
v 0.041071 -0.132396 -0.053805
v 0.047001 -0.132386 -0.048671
v 0.052296 -0.132376 -0.042884
v 0.056884 -0.132366 -0.036522
v 0.060702 -0.132357 -0.029670
v 0.063700 -0.132348 -0.022422
v 0.065837 -0.132339 -0.014875
v 0.067084 -0.132330 -0.007131
v -0.071610 -0.072440 -0.001402
v -0.071043 -0.072447 -0.009400
v -0.069583 -0.072453 -0.017284
v -0.067250 -0.072458 -0.024955
v -0.064073 -0.072463 -0.032317
v -0.060091 -0.072466 -0.039277
v -0.055355 -0.072468 -0.045747
v -0.049925 -0.072469 -0.051646
v -0.043868 -0.072469 -0.056900
v -0.037261 -0.072468 -0.061442
v -0.030187 -0.072465 -0.065217
v -0.022735 -0.072462 -0.068176
v -0.014998 -0.072458 -0.070281
v -0.007074 -0.072452 -0.071508
v 0.000937 -0.072446 -0.071839
v 0.008935 -0.072439 -0.071272
v 0.016819 -0.072431 -0.069812
v 0.024490 -0.072422 -0.067479
v 0.031852 -0.072413 -0.064301
v 0.038811 -0.072404 -0.060320
v 0.045281 -0.072394 -0.055584
v 0.051181 -0.072384 -0.050154
v 0.056435 -0.072374 -0.044097
v 0.060977 -0.072364 -0.037490
v 0.064752 -0.072354 -0.030416
v 0.067711 -0.072345 -0.022964
v 0.069816 -0.072336 -0.015227
v 0.071043 -0.072327 -0.007303
v 0.071374 -0.072319 0.000708
v 0.070806 -0.072312 0.008706
v 0.069347 -0.072306 0.016590
v 0.067014 -0.072301 0.024261
v 0.063836 -0.072297 0.031623
v 0.059855 -0.072293 0.038583
v 0.055119 -0.072291 0.045053
v 0.049688 -0.072290 0.050952
v 0.043632 -0.072290 0.056206
v 0.037024 -0.072291 0.060748
v 0.029950 -0.072294 0.064523
v 0.022498 -0.072297 0.067482
v 0.014762 -0.072302 0.069588
v 0.006838 -0.072307 0.070814
v -0.001173 -0.072313 0.071145
v -0.009171 -0.072320 0.070578
v -0.017055 -0.072328 0.069118
v -0.024726 -0.072337 0.066785
v -0.032088 -0.072346 0.063607
v -0.039048 -0.072355 0.059626
v -0.045518 -0.072365 0.054890
v -0.051417 -0.072375 0.049459
v -0.056671 -0.072385 0.043403
v -0.061214 -0.072395 0.036796
v -0.064988 -0.072405 0.029722
v -0.067947 -0.072414 0.022269
v -0.070053 -0.072424 0.014533
v -0.071279 -0.072432 0.006609
v 0.061125 -0.072328 0.000557
v 0.061195 -0.072327 0.001216
v 0.061421 -0.072327 0.001839
v 0.061790 -0.072326 0.002390
v 0.062279 -0.072325 0.002837
v 0.062862 -0.072324 0.003154
v 0.063503 -0.072324 0.003322
v 0.064166 -0.072323 0.003332
v 0.064812 -0.072323 0.003183
v 0.065403 -0.072322 0.002883
v 0.065906 -0.072322 0.002451
v 0.066291 -0.072322 0.001911
v 0.066535 -0.072323 0.001295
v 0.066625 -0.072323 0.000638
v 0.066554 -0.072324 -0.000021
v 0.066328 -0.072325 -0.000645
v 0.065960 -0.072326 -0.001196
v 0.065470 -0.072327 -0.001643
v 0.064888 -0.072327 -0.001959
v 0.064247 -0.072328 -0.002127
v 0.063584 -0.072329 -0.002137
v 0.062938 -0.072329 -0.001988
v 0.062346 -0.072329 -0.001689
v 0.061844 -0.072329 -0.001256
v 0.061459 -0.072329 -0.000716
v 0.061215 -0.072329 -0.000100
v -0.034046 -0.072460 -0.056279
v -0.033976 -0.072460 -0.055620
v -0.033750 -0.072459 -0.054997
v -0.033382 -0.072458 -0.054446
v -0.032892 -0.072457 -0.053999
v -0.032310 -0.072456 -0.053682
v -0.031668 -0.072456 -0.053514
v -0.031006 -0.072455 -0.053504
v -0.030360 -0.072455 -0.053653
v -0.029768 -0.072455 -0.053953
v -0.029265 -0.072455 -0.054385
v -0.028881 -0.072455 -0.054925
v -0.028637 -0.072455 -0.055541
v -0.028547 -0.072456 -0.056198
v -0.028617 -0.072456 -0.056857
v -0.028843 -0.072457 -0.057481
v -0.029212 -0.072458 -0.058032
v -0.029701 -0.072459 -0.058479
v -0.030284 -0.072459 -0.058795
v -0.030925 -0.072460 -0.058964
v -0.031588 -0.072461 -0.058973
v -0.032234 -0.072461 -0.058824
v -0.032825 -0.072461 -0.058525
v -0.033328 -0.072461 -0.058093
v -0.033713 -0.072461 -0.057553
v -0.033957 -0.072461 -0.056936
v -0.035682 -0.072357 0.054560
v -0.035612 -0.072357 0.055219
v -0.035386 -0.072356 0.055842
v -0.035018 -0.072355 0.056393
v -0.034528 -0.072354 0.056840
v -0.033946 -0.072354 0.057157
v -0.033304 -0.072353 0.057325
v -0.032641 -0.072352 0.057335
v -0.031996 -0.072352 0.057186
v -0.031404 -0.072352 0.056886
v -0.030901 -0.072352 0.056454
v -0.030517 -0.072352 0.055914
v -0.030273 -0.072352 0.055298
v -0.030183 -0.072353 0.054641
v -0.030253 -0.072353 0.053982
v -0.030479 -0.072354 0.053358
v -0.030848 -0.072355 0.052807
v -0.031337 -0.072356 0.052360
v -0.031920 -0.072357 0.052044
v -0.032561 -0.072357 0.051876
v -0.033224 -0.072358 0.051866
v -0.033870 -0.072358 0.052015
v -0.034461 -0.072359 0.052314
v -0.034964 -0.072359 0.052747
v -0.035349 -0.072358 0.053287
v -0.035593 -0.072358 0.053903
v -0.037686 -0.072358 0.055733
v -0.034143 -0.072361 0.049801
v -0.028133 -0.072352 0.053390
v -0.031676 -0.072350 0.059322
v 0.067232 -0.072320 0.004147
v 0.066246 -0.072313 0.011985
v 0.064351 -0.072307 0.019654
v 0.061572 -0.072303 0.027049
v 0.057949 -0.072299 0.034068
v 0.053531 -0.072297 0.040617
v 0.048378 -0.072295 0.046604
v 0.042560 -0.072295 0.051948
v 0.036158 -0.072296 0.056576
v 0.029260 -0.072298 0.060425
v 0.021959 -0.072301 0.063441
v 0.014355 -0.072306 0.065583
v 0.006553 -0.072311 0.066822
v -0.001340 -0.072317 0.067142
v -0.009216 -0.072324 0.066537
v -0.016968 -0.072332 0.065016
v -0.024489 -0.072341 0.062600
v 0.060324 -0.072325 0.004045
v 0.060427 -0.072332 -0.002954
v 0.067335 -0.072326 -0.002852
v -0.029901 -0.072461 -0.060921
v -0.022620 -0.072458 -0.063986
v -0.015031 -0.072454 -0.066179
v -0.007238 -0.072449 -0.067470
v 0.000653 -0.072442 -0.067843
v 0.008533 -0.072435 -0.067290
v 0.016295 -0.072428 -0.065821
v 0.023832 -0.072419 -0.063455
v 0.031040 -0.072410 -0.060225
v 0.037823 -0.072401 -0.056175
v 0.044085 -0.072391 -0.051360
v 0.049742 -0.072381 -0.045846
v 0.054716 -0.072371 -0.039710
v 0.058940 -0.072361 -0.033034
v 0.062354 -0.072352 -0.025910
v 0.064913 -0.072343 -0.018437
v 0.066581 -0.072334 -0.010715
v -0.026535 -0.072453 -0.054887
v -0.032648 -0.072455 -0.051477
v -0.036014 -0.072463 -0.057511
v -0.067611 -0.072436 -0.001343
v -0.067089 -0.072443 -0.008786
v -0.065748 -0.072449 -0.016126
v -0.063606 -0.072454 -0.023272
v -0.060688 -0.072458 -0.030139
v -0.057030 -0.072461 -0.036642
v -0.052676 -0.072463 -0.042702
v -0.047681 -0.072464 -0.048243
v -0.042104 -0.072464 -0.053200
v -0.043645 -0.072367 0.051244
v -0.049073 -0.072376 0.046125
v -0.053903 -0.072386 0.040438
v -0.058076 -0.072395 0.034253
v -0.061541 -0.072404 0.027645
v -0.064255 -0.072413 0.020695
v -0.066185 -0.072421 0.013488
v -0.067309 -0.072429 0.006112
v -0.071577 -0.112440 -0.001365
v -0.071610 -0.072440 -0.001402
v -0.069287 -0.112420 0.017671
v -0.070619 -0.112427 0.011403
v -0.071385 -0.112434 0.005041
v -0.069271 -0.132420 0.017690
v -0.005122 -0.132317 0.071031
v -0.013150 -0.132324 0.070003
v -0.021010 -0.132333 0.068074
v -0.028603 -0.132342 0.065269
v -0.035829 -0.132351 0.061624
v -0.042598 -0.132361 0.057186
v -0.048821 -0.132371 0.052011
v -0.054419 -0.132381 0.046166
v -0.059322 -0.132391 0.039726
v -0.063465 -0.132401 0.032773
v -0.066795 -0.132411 0.025396
v -0.005141 -0.109317 0.071009
v -0.005025 -0.108357 0.071016
v -0.004682 -0.107452 0.071038
v -0.004132 -0.106657 0.071071
v -0.003409 -0.106018 0.071108
v -0.002552 -0.105570 0.071142
v -0.001612 -0.105341 0.071168
v -0.000645 -0.105344 0.071182
v 0.000291 -0.105579 0.071183
v 0.001146 -0.106033 0.071174
v 0.001868 -0.106678 0.071158
v 0.002412 -0.107477 0.071142
v 0.002744 -0.108364 0.071131
v 0.002859 -0.109310 0.071127
v 0.002878 -0.132310 0.071149
v 0.071424 -0.132319 0.000765
v 0.070892 -0.132313 0.008479
v 0.069530 -0.132307 0.016091
v 0.067354 -0.132301 0.023511
v 0.064389 -0.132297 0.030652
v 0.060671 -0.132294 0.037432
v 0.056242 -0.132292 0.043771
v 0.051154 -0.132290 0.049594
v 0.045467 -0.132290 0.054834
v 0.039248 -0.132291 0.059429
v 0.032569 -0.132293 0.063326
v 0.025508 -0.132296 0.066478
v 0.018148 -0.132299 0.068850
v 0.010575 -0.132304 0.070413
v 0.071374 -0.072319 0.000708
v 0.070806 -0.072312 0.008706
v 0.069347 -0.072306 0.016590
v 0.067014 -0.072301 0.024261
v 0.063836 -0.072297 0.031623
v 0.059855 -0.072293 0.038583
v 0.055119 -0.072291 0.045053
v 0.049688 -0.072290 0.050952
v 0.043632 -0.072290 0.056206
v 0.037024 -0.072291 0.060748
v 0.029950 -0.072294 0.064523
v 0.022498 -0.072297 0.067482
v 0.014762 -0.072302 0.069588
v 0.006838 -0.072307 0.070814
v -0.001173 -0.072313 0.071145
v -0.009171 -0.072320 0.070578
v -0.017055 -0.072328 0.069118
v -0.024726 -0.072337 0.066785
v -0.032088 -0.072346 0.063607
v -0.039048 -0.072355 0.059626
v -0.045518 -0.072365 0.054890
v -0.051417 -0.072375 0.049459
v -0.056671 -0.072385 0.043403
v -0.061214 -0.072395 0.036796
v -0.064988 -0.072405 0.029722
v -0.067947 -0.072414 0.022269
v -0.070053 -0.072424 0.014533
v -0.071279 -0.072432 0.006609
v -0.037683 -0.075358 0.055736
v -0.037686 -0.072358 0.055733
v -0.037170 -0.074358 0.054875
v -0.037290 -0.074386 0.055076
v -0.037403 -0.074467 0.055265
v -0.037504 -0.074597 0.055433
v -0.037585 -0.074769 0.055570
v -0.037644 -0.074974 0.055669
v -0.037673 -0.075162 0.055718
v -0.034141 -0.074361 0.049803
v -0.034143 -0.072361 0.049801
v -0.034141 -0.074361 0.049803
v -0.034143 -0.072361 0.049801
v -0.028131 -0.074352 0.053392
v -0.028133 -0.072352 0.053390
v -0.028131 -0.074352 0.053392
v -0.028133 -0.072352 0.053390
v -0.031161 -0.074350 0.058464
v -0.031673 -0.075350 0.059325
v -0.031659 -0.075116 0.059301
v -0.031618 -0.074895 0.059230
v -0.031551 -0.074700 0.059118
v -0.031462 -0.074541 0.058970
v -0.031357 -0.074427 0.058794
v -0.031261 -0.074370 0.058632
v -0.031676 -0.072350 0.059322
v -0.028131 -0.074352 0.053392
v -0.031161 -0.074350 0.058464
v -0.033205 -0.074353 0.057338
v -0.035210 -0.074356 0.056141
v -0.037170 -0.074358 0.054875
v -0.034141 -0.074361 0.049803
v -0.031481 -0.074354 0.054624
v -0.031528 -0.074354 0.054970
v -0.031657 -0.074353 0.055295
v -0.031860 -0.074353 0.055580
v -0.032125 -0.074353 0.055808
v -0.032437 -0.074353 0.055965
v -0.032777 -0.074354 0.056044
v -0.033127 -0.074354 0.056039
v -0.033465 -0.074354 0.055950
v -0.033772 -0.074355 0.055783
v -0.034030 -0.074355 0.055548
v -0.034225 -0.074356 0.055257
v -0.034344 -0.074356 0.054928
v -0.034381 -0.074356 0.054581
v -0.034334 -0.074357 0.054234
v -0.034205 -0.074357 0.053909
v -0.034002 -0.074357 0.053625
v -0.033737 -0.074357 0.053397
v -0.033425 -0.074357 0.053239
v -0.033084 -0.074357 0.053160
v -0.032735 -0.074356 0.053166
v -0.032397 -0.074356 0.053254
v -0.032090 -0.074356 0.053421
v -0.031832 -0.074355 0.053657
v -0.031637 -0.074355 0.053947
v -0.031518 -0.074354 0.054276
v -0.029898 -0.075461 -0.060918
v -0.029901 -0.072461 -0.060921
v -0.029411 -0.074460 -0.060045
v -0.029525 -0.074488 -0.060249
v -0.029633 -0.074569 -0.060442
v -0.029728 -0.074700 -0.060612
v -0.029805 -0.074872 -0.060751
v -0.029861 -0.075077 -0.060851
v -0.029889 -0.075265 -0.060901
v -0.026533 -0.074453 -0.054885
v -0.026535 -0.072453 -0.054887
v -0.026533 -0.074453 -0.054885
v -0.026535 -0.072453 -0.054887
v -0.032647 -0.074455 -0.051475
v -0.032648 -0.072455 -0.051477
v -0.032647 -0.074455 -0.051475
v -0.032648 -0.072455 -0.051477
v -0.035525 -0.074462 -0.056635
v -0.036012 -0.075463 -0.057508
v -0.035998 -0.075229 -0.057484
v -0.035959 -0.075009 -0.057413
v -0.035895 -0.074813 -0.057299
v -0.035811 -0.074654 -0.057149
v -0.035712 -0.074540 -0.056970
v -0.035620 -0.074482 -0.056806
v -0.036014 -0.072463 -0.057511
v -0.032647 -0.074455 -0.051475
v -0.035525 -0.074462 -0.056635
v -0.033527 -0.074461 -0.057843
v -0.031489 -0.074461 -0.058980
v -0.029411 -0.074460 -0.060045
v -0.026533 -0.074453 -0.054885
v -0.029845 -0.074457 -0.056216
v -0.029893 -0.074456 -0.055869
v -0.030021 -0.074456 -0.055544
v -0.030224 -0.074456 -0.055259
v -0.030489 -0.074456 -0.055032
v -0.030801 -0.074456 -0.054874
v -0.031142 -0.074456 -0.054795
v -0.031491 -0.074457 -0.054800
v -0.031829 -0.074457 -0.054889
v -0.032136 -0.074458 -0.055056
v -0.032394 -0.074458 -0.055291
v -0.032589 -0.074458 -0.055582
v -0.032708 -0.074459 -0.055911
v -0.032745 -0.074459 -0.056258
v -0.032698 -0.074459 -0.056605
v -0.032569 -0.074460 -0.056930
v -0.032366 -0.074460 -0.057214
v -0.032101 -0.074460 -0.057442
v -0.031789 -0.074460 -0.057600
v -0.031449 -0.074459 -0.057679
v -0.031099 -0.074459 -0.057674
v -0.030761 -0.074459 -0.057585
v -0.030454 -0.074458 -0.057418
v -0.030196 -0.074458 -0.057182
v -0.030001 -0.074458 -0.056892
v -0.029882 -0.074457 -0.056563
v 0.067234 -0.075320 0.004150
v 0.067232 -0.072320 0.004147
v 0.066232 -0.074320 0.004134
v 0.066466 -0.074348 0.004138
v 0.066687 -0.074429 0.004141
v 0.066883 -0.074559 0.004144
v 0.067042 -0.074731 0.004147
v 0.067157 -0.074936 0.004149
v 0.067214 -0.075123 0.004150
v 0.060325 -0.074325 0.004047
v 0.060324 -0.072325 0.004045
v 0.060325 -0.074325 0.004047
v 0.060324 -0.072325 0.004045
v 0.060429 -0.074332 -0.002952
v 0.060427 -0.072332 -0.002954
v 0.060429 -0.074332 -0.002952
v 0.060427 -0.072332 -0.002954
v 0.066336 -0.074327 -0.002865
v 0.067338 -0.075326 -0.002849
v 0.067310 -0.075092 -0.002850
v 0.067228 -0.074872 -0.002851
v 0.067097 -0.074677 -0.002853
v 0.066925 -0.074518 -0.002856
v 0.066720 -0.074404 -0.002859
v 0.066532 -0.074347 -0.002862
v 0.067335 -0.072326 -0.002852
v 0.060429 -0.074332 -0.002952
v 0.066336 -0.074327 -0.002865
v 0.066383 -0.074325 -0.000531
v 0.066349 -0.074323 0.001803
v 0.066232 -0.074320 0.004134
v 0.060325 -0.074325 0.004047
v 0.065326 -0.074325 0.000621
v 0.065279 -0.074324 0.000967
v 0.065150 -0.074324 0.001292
v 0.064947 -0.074324 0.001577
v 0.064682 -0.074324 0.001805
v 0.064371 -0.074324 0.001963
v 0.064030 -0.074324 0.002041
v 0.063680 -0.074325 0.002036
v 0.063342 -0.074325 0.001947
v 0.063035 -0.074325 0.001780
v 0.062777 -0.074326 0.001545
v 0.062583 -0.074326 0.001254
v 0.062464 -0.074327 0.000925
v 0.062427 -0.074327 0.000578
v 0.062474 -0.074327 0.000232
v 0.062603 -0.074327 -0.000093
v 0.062805 -0.074328 -0.000378
v 0.063070 -0.074328 -0.000606
v 0.063382 -0.074327 -0.000764
v 0.063723 -0.074327 -0.000843
v 0.064072 -0.074327 -0.000837
v 0.064411 -0.074327 -0.000749
v 0.064718 -0.074326 -0.000582
v 0.064976 -0.074326 -0.000346
v 0.065170 -0.074325 -0.000055
v 0.065289 -0.074325 0.000273
v -0.035525 -0.074462 -0.056635
v -0.033527 -0.074461 -0.057843
v -0.031489 -0.074461 -0.058980
v -0.029411 -0.074460 -0.060045
v -0.029525 -0.074488 -0.060249
v -0.029633 -0.074569 -0.060442
v -0.029728 -0.074700 -0.060612
v -0.029805 -0.074872 -0.060751
v -0.029861 -0.075077 -0.060851
v -0.029889 -0.075265 -0.060901
v -0.029898 -0.075461 -0.060918
v -0.031975 -0.075462 -0.059852
v -0.034014 -0.075463 -0.058715
v -0.036012 -0.075463 -0.057508
v -0.035998 -0.075229 -0.057484
v -0.035959 -0.075009 -0.057413
v -0.035895 -0.074813 -0.057299
v -0.035811 -0.074654 -0.057149
v -0.035712 -0.074540 -0.056970
v -0.035620 -0.074482 -0.056806
v -0.033626 -0.074481 -0.058012
v -0.033720 -0.074538 -0.058174
v -0.033823 -0.074653 -0.058351
v -0.033909 -0.074813 -0.058500
v -0.033974 -0.075008 -0.058612
v -0.034015 -0.075229 -0.058683
v -0.031596 -0.074480 -0.059144
v -0.031685 -0.074538 -0.059310
v -0.031781 -0.074653 -0.059490
v -0.031862 -0.074812 -0.059642
v -0.031924 -0.075008 -0.059757
v -0.031962 -0.075228 -0.059828
v 0.066336 -0.074327 -0.002865
v 0.066383 -0.074325 -0.000531
v 0.066349 -0.074323 0.001803
v 0.066232 -0.074320 0.004134
v 0.066466 -0.074348 0.004138
v 0.066687 -0.074429 0.004141
v 0.066883 -0.074559 0.004144
v 0.067042 -0.074731 0.004147
v 0.067157 -0.074936 0.004149
v 0.067214 -0.075123 0.004150
v 0.067234 -0.075320 0.004150
v 0.067302 -0.075321 0.002985
v 0.067350 -0.075322 0.001819
v 0.067377 -0.075323 0.000652
v 0.067384 -0.075324 -0.000515
v 0.067371 -0.075325 -0.001682
v 0.067338 -0.075326 -0.002849
v 0.067310 -0.075092 -0.002850
v 0.067228 -0.074872 -0.002851
v 0.067097 -0.074677 -0.002853
v 0.066925 -0.074518 -0.002856
v 0.066720 -0.074404 -0.002859
v 0.066532 -0.074347 -0.002862
v 0.066566 -0.074345 -0.001667
v 0.066754 -0.074402 -0.001671
v 0.066959 -0.074517 -0.001675
v 0.067131 -0.074676 -0.001678
v 0.067262 -0.074871 -0.001681
v 0.067343 -0.075091 -0.001682
v 0.066579 -0.074344 -0.000532
v 0.066767 -0.074401 -0.000532
v 0.066972 -0.074516 -0.000532
v 0.067144 -0.074674 -0.000533
v 0.067275 -0.074870 -0.000533
v 0.067356 -0.075090 -0.000533
v 0.066572 -0.074343 0.000639
v 0.066760 -0.074400 0.000642
v 0.066965 -0.074514 0.000645
v 0.067137 -0.074673 0.000648
v 0.067267 -0.074869 0.000650
v 0.067349 -0.075089 0.000651
v 0.066545 -0.074342 0.001792
v 0.066733 -0.074399 0.001798
v 0.066937 -0.074513 0.001805
v 0.067109 -0.074672 0.001810
v 0.067240 -0.074868 0.001815
v 0.067322 -0.075088 0.001818
v 0.066498 -0.074341 0.002944
v 0.066686 -0.074398 0.002954
v 0.066890 -0.074512 0.002964
v 0.067062 -0.074671 0.002973
v 0.067193 -0.074866 0.002979
v 0.067274 -0.075087 0.002983
v -0.031161 -0.074350 0.058464
v -0.033205 -0.074353 0.057338
v -0.035210 -0.074356 0.056141
v -0.037170 -0.074358 0.054875
v -0.037290 -0.074386 0.055076
v -0.037403 -0.074467 0.055265
v -0.037504 -0.074597 0.055433
v -0.037585 -0.074769 0.055570
v -0.037644 -0.074974 0.055669
v -0.037673 -0.075162 0.055718
v -0.037683 -0.075358 0.055736
v -0.035722 -0.075355 0.057001
v -0.033718 -0.075352 0.058198
v -0.031673 -0.075350 0.059325
v -0.031659 -0.075116 0.059301
v -0.031618 -0.074895 0.059230
v -0.031551 -0.074700 0.059118
v -0.031462 -0.074541 0.058970
v -0.031357 -0.074427 0.058794
v -0.031261 -0.074370 0.058632
v -0.033303 -0.074372 0.057508
v -0.033396 -0.074429 0.057671
v -0.033498 -0.074544 0.057849
v -0.033584 -0.074703 0.057998
v -0.033648 -0.074898 0.058111
v -0.033689 -0.075119 0.058182
v -0.035298 -0.074375 0.056317
v -0.035397 -0.074432 0.056477
v -0.035505 -0.074547 0.056650
v -0.035596 -0.074706 0.056797
v -0.035664 -0.074901 0.056908
v -0.035707 -0.075121 0.056977
v 0.002859 -0.109310 0.071127
v 0.002918 -0.109314 0.067121
v 0.002878 -0.132310 0.071149
v 0.002937 -0.132314 0.067142
v -0.005122 -0.132317 0.071031
v -0.005062 -0.132320 0.067024
v -0.005141 -0.109317 0.071009
v -0.005082 -0.109320 0.067003
v -0.005141 -0.109317 0.071009
v -0.005082 -0.109320 0.067003
v -0.005025 -0.108357 0.071016
v -0.004682 -0.107452 0.071038
v -0.004132 -0.106657 0.071071
v -0.003409 -0.106018 0.071108
v -0.002552 -0.105570 0.071142
v -0.001612 -0.105341 0.071168
v -0.000645 -0.105344 0.071182
v 0.000291 -0.105579 0.071183
v 0.001146 -0.106033 0.071174
v 0.001868 -0.106678 0.071158
v 0.002412 -0.107477 0.071142
v 0.002744 -0.108364 0.071131
v 0.002859 -0.109310 0.071127
v 0.002918 -0.109314 0.067121
v -0.004966 -0.108361 0.067010
v -0.004623 -0.107456 0.067034
v -0.004073 -0.106661 0.067068
v -0.003351 -0.106022 0.067106
v -0.002494 -0.105574 0.067141
v -0.001553 -0.105345 0.067168
v -0.000587 -0.105348 0.067182
v 0.000349 -0.105582 0.067183
v 0.001205 -0.106036 0.067172
v 0.001926 -0.106681 0.067155
v 0.002470 -0.107479 0.067138
v 0.002803 -0.108367 0.067125
v 0.004906 -0.109439 -0.067627
v 0.004966 -0.109442 -0.071633
v 0.004848 -0.108483 -0.071642
v 0.004504 -0.107579 -0.071666
v 0.003952 -0.106784 -0.071700
v 0.003229 -0.106147 -0.071738
v 0.002371 -0.105700 -0.071773
v 0.001430 -0.105473 -0.071800
v 0.000464 -0.105478 -0.071814
v -0.000472 -0.105714 -0.071815
v -0.001327 -0.106169 -0.071805
v -0.002047 -0.106816 -0.071788
v -0.002590 -0.107615 -0.071770
v -0.002921 -0.108503 -0.071757
v -0.003034 -0.109449 -0.071751
v -0.003093 -0.109445 -0.067745
v 0.004789 -0.108480 -0.067637
v 0.004445 -0.107575 -0.067662
v 0.003894 -0.106781 -0.067697
v 0.003170 -0.106143 -0.067736
v 0.002313 -0.105697 -0.067773
v 0.001372 -0.105469 -0.067800
v 0.000406 -0.105474 -0.067814
v -0.000531 -0.105710 -0.067814
v -0.001385 -0.106165 -0.067803
v -0.002105 -0.106811 -0.067785
v -0.002648 -0.107610 -0.067765
v -0.002980 -0.108499 -0.067751
v -0.003093 -0.109445 -0.067745
v -0.003034 -0.109449 -0.071751
v -0.003015 -0.132449 -0.071730
v -0.003074 -0.132445 -0.067724
v 0.004925 -0.132439 -0.067606
v 0.004985 -0.132442 -0.071612
v 0.004966 -0.109442 -0.071633
v 0.004906 -0.109439 -0.067627
v -0.031482 -0.073654 0.054623
v -0.031519 -0.073654 0.054275
v -0.031638 -0.073655 0.053947
v -0.031832 -0.073655 0.053656
v -0.032090 -0.073656 0.053421
v -0.032397 -0.073656 0.053254
v -0.032736 -0.073656 0.053165
v -0.033085 -0.073657 0.053160
v -0.033426 -0.073657 0.053238
v -0.033738 -0.073657 0.053396
v -0.034003 -0.073657 0.053624
v -0.034205 -0.073657 0.053909
v -0.034334 -0.073657 0.054234
v -0.034381 -0.073656 0.054580
v -0.031481 -0.074354 0.054624
v -0.034381 -0.074356 0.054581
v -0.034334 -0.074357 0.054234
v -0.034205 -0.074357 0.053909
v -0.034002 -0.074357 0.053625
v -0.033737 -0.074357 0.053397
v -0.033425 -0.074357 0.053239
v -0.033084 -0.074357 0.053160
v -0.032735 -0.074356 0.053166
v -0.032397 -0.074356 0.053254
v -0.032090 -0.074356 0.053421
v -0.031832 -0.074355 0.053657
v -0.031637 -0.074355 0.053947
v -0.031518 -0.074354 0.054276
v -0.030183 -0.072353 0.054641
v -0.030253 -0.072353 0.053982
v -0.030479 -0.072354 0.053358
v -0.030848 -0.072355 0.052807
v -0.031337 -0.072356 0.052360
v -0.031920 -0.072357 0.052044
v -0.032561 -0.072357 0.051876
v -0.033224 -0.072358 0.051866
v -0.033870 -0.072358 0.052015
v -0.034461 -0.072359 0.052314
v -0.034964 -0.072359 0.052747
v -0.035349 -0.072358 0.053287
v -0.035593 -0.072358 0.053903
v -0.035682 -0.072357 0.054560
v -0.031482 -0.073654 0.054623
v -0.031519 -0.073654 0.054275
v -0.031638 -0.073655 0.053947
v -0.031832 -0.073655 0.053656
v -0.032090 -0.073656 0.053421
v -0.032397 -0.073656 0.053254
v -0.032736 -0.073656 0.053165
v -0.033085 -0.073657 0.053160
v -0.033426 -0.073657 0.053238
v -0.033738 -0.073657 0.053396
v -0.034003 -0.073657 0.053624
v -0.034205 -0.073657 0.053909
v -0.034334 -0.073657 0.054234
v -0.034381 -0.073656 0.054580
v -0.031027 -0.073004 0.053718
v -0.031599 -0.073006 0.052979
v -0.032435 -0.073007 0.052561
v -0.033369 -0.073007 0.052547
v -0.034217 -0.073008 0.052940
v -0.034811 -0.073008 0.053662
v -0.029846 -0.073757 -0.056216
v -0.029883 -0.073757 -0.056564
v -0.030002 -0.073758 -0.056892
v -0.030196 -0.073758 -0.057183
v -0.030454 -0.073758 -0.057419
v -0.030762 -0.073759 -0.057586
v -0.031100 -0.073759 -0.057674
v -0.031449 -0.073759 -0.057679
v -0.031790 -0.073760 -0.057601
v -0.032102 -0.073760 -0.057443
v -0.032367 -0.073760 -0.057215
v -0.032570 -0.073760 -0.056930
v -0.032698 -0.073759 -0.056605
v -0.032745 -0.073759 -0.056259
v -0.029845 -0.074457 -0.056216
v -0.032745 -0.074459 -0.056258
v -0.032698 -0.074459 -0.056605
v -0.032569 -0.074460 -0.056930
v -0.032366 -0.074460 -0.057214
v -0.032101 -0.074460 -0.057442
v -0.031789 -0.074460 -0.057600
v -0.031449 -0.074459 -0.057679
v -0.031099 -0.074459 -0.057674
v -0.030761 -0.074459 -0.057585
v -0.030454 -0.074458 -0.057418
v -0.030196 -0.074458 -0.057182
v -0.030001 -0.074458 -0.056892
v -0.029882 -0.074457 -0.056563
v -0.028547 -0.072456 -0.056198
v -0.028617 -0.072456 -0.056857
v -0.028843 -0.072457 -0.057481
v -0.029212 -0.072458 -0.058032
v -0.029701 -0.072459 -0.058479
v -0.030284 -0.072459 -0.058795
v -0.030925 -0.072460 -0.058964
v -0.031588 -0.072461 -0.058973
v -0.032234 -0.072461 -0.058824
v -0.032825 -0.072461 -0.058525
v -0.033328 -0.072461 -0.058093
v -0.033713 -0.072461 -0.057553
v -0.033957 -0.072461 -0.056936
v -0.034046 -0.072460 -0.056279
v -0.029846 -0.073757 -0.056216
v -0.029883 -0.073757 -0.056564
v -0.030002 -0.073758 -0.056892
v -0.030196 -0.073758 -0.057183
v -0.030454 -0.073758 -0.057419
v -0.030762 -0.073759 -0.057586
v -0.031100 -0.073759 -0.057674
v -0.031449 -0.073759 -0.057679
v -0.031790 -0.073760 -0.057601
v -0.032102 -0.073760 -0.057443
v -0.032367 -0.073760 -0.057215
v -0.032570 -0.073760 -0.056930
v -0.032698 -0.073759 -0.056605
v -0.032745 -0.073759 -0.056259
v -0.029391 -0.073107 -0.057121
v -0.029963 -0.073108 -0.057861
v -0.030799 -0.073109 -0.058278
v -0.031733 -0.073110 -0.058292
v -0.032581 -0.073111 -0.057899
v -0.033175 -0.073110 -0.057177
v 0.065326 -0.073625 0.000620
v 0.065289 -0.073625 0.000272
v 0.065170 -0.073625 -0.000056
v 0.064975 -0.073626 -0.000347
v 0.064717 -0.073626 -0.000582
v 0.064410 -0.073627 -0.000749
v 0.064072 -0.073627 -0.000838
v 0.063722 -0.073627 -0.000843
v 0.063382 -0.073627 -0.000765
v 0.063070 -0.073628 -0.000607
v 0.062805 -0.073628 -0.000379
v 0.062602 -0.073627 -0.000094
v 0.062473 -0.073627 0.000231
v 0.062426 -0.073627 0.000577
v 0.065326 -0.074325 0.000621
v 0.062427 -0.074327 0.000578
v 0.062474 -0.074327 0.000232
v 0.062603 -0.074327 -0.000093
v 0.062805 -0.074328 -0.000378
v 0.063070 -0.074328 -0.000606
v 0.063382 -0.074327 -0.000764
v 0.063723 -0.074327 -0.000843
v 0.064072 -0.074327 -0.000837
v 0.064411 -0.074327 -0.000749
v 0.064718 -0.074326 -0.000582
v 0.064976 -0.074326 -0.000346
v 0.065170 -0.074325 -0.000055
v 0.065289 -0.074325 0.000273
v 0.066625 -0.072323 0.000638
v 0.066554 -0.072324 -0.000021
v 0.066328 -0.072325 -0.000645
v 0.065960 -0.072326 -0.001196
v 0.065470 -0.072327 -0.001643
v 0.064888 -0.072327 -0.001959
v 0.064247 -0.072328 -0.002127
v 0.063584 -0.072329 -0.002137
v 0.062938 -0.072329 -0.001988
v 0.062346 -0.072329 -0.001689
v 0.061844 -0.072329 -0.001256
v 0.061459 -0.072329 -0.000716
v 0.061215 -0.072329 -0.000100
v 0.061125 -0.072328 0.000557
v 0.065326 -0.073625 0.000620
v 0.065289 -0.073625 0.000272
v 0.065170 -0.073625 -0.000056
v 0.064975 -0.073626 -0.000347
v 0.064717 -0.073626 -0.000582
v 0.064410 -0.073627 -0.000749
v 0.064072 -0.073627 -0.000838
v 0.063722 -0.073627 -0.000843
v 0.063382 -0.073627 -0.000765
v 0.063070 -0.073628 -0.000607
v 0.062805 -0.073628 -0.000379
v 0.062602 -0.073627 -0.000094
v 0.062473 -0.073627 0.000231
v 0.062426 -0.073627 0.000577
v 0.065781 -0.072975 -0.000285
v 0.065209 -0.072976 -0.001024
v 0.064373 -0.072977 -0.001442
v 0.063438 -0.072978 -0.001456
v 0.062590 -0.072978 -0.001063
v 0.061997 -0.072978 -0.000341
v -0.069271 -0.132420 0.017690
v -0.071841 -0.132422 0.017652
v -0.069287 -0.112420 0.017671
v -0.071858 -0.112422 0.017633
v -0.069287 -0.112420 0.017671
v -0.070619 -0.112427 0.011403
v -0.071385 -0.112434 0.005041
v -0.071577 -0.112440 -0.001365
v -0.071196 -0.112445 -0.007761
v -0.070243 -0.112451 -0.014098
v -0.068726 -0.112455 -0.020324
v -0.071297 -0.112457 -0.020362
v -0.071496 -0.112445 -0.006864
v -0.072113 -0.112445 -0.006951
v -0.072689 -0.112446 -0.007187
v -0.073189 -0.112447 -0.007559
v -0.073582 -0.112448 -0.008042
v -0.073842 -0.112448 -0.008608
v -0.073955 -0.112449 -0.009221
v -0.073913 -0.112450 -0.009842
v -0.073719 -0.112450 -0.010434
v -0.073384 -0.112450 -0.010959
v -0.072929 -0.112450 -0.011386
v -0.072826 -0.112457 -0.018385
v -0.074826 -0.112458 -0.018414
v -0.075328 -0.112427 0.015582
v -0.073328 -0.112425 0.015612
v -0.073225 -0.112432 0.008612
v -0.073666 -0.112433 0.008173
v -0.073985 -0.112433 0.007638
v -0.074162 -0.112434 0.007041
v -0.074186 -0.112435 0.006418
v -0.074055 -0.112435 0.005809
v -0.073778 -0.112435 0.005251
v -0.073371 -0.112435 0.004779
v -0.072860 -0.112435 0.004423
v -0.072278 -0.112435 0.004203
v -0.071658 -0.112435 0.004135
v -0.071858 -0.112422 0.017633
v -0.071841 -0.132422 0.017652
v -0.071858 -0.112422 0.017633
v -0.071642 -0.132435 0.004154
v -0.071658 -0.112435 0.004135
v -0.068726 -0.112455 -0.020324
v -0.071297 -0.112457 -0.020362
v -0.068710 -0.132455 -0.020306
v -0.071280 -0.132457 -0.020344
v -0.073208 -0.132432 0.008631
v -0.073650 -0.132432 0.008192
v -0.073969 -0.132433 0.007657
v -0.074146 -0.132434 0.007059
v -0.074169 -0.132435 0.006437
v -0.074039 -0.132435 0.005828
v -0.073761 -0.132435 0.005270
v -0.073355 -0.132435 0.004798
v -0.072844 -0.132435 0.004442
v -0.072261 -0.132435 0.004222
v -0.071642 -0.132435 0.004154
v -0.073225 -0.112432 0.008612
v -0.073666 -0.112433 0.008173
v -0.073985 -0.112433 0.007638
v -0.074162 -0.112434 0.007041
v -0.074186 -0.112435 0.006418
v -0.074055 -0.112435 0.005809
v -0.073778 -0.112435 0.005251
v -0.073371 -0.112435 0.004779
v -0.072860 -0.112435 0.004423
v -0.072278 -0.112435 0.004203
v -0.071658 -0.112435 0.004135
v -0.071496 -0.112445 -0.006864
v -0.072113 -0.112445 -0.006951
v -0.072689 -0.112446 -0.007187
v -0.073189 -0.112447 -0.007559
v -0.073582 -0.112448 -0.008042
v -0.073842 -0.112448 -0.008608
v -0.073955 -0.112449 -0.009221
v -0.073913 -0.112450 -0.009842
v -0.073719 -0.112450 -0.010434
v -0.073384 -0.112450 -0.010959
v -0.072929 -0.112450 -0.011386
v -0.072913 -0.132450 -0.011367
v -0.071480 -0.132445 -0.006845
v -0.072096 -0.132445 -0.006932
v -0.072673 -0.132446 -0.007168
v -0.073172 -0.132447 -0.007540
v -0.073565 -0.132448 -0.008024
v -0.073826 -0.132448 -0.008589
v -0.073939 -0.132449 -0.009202
v -0.073896 -0.132450 -0.009823
v -0.073702 -0.132450 -0.010415
v -0.073367 -0.132450 -0.010940
v -0.075328 -0.112427 0.015582
v -0.073328 -0.112425 0.015612
v -0.075311 -0.132427 0.015601
v -0.073311 -0.132425 0.015630
v -0.074826 -0.112458 -0.018414
v -0.075328 -0.112427 0.015582
v -0.074809 -0.132458 -0.018395
v -0.075311 -0.132427 0.015601
v -0.072826 -0.112457 -0.018385
v -0.074826 -0.112458 -0.018414
v -0.072810 -0.132457 -0.018366
v -0.074809 -0.132458 -0.018395
v -0.072929 -0.112450 -0.011386
v -0.072826 -0.112457 -0.018385
v -0.072913 -0.132450 -0.011367
v -0.072810 -0.132457 -0.018366
v -0.073328 -0.112425 0.015612
v -0.073225 -0.112432 0.008612
v -0.073311 -0.132425 0.015630
v -0.073208 -0.132432 0.008631
v -0.000968 -0.105325 0.059064
v -0.001925 -0.105442 0.059050
v -0.002826 -0.105785 0.059037
v -0.003619 -0.106334 0.059026
v -0.004258 -0.107056 0.059017
v -0.004705 -0.107910 0.059012
v -0.004935 -0.108847 0.059009
v -0.004934 -0.109811 0.059010
v -0.004703 -0.110747 0.059014
v -0.004254 -0.111600 0.059022
v -0.003614 -0.112322 0.059032
v -0.002820 -0.112869 0.059044
v -0.001918 -0.113210 0.059058
v -0.000961 -0.113325 0.059072
v -0.001138 -0.113314 0.071070
v -0.002095 -0.113199 0.071056
v -0.002997 -0.112858 0.071043
v -0.003791 -0.112311 0.071030
v -0.004431 -0.111589 0.071020
v -0.004880 -0.110736 0.071013
v -0.005111 -0.109800 0.071009
v -0.005112 -0.108835 0.071008
v -0.004882 -0.107899 0.071010
v -0.004435 -0.107045 0.071016
v -0.003796 -0.106322 0.071025
v -0.003003 -0.105774 0.071036
v -0.002102 -0.105431 0.071049
v -0.001145 -0.105314 0.071063
v -0.005003 -0.000332 0.055407
v -0.004914 -0.000338 0.049408
v 0.003085 -0.000331 0.049526
v 0.002970 -0.001288 0.049525
v 0.002629 -0.002190 0.049521
v 0.002082 -0.002984 0.049513
v 0.001360 -0.003624 0.049503
v 0.000507 -0.004073 0.049491
v -0.000429 -0.004305 0.049477
v -0.001393 -0.004306 0.049463
v -0.002330 -0.004076 0.049449
v -0.003184 -0.003628 0.049436
v -0.003906 -0.002989 0.049425
v -0.004454 -0.002196 0.049416
v -0.004797 -0.001295 0.049410
v 0.002997 -0.000325 0.055525
v -0.004886 -0.001289 0.055410
v -0.004543 -0.002191 0.055415
v -0.003994 -0.002984 0.055424
v -0.003272 -0.003623 0.055436
v -0.002418 -0.004070 0.055449
v -0.001482 -0.004300 0.055463
v -0.000518 -0.004299 0.055477
v 0.000418 -0.004068 0.055490
v 0.001272 -0.003619 0.055503
v 0.001993 -0.002979 0.055513
v 0.002540 -0.002185 0.055520
v 0.002881 -0.001283 0.055524
v -0.008178 -0.064813 0.070922
v 0.005821 -0.064801 0.071128
v 0.005858 -0.109308 0.071170
v 0.005684 -0.110866 0.071169
v 0.005167 -0.112346 0.071163
v 0.004334 -0.113674 0.071152
v 0.003227 -0.114783 0.071136
v 0.001901 -0.115618 0.071117
v 0.000422 -0.116137 0.071096
v -0.001136 -0.116314 0.071073
v -0.002693 -0.116140 0.071050
v -0.004173 -0.115624 0.071028
v -0.005501 -0.114791 0.071007
v -0.006610 -0.113683 0.070990
v -0.007445 -0.112357 0.070977
v -0.007964 -0.110878 0.070967
v -0.008141 -0.109320 0.070963
v -0.001145 -0.105314 0.071063
v -0.000187 -0.105430 0.071077
v 0.000714 -0.105771 0.071091
v 0.001508 -0.106318 0.071103
v 0.002148 -0.107039 0.071113
v 0.002597 -0.107893 0.071121
v 0.002829 -0.108829 0.071125
v 0.002829 -0.109793 0.071126
v 0.002599 -0.110730 0.071123
v 0.002152 -0.111584 0.071117
v 0.001513 -0.112306 0.071109
v 0.000720 -0.112855 0.071097
v -0.000181 -0.113197 0.071084
v -0.001138 -0.113314 0.071070
v -0.002095 -0.113199 0.071056
v -0.002997 -0.112858 0.071043
v -0.003791 -0.112311 0.071030
v -0.004431 -0.111589 0.071020
v -0.004880 -0.110736 0.071013
v -0.005111 -0.109800 0.071009
v -0.005112 -0.108835 0.071008
v -0.004882 -0.107899 0.071010
v -0.004435 -0.107045 0.071016
v -0.003796 -0.106322 0.071025
v -0.003003 -0.105774 0.071036
v -0.002102 -0.105431 0.071049
v -0.009251 -0.061964 0.075743
v -0.009191 -0.062742 0.071708
v -0.009192 -0.063427 0.071818
v -0.009192 -0.064119 0.071884
v -0.009192 -0.064813 0.071907
v -0.009155 -0.109320 0.071949
v -0.009214 -0.109316 0.075948
v -0.009252 -0.063659 0.075905
v -0.009252 -0.063091 0.075887
v -0.009252 -0.062525 0.075832
v -0.001224 -0.116309 0.077073
v 0.000333 -0.116132 0.077095
v 0.001812 -0.115613 0.077117
v 0.003138 -0.114778 0.077136
v 0.004246 -0.113669 0.077151
v 0.005079 -0.112341 0.077162
v 0.005595 -0.110861 0.077168
v 0.005769 -0.109303 0.077169
v 0.005731 -0.063645 0.077126
v -0.008267 -0.063657 0.076920
v -0.008229 -0.109315 0.076963
v -0.008052 -0.110872 0.076967
v -0.007533 -0.112351 0.076976
v -0.006699 -0.113678 0.076989
v -0.005589 -0.114785 0.077007
v -0.004262 -0.115618 0.077027
v -0.002782 -0.116135 0.077050
v 0.006843 -0.109307 0.072185
v 0.006806 -0.064799 0.072143
v 0.006806 -0.064105 0.072120
v 0.006806 -0.063414 0.072054
v 0.006807 -0.062728 0.071944
v 0.006747 -0.061951 0.075979
v 0.006746 -0.062512 0.076069
v 0.006746 -0.063077 0.076123
v 0.006746 -0.063645 0.076141
v 0.006784 -0.109303 0.076184
v 0.005828 -0.061103 0.070415
v -0.008170 -0.061115 0.070209
v -0.007915 -0.010696 0.050082
v 0.006083 -0.010685 0.050289
v -0.008984 -0.007915 0.054552
v -0.008924 -0.008693 0.050517
v -0.008925 -0.009247 0.050642
v -0.008927 -0.009792 0.050802
v -0.008929 -0.010326 0.050996
v -0.009184 -0.060745 0.071123
v -0.009187 -0.061398 0.071360
v -0.009189 -0.062064 0.071555
v -0.009191 -0.062742 0.071708
v -0.009251 -0.061964 0.075743
v -0.009250 -0.061410 0.075618
v -0.009248 -0.060864 0.075458
v -0.009245 -0.060330 0.075264
v -0.008991 -0.009912 0.055137
v -0.008988 -0.009259 0.054900
v -0.008986 -0.008593 0.054705
v -0.008260 -0.059959 0.076207
v 0.005739 -0.059947 0.076414
v 0.005993 -0.009529 0.056287
v -0.008005 -0.009540 0.056081
v 0.006814 -0.060731 0.071359
v 0.007069 -0.010313 0.051232
v 0.007071 -0.009779 0.051038
v 0.007073 -0.009233 0.050879
v 0.007075 -0.008679 0.050753
v 0.007014 -0.007902 0.054788
v 0.007013 -0.008579 0.054941
v 0.007010 -0.009246 0.055136
v 0.007007 -0.009898 0.055373
v 0.006753 -0.060317 0.075500
v 0.006750 -0.060851 0.075694
v 0.006749 -0.061396 0.075854
v 0.006747 -0.061951 0.075979
v 0.006807 -0.062728 0.071944
v 0.006809 -0.062051 0.071791
v 0.006811 -0.061384 0.071596
v 0.007075 -0.008679 0.050753
v 0.007075 -0.008118 0.050664
v 0.007076 -0.007552 0.050609
v 0.007075 -0.006984 0.050591
v 0.007070 -0.000327 0.050585
v 0.007011 -0.000323 0.054584
v 0.007015 -0.005830 0.054589
v 0.007016 -0.006524 0.054612
v 0.007015 -0.007216 0.054678
v 0.007014 -0.007902 0.054788
v -0.007998 -0.005842 0.055368
v 0.006001 -0.005830 0.055574
v 0.005996 -0.000323 0.055569
v 0.005820 0.001235 0.055565
v 0.005301 0.002714 0.055556
v 0.004466 0.004040 0.055543
v 0.003357 0.005148 0.055525
v 0.002029 0.005981 0.055505
v 0.000549 0.006497 0.055483
v -0.001009 0.006671 0.055459
v -0.002566 0.006494 0.055437
v -0.004045 0.005975 0.055415
v -0.005371 0.005140 0.055396
v -0.006479 0.004031 0.055381
v -0.007312 0.002703 0.055370
v -0.007828 0.001223 0.055364
v -0.008002 -0.000335 0.055363
v -0.005003 -0.000332 0.055407
v -0.004886 -0.001289 0.055410
v -0.004543 -0.002191 0.055415
v -0.003994 -0.002984 0.055424
v -0.003272 -0.003623 0.055436
v -0.002418 -0.004070 0.055449
v -0.001482 -0.004300 0.055463
v -0.000518 -0.004299 0.055477
v 0.000418 -0.004068 0.055490
v 0.001272 -0.003619 0.055503
v 0.001993 -0.002979 0.055513
v 0.002540 -0.002185 0.055520
v 0.002881 -0.001283 0.055524
v 0.002997 -0.000325 0.055525
v 0.002880 0.000632 0.055522
v 0.002537 0.001533 0.055516
v 0.001989 0.002326 0.055508
v 0.001266 0.002965 0.055496
v 0.000412 0.003412 0.055483
v -0.000524 0.003642 0.055469
v -0.001488 0.003642 0.055455
v -0.002424 0.003410 0.055442
v -0.003278 0.002961 0.055429
v -0.003999 0.002321 0.055419
v -0.004546 0.001527 0.055412
v -0.004887 0.000625 0.055408
v -0.008987 -0.000336 0.054348
v -0.008928 -0.000340 0.050348
v -0.008923 -0.006998 0.050355
v -0.008923 -0.007566 0.050373
v -0.008923 -0.008132 0.050427
v -0.008924 -0.008693 0.050517
v -0.008984 -0.007915 0.054552
v -0.008983 -0.007229 0.054442
v -0.008982 -0.006538 0.054376
v -0.008983 -0.005844 0.054353
v 0.006090 -0.006986 0.049576
v -0.007908 -0.006998 0.049370
v -0.007914 -0.000340 0.049363
v -0.007739 0.001218 0.049364
v -0.007223 0.002698 0.049371
v -0.006390 0.004025 0.049382
v -0.005283 0.005135 0.049397
v -0.003956 0.005970 0.049416
v -0.002477 0.006489 0.049437
v -0.000920 0.006666 0.049460
v 0.000637 0.006491 0.049483
v 0.002117 0.005975 0.049505
v 0.003445 0.005142 0.049526
v 0.004554 0.004035 0.049543
v 0.005389 0.002708 0.049557
v 0.005908 0.001229 0.049566
v 0.006085 -0.000328 0.049570
v -0.004914 -0.000338 0.049408
v -0.004799 0.000620 0.049408
v -0.004457 0.001522 0.049413
v -0.003910 0.002316 0.049420
v -0.003189 0.002956 0.049430
v -0.002336 0.003405 0.049442
v -0.001400 0.003636 0.049456
v -0.000436 0.003637 0.049470
v 0.000501 0.003407 0.049484
v 0.001355 0.002959 0.049497
v 0.002077 0.002321 0.049508
v 0.002625 0.001528 0.049517
v 0.002968 0.000626 0.049523
v 0.003085 -0.000331 0.049526
v 0.002970 -0.001288 0.049525
v 0.002629 -0.002190 0.049521
v 0.002082 -0.002984 0.049513
v 0.001360 -0.003624 0.049503
v 0.000507 -0.004073 0.049491
v -0.000429 -0.004305 0.049477
v -0.001393 -0.004306 0.049463
v -0.002330 -0.004076 0.049449
v -0.003184 -0.003628 0.049436
v -0.003906 -0.002989 0.049425
v -0.004454 -0.002196 0.049416
v -0.004797 -0.001295 0.049410
v -0.004914 -0.000338 0.049408
v -0.004799 0.000620 0.049408
v -0.004457 0.001522 0.049413
v -0.003910 0.002316 0.049420
v -0.003189 0.002956 0.049430
v -0.002336 0.003405 0.049442
v -0.001400 0.003636 0.049456
v -0.000436 0.003637 0.049470
v 0.000501 0.003407 0.049484
v 0.001355 0.002959 0.049497
v 0.002077 0.002321 0.049508
v 0.002625 0.001528 0.049517
v 0.002968 0.000626 0.049523
v 0.003085 -0.000331 0.049526
v -0.005003 -0.000332 0.055407
v 0.002997 -0.000325 0.055525
v 0.002880 0.000632 0.055522
v 0.002537 0.001533 0.055516
v 0.001989 0.002326 0.055508
v 0.001266 0.002965 0.055496
v 0.000412 0.003412 0.055483
v -0.000524 0.003642 0.055469
v -0.001488 0.003642 0.055455
v -0.002424 0.003410 0.055442
v -0.003278 0.002961 0.055429
v -0.003999 0.002321 0.055419
v -0.004546 0.001527 0.055412
v -0.004887 0.000625 0.055408
v -0.000961 -0.113325 0.059072
v -0.001138 -0.113314 0.071070
v -0.000004 -0.113208 0.059086
v 0.000897 -0.112866 0.059099
v 0.001690 -0.112317 0.059110
v 0.002329 -0.111595 0.059119
v 0.002777 -0.110741 0.059125
v 0.003007 -0.109804 0.059127
v 0.003006 -0.108840 0.059126
v 0.002774 -0.107904 0.059122
v 0.002325 -0.107050 0.059114
v 0.001685 -0.106329 0.059104
v 0.000892 -0.105782 0.059092
v -0.000010 -0.105441 0.059079
v -0.000968 -0.105325 0.059064
v -0.001145 -0.105314 0.071063
v -0.000187 -0.105430 0.071077
v 0.000714 -0.105771 0.071091
v 0.001508 -0.106318 0.071103
v 0.002148 -0.107039 0.071113
v 0.002597 -0.107893 0.071121
v 0.002829 -0.108829 0.071125
v 0.002829 -0.109793 0.071126
v 0.002599 -0.110730 0.071123
v 0.002152 -0.111584 0.071117
v 0.001513 -0.112306 0.071109
v 0.000720 -0.112855 0.071097
v -0.000181 -0.113197 0.071084
v -0.000961 -0.113325 0.059072
v -0.000004 -0.113208 0.059086
v 0.000897 -0.112866 0.059099
v 0.001690 -0.112317 0.059110
v 0.002329 -0.111595 0.059119
v 0.002777 -0.110741 0.059125
v 0.003007 -0.109804 0.059127
v 0.003006 -0.108840 0.059126
v 0.002774 -0.107904 0.059122
v 0.002325 -0.107050 0.059114
v 0.001685 -0.106329 0.059104
v 0.000892 -0.105782 0.059092
v -0.000010 -0.105441 0.059079
v -0.000968 -0.105325 0.059064
v -0.001925 -0.105442 0.059050
v -0.002826 -0.105785 0.059037
v -0.003619 -0.106334 0.059026
v -0.004258 -0.107056 0.059017
v -0.004705 -0.107910 0.059012
v -0.004935 -0.108847 0.059009
v -0.004934 -0.109811 0.059010
v -0.004703 -0.110747 0.059014
v -0.004254 -0.111600 0.059022
v -0.003614 -0.112322 0.059032
v -0.002820 -0.112869 0.059044
v -0.001918 -0.113210 0.059058
v 0.006090 -0.006986 0.049576
v -0.007908 -0.006998 0.049370
v 0.006091 -0.007617 0.049597
v 0.006090 -0.008246 0.049657
v 0.006089 -0.008869 0.049757
v 0.006088 -0.009485 0.049896
v 0.006086 -0.010091 0.050073
v 0.006083 -0.010685 0.050289
v -0.007915 -0.010696 0.050082
v -0.007913 -0.010103 0.049867
v -0.007911 -0.009497 0.049689
v -0.007909 -0.008881 0.049550
v -0.007908 -0.008258 0.049450
v -0.007908 -0.007629 0.049390
v -0.008176 -0.062930 0.070741
v -0.008175 -0.062314 0.070602
v -0.008173 -0.061708 0.070424
v -0.008170 -0.061115 0.070209
v -0.008178 -0.064813 0.070922
v -0.008178 -0.064182 0.070901
v -0.008177 -0.063553 0.070841
v 0.005821 -0.064801 0.071128
v 0.005822 -0.062918 0.070948
v 0.005821 -0.063542 0.071047
v 0.005821 -0.064170 0.071108
v 0.005828 -0.061103 0.070415
v 0.005826 -0.061696 0.070631
v 0.005824 -0.062302 0.070809
v 0.005993 -0.009529 0.056287
v -0.008005 -0.009540 0.056081
v -0.007999 -0.007725 0.055549
v -0.008000 -0.008341 0.055688
v -0.008002 -0.008947 0.055865
v -0.007998 -0.005842 0.055368
v -0.007997 -0.006473 0.055388
v -0.007998 -0.007101 0.055449
v 0.006001 -0.005830 0.055574
v 0.006000 -0.007713 0.055755
v 0.006001 -0.007090 0.055655
v 0.006001 -0.006461 0.055595
v 0.005996 -0.008935 0.056072
v 0.005998 -0.008329 0.055894
v 0.005731 -0.063645 0.077126
v 0.005731 -0.063014 0.077106
v 0.005732 -0.062386 0.077046
v 0.005733 -0.061762 0.076946
v 0.005734 -0.061146 0.076807
v 0.005736 -0.060540 0.076629
v 0.005739 -0.059947 0.076414
v -0.008260 -0.059959 0.076207
v -0.008262 -0.060552 0.076423
v -0.008264 -0.061158 0.076600
v -0.008266 -0.061774 0.076739
v -0.008267 -0.062397 0.076839
v -0.008267 -0.063026 0.076899
v -0.008267 -0.063657 0.076920
v -0.000936 0.007667 0.050459
v -0.000995 0.007670 0.054459
v -0.002716 0.007465 0.050433
v -0.004406 0.006871 0.050409
v -0.005922 0.005917 0.050387
v -0.007187 0.004649 0.050370
v -0.008139 0.003132 0.050357
v -0.008729 0.001440 0.050350
v -0.008928 -0.000340 0.050348
v -0.008987 -0.000336 0.054348
v -0.008788 0.001444 0.054349
v -0.008198 0.003135 0.054356
v -0.007246 0.004653 0.054369
v -0.005981 0.005921 0.054387
v -0.004465 0.006875 0.054408
v -0.002775 0.007468 0.054432
v 0.007070 -0.000327 0.050585
v 0.007011 -0.000323 0.054584
v 0.006868 0.001453 0.050580
v 0.006275 0.003144 0.050570
v 0.005321 0.004660 0.050554
v 0.004053 0.005925 0.050534
v 0.002536 0.006877 0.050511
v 0.000844 0.007467 0.050485
v -0.000936 0.007667 0.050459
v -0.000995 0.007670 0.054459
v 0.000785 0.007471 0.054485
v 0.002477 0.006881 0.054511
v 0.003994 0.005929 0.054534
v 0.005262 0.004663 0.054554
v 0.006216 0.003147 0.054569
v 0.006809 0.001457 0.054579
v -0.009155 -0.109320 0.071949
v -0.009214 -0.109316 0.075948
v -0.008953 -0.111100 0.071953
v -0.008360 -0.112791 0.071964
v -0.007406 -0.114307 0.071979
v -0.006138 -0.115572 0.071999
v -0.004621 -0.116524 0.072022
v -0.002930 -0.117114 0.072048
v -0.001150 -0.117313 0.072074
v -0.001209 -0.117310 0.076074
v -0.002989 -0.117111 0.076047
v -0.004680 -0.116520 0.076022
v -0.006197 -0.115569 0.075998
v -0.007465 -0.114303 0.075979
v -0.008419 -0.112787 0.075963
v -0.009012 -0.111096 0.075953
v -0.001209 -0.117310 0.076074
v -0.001150 -0.117313 0.072074
v 0.000630 -0.117111 0.072100
v 0.002321 -0.116518 0.072125
v 0.003836 -0.115564 0.072146
v 0.005102 -0.114296 0.072164
v 0.006054 -0.112778 0.072176
v 0.006644 -0.111087 0.072183
v 0.006843 -0.109307 0.072185
v 0.006784 -0.109303 0.076184
v 0.006585 -0.111083 0.076183
v 0.005995 -0.112775 0.076176
v 0.005043 -0.114292 0.076163
v 0.003777 -0.115560 0.076146
v 0.002262 -0.116514 0.076124
v 0.000571 -0.117108 0.076100
v 0.005821 -0.064801 0.071128
v 0.005858 -0.109308 0.071170
v 0.006843 -0.109307 0.072185
v 0.006806 -0.064799 0.072143
v 0.005858 -0.109308 0.071170
v 0.006843 -0.109307 0.072185
v -0.001150 -0.117313 0.072074
v 0.000630 -0.117111 0.072100
v 0.002321 -0.116518 0.072125
v 0.003836 -0.115564 0.072146
v 0.005102 -0.114296 0.072164
v 0.006054 -0.112778 0.072176
v 0.006644 -0.111087 0.072183
v -0.001136 -0.116314 0.071073
v 0.005684 -0.110866 0.071169
v 0.005167 -0.112346 0.071163
v 0.004334 -0.113674 0.071152
v 0.003227 -0.114783 0.071136
v 0.001901 -0.115618 0.071117
v 0.000422 -0.116137 0.071096
v 0.006806 -0.064799 0.072143
v 0.006806 -0.064105 0.072120
v 0.006806 -0.063414 0.072054
v 0.006807 -0.062728 0.071944
v 0.005822 -0.062918 0.070948
v 0.005821 -0.063542 0.071047
v 0.005821 -0.064170 0.071108
v 0.005821 -0.064801 0.071128
v -0.001136 -0.116314 0.071073
v -0.001150 -0.117313 0.072074
v -0.009155 -0.109320 0.071949
v -0.008953 -0.111100 0.071953
v -0.008360 -0.112791 0.071964
v -0.007406 -0.114307 0.071979
v -0.006138 -0.115572 0.071999
v -0.004621 -0.116524 0.072022
v -0.002930 -0.117114 0.072048
v -0.008141 -0.109320 0.070963
v -0.002693 -0.116140 0.071050
v -0.004173 -0.115624 0.071028
v -0.005501 -0.114791 0.071007
v -0.006610 -0.113683 0.070990
v -0.007445 -0.112357 0.070977
v -0.007964 -0.110878 0.070967
v 0.006807 -0.062728 0.071944
v 0.006809 -0.062051 0.071791
v 0.006811 -0.061384 0.071596
v 0.006814 -0.060731 0.071359
v 0.005828 -0.061103 0.070415
v 0.005826 -0.061696 0.070631
v 0.005824 -0.062302 0.070809
v 0.005822 -0.062918 0.070948
v -0.008141 -0.109320 0.070963
v -0.008178 -0.064813 0.070922
v -0.009192 -0.064813 0.071907
v -0.009155 -0.109320 0.071949
v 0.006814 -0.060731 0.071359
v 0.007069 -0.010313 0.051232
v 0.006083 -0.010685 0.050289
v 0.005828 -0.061103 0.070415
v -0.008178 -0.064813 0.070922
v -0.008178 -0.064182 0.070901
v -0.008177 -0.063553 0.070841
v -0.008176 -0.062930 0.070741
v -0.009191 -0.062742 0.071708
v -0.009192 -0.063427 0.071818
v -0.009192 -0.064119 0.071884
v -0.009192 -0.064813 0.071907
v 0.007069 -0.010313 0.051232
v 0.006083 -0.010685 0.050289
v 0.006089 -0.008869 0.049757
v 0.006088 -0.009485 0.049896
v 0.006086 -0.010091 0.050073
v 0.007075 -0.008679 0.050753
v 0.007071 -0.009779 0.051038
v 0.007073 -0.009233 0.050879
v -0.008176 -0.062930 0.070741
v -0.008175 -0.062314 0.070602
v -0.008173 -0.061708 0.070424
v -0.008170 -0.061115 0.070209
v -0.009184 -0.060745 0.071123
v -0.009187 -0.061398 0.071360
v -0.009189 -0.062064 0.071555
v -0.009191 -0.062742 0.071708
v 0.007075 -0.008679 0.050753
v 0.006089 -0.008869 0.049757
v 0.006090 -0.006986 0.049576
v 0.006091 -0.007617 0.049597
v 0.006090 -0.008246 0.049657
v 0.007075 -0.006984 0.050591
v 0.007075 -0.008118 0.050664
v 0.007076 -0.007552 0.050609
v -0.008170 -0.061115 0.070209
v -0.007915 -0.010696 0.050082
v -0.008929 -0.010326 0.050996
v -0.009184 -0.060745 0.071123
v 0.007075 -0.006984 0.050591
v 0.007070 -0.000327 0.050585
v 0.006085 -0.000328 0.049570
v 0.006090 -0.006986 0.049576
v -0.007915 -0.010696 0.050082
v -0.008929 -0.010326 0.050996
v -0.008924 -0.008693 0.050517
v -0.008925 -0.009247 0.050642
v -0.008927 -0.009792 0.050802
v -0.007909 -0.008881 0.049550
v -0.007913 -0.010103 0.049867
v -0.007911 -0.009497 0.049689
v 0.007070 -0.000327 0.050585
v 0.006085 -0.000328 0.049570
v -0.000920 0.006666 0.049460
v 0.000637 0.006491 0.049483
v 0.002117 0.005975 0.049505
v 0.003445 0.005142 0.049526
v 0.004554 0.004035 0.049543
v 0.005389 0.002708 0.049557
v 0.005908 0.001229 0.049566
v -0.000936 0.007667 0.050459
v 0.006868 0.001453 0.050580
v 0.006275 0.003144 0.050570
v 0.005321 0.004660 0.050554
v 0.004053 0.005925 0.050534
v 0.002536 0.006877 0.050511
v 0.000844 0.007467 0.050485
v -0.007909 -0.008881 0.049550
v -0.008924 -0.008693 0.050517
v -0.008923 -0.006998 0.050355
v -0.008923 -0.007566 0.050373
v -0.008923 -0.008132 0.050427
v -0.007908 -0.006998 0.049370
v -0.007908 -0.008258 0.049450
v -0.007908 -0.007629 0.049390
v -0.000936 0.007667 0.050459
v -0.000920 0.006666 0.049460
v -0.007914 -0.000340 0.049363
v -0.007739 0.001218 0.049364
v -0.007223 0.002698 0.049371
v -0.006390 0.004025 0.049382
v -0.005283 0.005135 0.049397
v -0.003956 0.005970 0.049416
v -0.002477 0.006489 0.049437
v -0.008928 -0.000340 0.050348
v -0.002716 0.007465 0.050433
v -0.004406 0.006871 0.050409
v -0.005922 0.005917 0.050387
v -0.007187 0.004649 0.050370
v -0.008139 0.003132 0.050357
v -0.008729 0.001440 0.050350
v -0.007908 -0.006998 0.049370
v -0.007914 -0.000340 0.049363
v -0.008928 -0.000340 0.050348
v -0.008923 -0.006998 0.050355
v -0.008267 -0.063657 0.076920
v -0.008229 -0.109315 0.076963
v -0.009214 -0.109316 0.075948
v -0.009252 -0.063659 0.075905
v -0.008229 -0.109315 0.076963
v -0.009214 -0.109316 0.075948
v -0.001209 -0.117310 0.076074
v -0.002989 -0.117111 0.076047
v -0.004680 -0.116520 0.076022
v -0.006197 -0.115569 0.075998
v -0.007465 -0.114303 0.075979
v -0.008419 -0.112787 0.075963
v -0.009012 -0.111096 0.075953
v -0.001224 -0.116309 0.077073
v -0.008052 -0.110872 0.076967
v -0.007533 -0.112351 0.076976
v -0.006699 -0.113678 0.076989
v -0.005589 -0.114785 0.077007
v -0.004262 -0.115618 0.077027
v -0.002782 -0.116135 0.077050
v -0.009252 -0.063659 0.075905
v -0.008267 -0.063657 0.076920
v -0.008266 -0.061774 0.076739
v -0.008267 -0.062397 0.076839
v -0.008267 -0.063026 0.076899
v -0.009251 -0.061964 0.075743
v -0.009252 -0.063091 0.075887
v -0.009252 -0.062525 0.075832
v -0.001224 -0.116309 0.077073
v -0.001209 -0.117310 0.076074
v 0.006784 -0.109303 0.076184
v 0.006585 -0.111083 0.076183
v 0.005995 -0.112775 0.076176
v 0.005043 -0.114292 0.076163
v 0.003777 -0.115560 0.076146
v 0.002262 -0.116514 0.076124
v 0.000571 -0.117108 0.076100
v 0.005769 -0.109303 0.077169
v 0.000333 -0.116132 0.077095
v 0.001812 -0.115613 0.077117
v 0.003138 -0.114778 0.077136
v 0.004246 -0.113669 0.077151
v 0.005079 -0.112341 0.077162
v 0.005595 -0.110861 0.077168
v -0.009251 -0.061964 0.075743
v -0.008266 -0.061774 0.076739
v -0.008260 -0.059959 0.076207
v -0.008262 -0.060552 0.076423
v -0.008264 -0.061158 0.076600
v -0.009245 -0.060330 0.075264
v -0.009250 -0.061410 0.075618
v -0.009248 -0.060864 0.075458
v 0.005769 -0.109303 0.077169
v 0.005731 -0.063645 0.077126
v 0.006746 -0.063645 0.076141
v 0.006784 -0.109303 0.076184
v -0.009245 -0.060330 0.075264
v -0.008991 -0.009912 0.055137
v -0.008005 -0.009540 0.056081
v -0.008260 -0.059959 0.076207
v 0.005731 -0.063645 0.077126
v 0.006746 -0.063645 0.076141
v 0.006747 -0.061951 0.075979
v 0.006746 -0.062512 0.076069
v 0.006746 -0.063077 0.076123
v 0.005733 -0.061762 0.076946
v 0.005731 -0.063014 0.077106
v 0.005732 -0.062386 0.077046
v -0.008991 -0.009912 0.055137
v -0.008988 -0.009259 0.054900
v -0.008986 -0.008593 0.054705
v -0.008984 -0.007915 0.054552
v -0.007999 -0.007725 0.055549
v -0.008000 -0.008341 0.055688
v -0.008002 -0.008947 0.055865
v -0.008005 -0.009540 0.056081
v 0.005733 -0.061762 0.076946
v 0.006747 -0.061951 0.075979
v 0.006753 -0.060317 0.075500
v 0.006750 -0.060851 0.075694
v 0.006749 -0.061396 0.075854
v 0.005739 -0.059947 0.076414
v 0.005734 -0.061146 0.076807
v 0.005736 -0.060540 0.076629
v -0.008984 -0.007915 0.054552
v -0.008983 -0.007229 0.054442
v -0.008982 -0.006538 0.054376
v -0.008983 -0.005844 0.054353
v -0.007998 -0.005842 0.055368
v -0.007997 -0.006473 0.055388
v -0.007998 -0.007101 0.055449
v -0.007999 -0.007725 0.055549
v 0.005739 -0.059947 0.076414
v 0.005993 -0.009529 0.056287
v 0.007007 -0.009898 0.055373
v 0.006753 -0.060317 0.075500
v -0.008983 -0.005844 0.054353
v -0.008987 -0.000336 0.054348
v -0.008002 -0.000335 0.055363
v -0.007998 -0.005842 0.055368
v 0.005993 -0.009529 0.056287
v 0.005996 -0.008935 0.056072
v 0.005998 -0.008329 0.055894
v 0.006000 -0.007713 0.055755
v 0.007014 -0.007902 0.054788
v 0.007013 -0.008579 0.054941
v 0.007010 -0.009246 0.055136
v 0.007007 -0.009898 0.055373
v -0.008987 -0.000336 0.054348
v -0.008002 -0.000335 0.055363
v -0.001009 0.006671 0.055459
v -0.002566 0.006494 0.055437
v -0.004045 0.005975 0.055415
v -0.005371 0.005140 0.055396
v -0.006479 0.004031 0.055381
v -0.007312 0.002703 0.055370
v -0.007828 0.001223 0.055364
v -0.000995 0.007670 0.054459
v -0.008788 0.001444 0.054349
v -0.008198 0.003135 0.054356
v -0.007246 0.004653 0.054369
v -0.005981 0.005921 0.054387
v -0.004465 0.006875 0.054408
v -0.002775 0.007468 0.054432
v 0.006000 -0.007713 0.055755
v 0.006001 -0.007090 0.055655
v 0.006001 -0.006461 0.055595
v 0.006001 -0.005830 0.055574
v 0.007015 -0.005830 0.054589
v 0.007016 -0.006524 0.054612
v 0.007015 -0.007216 0.054678
v 0.007014 -0.007902 0.054788
v -0.000995 0.007670 0.054459
v -0.001009 0.006671 0.055459
v 0.005996 -0.000323 0.055569
v 0.005820 0.001235 0.055565
v 0.005301 0.002714 0.055556
v 0.004466 0.004040 0.055543
v 0.003357 0.005148 0.055525
v 0.002029 0.005981 0.055505
v 0.000549 0.006497 0.055483
v 0.007011 -0.000323 0.054584
v 0.000785 0.007471 0.054485
v 0.002477 0.006881 0.054511
v 0.003994 0.005929 0.054534
v 0.005262 0.004663 0.054554
v 0.006216 0.003147 0.054569
v 0.006809 0.001457 0.054579
v 0.006001 -0.005830 0.055574
v 0.005996 -0.000323 0.055569
v 0.007011 -0.000323 0.054584
v 0.007015 -0.005830 0.054589
v -0.001918 -0.074692 -0.061941
v -0.000919 -0.073691 -0.061928
v -0.005318 -0.073695 -0.061992
v -0.005262 -0.073694 -0.061465
v -0.005081 -0.073694 -0.060966
v -0.004787 -0.073693 -0.060526
v -0.004395 -0.073693 -0.060168
v -0.003929 -0.073692 -0.059915
v -0.003416 -0.073691 -0.059780
v -0.002886 -0.073691 -0.059772
v -0.002369 -0.073691 -0.059892
v -0.001896 -0.073690 -0.060131
v -0.001494 -0.073690 -0.060477
v -0.001186 -0.073691 -0.060909
v -0.000990 -0.073691 -0.061402
v -0.004318 -0.074694 -0.061977
v -0.004287 -0.074694 -0.061689
v -0.004188 -0.074694 -0.061417
v -0.004028 -0.074693 -0.061177
v -0.003814 -0.074693 -0.060982
v -0.003560 -0.074692 -0.060843
v -0.003280 -0.074692 -0.060770
v -0.002991 -0.074692 -0.060766
v -0.002709 -0.074692 -0.060831
v -0.002451 -0.074692 -0.060962
v -0.002231 -0.074692 -0.061150
v -0.002064 -0.074692 -0.061386
v -0.001957 -0.074692 -0.061655
v -0.004661 -0.074194 -0.061245
v -0.004198 -0.074193 -0.060646
v -0.003521 -0.074192 -0.060308
v -0.002764 -0.074191 -0.060297
v -0.002078 -0.074191 -0.060615
v -0.001597 -0.074191 -0.061199
v -0.001915 -0.078692 -0.061938
v -0.001918 -0.074692 -0.061941
v -0.004318 -0.074694 -0.061977
v -0.004287 -0.074694 -0.061689
v -0.004188 -0.074694 -0.061417
v -0.004028 -0.074693 -0.061177
v -0.003814 -0.074693 -0.060982
v -0.003560 -0.074692 -0.060843
v -0.003280 -0.074692 -0.060770
v -0.002991 -0.074692 -0.060766
v -0.002709 -0.074692 -0.060831
v -0.002451 -0.074692 -0.060962
v -0.002231 -0.074692 -0.061150
v -0.002064 -0.074692 -0.061386
v -0.001957 -0.074692 -0.061655
v -0.004314 -0.078694 -0.061973
v -0.004284 -0.078694 -0.061685
v -0.004185 -0.078694 -0.061413
v -0.004024 -0.078693 -0.061173
v -0.003811 -0.078693 -0.060978
v -0.003556 -0.078693 -0.060840
v -0.003277 -0.078692 -0.060766
v -0.002987 -0.078692 -0.060762
v -0.002706 -0.078692 -0.060827
v -0.002447 -0.078692 -0.060958
v -0.002228 -0.078692 -0.061146
v -0.002060 -0.078692 -0.061382
v -0.001954 -0.078692 -0.061651
v 0.006081 -0.074685 -0.061823
v 0.007080 -0.073685 -0.061809
v 0.002681 -0.073688 -0.061874
v 0.002737 -0.073688 -0.061347
v 0.002918 -0.073687 -0.060848
v 0.003213 -0.073687 -0.060408
v 0.003604 -0.073686 -0.060050
v 0.004070 -0.073685 -0.059797
v 0.004583 -0.073685 -0.059662
v 0.005114 -0.073684 -0.059654
v 0.005630 -0.073684 -0.059774
v 0.006103 -0.073684 -0.060013
v 0.006506 -0.073684 -0.060359
v 0.006813 -0.073684 -0.060791
v 0.007009 -0.073684 -0.061284
v 0.003682 -0.074687 -0.061859
v 0.003712 -0.074687 -0.061571
v 0.003811 -0.074687 -0.061299
v 0.003972 -0.074686 -0.061059
v 0.004185 -0.074686 -0.060864
v 0.004439 -0.074686 -0.060725
v 0.004719 -0.074685 -0.060652
v 0.005008 -0.074685 -0.060648
v 0.005290 -0.074685 -0.060713
v 0.005548 -0.074685 -0.060843
v 0.005768 -0.074685 -0.061032
v 0.005936 -0.074685 -0.061268
v 0.006042 -0.074685 -0.061537
v 0.003339 -0.074187 -0.061127
v 0.003802 -0.074186 -0.060528
v 0.004478 -0.074185 -0.060190
v 0.005235 -0.074185 -0.060179
v 0.005921 -0.074184 -0.060497
v 0.006402 -0.074184 -0.061081
v 0.006085 -0.078685 -0.061820
v 0.006081 -0.074685 -0.061823
v 0.003682 -0.074687 -0.061859
v 0.003712 -0.074687 -0.061571
v 0.003811 -0.074687 -0.061299
v 0.003972 -0.074686 -0.061059
v 0.004185 -0.074686 -0.060864
v 0.004439 -0.074686 -0.060725
v 0.004719 -0.074685 -0.060652
v 0.005008 -0.074685 -0.060648
v 0.005290 -0.074685 -0.060713
v 0.005548 -0.074685 -0.060843
v 0.005768 -0.074685 -0.061032
v 0.005936 -0.074685 -0.061268
v 0.006042 -0.074685 -0.061537
v 0.003685 -0.078687 -0.061855
v 0.003715 -0.078687 -0.061567
v 0.003814 -0.078687 -0.061295
v 0.003975 -0.078686 -0.061055
v 0.004189 -0.078686 -0.060860
v 0.004443 -0.078686 -0.060722
v 0.004722 -0.078685 -0.060648
v 0.005012 -0.078685 -0.060644
v 0.005294 -0.078685 -0.060709
v 0.005552 -0.078685 -0.060840
v 0.005771 -0.078685 -0.061028
v 0.005939 -0.078685 -0.061264
v 0.006045 -0.078685 -0.061533
v 0.004237 -0.074569 0.063163
v 0.005236 -0.073569 0.063177
v 0.000836 -0.073572 0.063112
v 0.000892 -0.073572 0.063639
v 0.001073 -0.073571 0.064138
v 0.001368 -0.073571 0.064579
v 0.001760 -0.073570 0.064936
v 0.002226 -0.073569 0.065190
v 0.002739 -0.073569 0.065324
v 0.003269 -0.073568 0.065332
v 0.003786 -0.073568 0.065213
v 0.004259 -0.073568 0.064973
v 0.004661 -0.073568 0.064627
v 0.004969 -0.073568 0.064195
v 0.005164 -0.073568 0.063702
v 0.001837 -0.074571 0.063128
v 0.001867 -0.074571 0.063415
v 0.001966 -0.074571 0.063687
v 0.002127 -0.074570 0.063928
v 0.002341 -0.074570 0.064123
v 0.002595 -0.074570 0.064261
v 0.002875 -0.074569 0.064334
v 0.003164 -0.074569 0.064339
v 0.003446 -0.074569 0.064274
v 0.003704 -0.074569 0.064143
v 0.003923 -0.074569 0.063954
v 0.004091 -0.074569 0.063719
v 0.004197 -0.074569 0.063450
v 0.001494 -0.074071 0.063860
v 0.001957 -0.074070 0.064458
v 0.002634 -0.074069 0.064796
v 0.003390 -0.074069 0.064808
v 0.004076 -0.074068 0.064489
v 0.004557 -0.074068 0.063905
v 0.004240 -0.078569 0.063167
v 0.004237 -0.074569 0.063163
v 0.001837 -0.074571 0.063128
v 0.001867 -0.074571 0.063415
v 0.001966 -0.074571 0.063687
v 0.002127 -0.074570 0.063928
v 0.002341 -0.074570 0.064123
v 0.002595 -0.074570 0.064261
v 0.002875 -0.074569 0.064334
v 0.003164 -0.074569 0.064339
v 0.003446 -0.074569 0.064274
v 0.003704 -0.074569 0.064143
v 0.003923 -0.074569 0.063954
v 0.004091 -0.074569 0.063719
v 0.004197 -0.074569 0.063450
v 0.001840 -0.078572 0.063131
v 0.001871 -0.078571 0.063419
v 0.001969 -0.078571 0.063691
v 0.002130 -0.078570 0.063931
v 0.002344 -0.078570 0.064126
v 0.002598 -0.078570 0.064265
v 0.002878 -0.078569 0.064338
v 0.003167 -0.078569 0.064342
v 0.003449 -0.078569 0.064277
v 0.003707 -0.078569 0.064147
v 0.003926 -0.078569 0.063958
v 0.004094 -0.078569 0.063722
v 0.004201 -0.078569 0.063453
v -0.003763 -0.074576 0.063045
v -0.002763 -0.073575 0.063059
v -0.007163 -0.073579 0.062994
v -0.007107 -0.073578 0.063521
v -0.006926 -0.073578 0.064020
v -0.006631 -0.073577 0.064461
v -0.006240 -0.073577 0.064818
v -0.005774 -0.073576 0.065072
v -0.005261 -0.073575 0.065206
v -0.004730 -0.073575 0.065214
v -0.004214 -0.073575 0.065095
v -0.003740 -0.073574 0.064855
v -0.003338 -0.073574 0.064509
v -0.003031 -0.073575 0.064077
v -0.002835 -0.073575 0.063584
v -0.006162 -0.074578 0.063010
v -0.006132 -0.074578 0.063297
v -0.006033 -0.074578 0.063569
v -0.005872 -0.074577 0.063810
v -0.005659 -0.074577 0.064005
v -0.005405 -0.074577 0.064143
v -0.005125 -0.074576 0.064216
v -0.004835 -0.074576 0.064221
v -0.004553 -0.074576 0.064155
v -0.004295 -0.074576 0.064025
v -0.004076 -0.074576 0.063836
v -0.003908 -0.074576 0.063601
v -0.003802 -0.074576 0.063332
v -0.006505 -0.074078 0.063742
v -0.006042 -0.074077 0.064340
v -0.005366 -0.074076 0.064678
v -0.004609 -0.074075 0.064690
v -0.003923 -0.074075 0.064371
v -0.003442 -0.074075 0.063787
v -0.003759 -0.078576 0.063049
v -0.003763 -0.074576 0.063045
v -0.006162 -0.074578 0.063010
v -0.006132 -0.074578 0.063297
v -0.006033 -0.074578 0.063569
v -0.005872 -0.074577 0.063810
v -0.005659 -0.074577 0.064005
v -0.005405 -0.074577 0.064143
v -0.005125 -0.074576 0.064216
v -0.004835 -0.074576 0.064221
v -0.004553 -0.074576 0.064155
v -0.004295 -0.074576 0.064025
v -0.004076 -0.074576 0.063836
v -0.003908 -0.074576 0.063601
v -0.003802 -0.074576 0.063332
v -0.006159 -0.078578 0.063013
v -0.006128 -0.078578 0.063301
v -0.006030 -0.078578 0.063573
v -0.005869 -0.078577 0.063813
v -0.005655 -0.078577 0.064008
v -0.005401 -0.078577 0.064147
v -0.005121 -0.078576 0.064220
v -0.004832 -0.078576 0.064224
v -0.004550 -0.078576 0.064159
v -0.004292 -0.078576 0.064029
v -0.004073 -0.078576 0.063840
v -0.003905 -0.078576 0.063604
v -0.003798 -0.078576 0.063335
v -0.033361 -0.073668 -0.008551
v -0.033357 -0.078668 -0.008546
v -0.030357 -0.078665 -0.008502
v -0.030406 -0.078665 -0.008144
v -0.030539 -0.078665 -0.007807
v -0.030749 -0.078665 -0.007513
v -0.031023 -0.078665 -0.007277
v -0.031346 -0.078665 -0.007114
v -0.031698 -0.078665 -0.007033
v -0.032060 -0.078666 -0.007038
v -0.032410 -0.078666 -0.007130
v -0.032727 -0.078666 -0.007302
v -0.032994 -0.078667 -0.007546
v -0.033195 -0.078667 -0.007847
v -0.033319 -0.078668 -0.008187
v -0.030361 -0.073666 -0.008507
v -0.030410 -0.073665 -0.008148
v -0.030543 -0.073665 -0.007812
v -0.030753 -0.073665 -0.007518
v -0.031027 -0.073665 -0.007282
v -0.031350 -0.073665 -0.007119
v -0.031702 -0.073665 -0.007037
v -0.032064 -0.073666 -0.007043
v -0.032414 -0.073666 -0.007134
v -0.032731 -0.073666 -0.007307
v -0.032999 -0.073667 -0.007551
v -0.033200 -0.073667 -0.007851
v -0.033323 -0.073668 -0.008191
v -0.052404 -0.073683 -0.007945
v -0.052400 -0.078683 -0.007941
v -0.049400 -0.078681 -0.007896
v -0.049449 -0.078680 -0.007538
v -0.049582 -0.078680 -0.007202
v -0.049792 -0.078680 -0.006907
v -0.050066 -0.078680 -0.006672
v -0.050389 -0.078680 -0.006508
v -0.050741 -0.078680 -0.006427
v -0.051103 -0.078681 -0.006432
v -0.051453 -0.078681 -0.006524
v -0.051770 -0.078682 -0.006697
v -0.052037 -0.078682 -0.006940
v -0.052238 -0.078682 -0.007241
v -0.052362 -0.078683 -0.007581
v -0.049404 -0.073681 -0.007901
v -0.049453 -0.073680 -0.007543
v -0.049586 -0.073680 -0.007207
v -0.049796 -0.073680 -0.006912
v -0.050070 -0.073680 -0.006676
v -0.050393 -0.073680 -0.006513
v -0.050745 -0.073680 -0.006432
v -0.051107 -0.073681 -0.006437
v -0.051457 -0.073681 -0.006529
v -0.051774 -0.073682 -0.006701
v -0.052041 -0.073682 -0.006945
v -0.052242 -0.073682 -0.007246
v -0.052366 -0.073683 -0.007586
v -0.043407 -0.073692 -0.024740
v -0.043403 -0.078692 -0.024735
v -0.040403 -0.078689 -0.024691
v -0.040452 -0.078689 -0.024333
v -0.040585 -0.078689 -0.023996
v -0.040795 -0.078688 -0.023702
v -0.041069 -0.078688 -0.023466
v -0.041392 -0.078689 -0.023303
v -0.041744 -0.078689 -0.023221
v -0.042106 -0.078689 -0.023227
v -0.042456 -0.078689 -0.023318
v -0.042773 -0.078690 -0.023491
v -0.043040 -0.078690 -0.023735
v -0.043241 -0.078691 -0.024036
v -0.043365 -0.078691 -0.024375
v -0.040407 -0.073689 -0.024696
v -0.040456 -0.073689 -0.024337
v -0.040589 -0.073689 -0.024001
v -0.040799 -0.073688 -0.023707
v -0.041073 -0.073688 -0.023471
v -0.041396 -0.073689 -0.023307
v -0.041748 -0.073689 -0.023226
v -0.042110 -0.073689 -0.023231
v -0.042460 -0.073689 -0.023323
v -0.042777 -0.073690 -0.023496
v -0.043044 -0.073690 -0.023740
v -0.043246 -0.073691 -0.024040
v -0.043369 -0.073691 -0.024380
v 0.066451 -0.073576 0.001574
v 0.066116 -0.073583 -0.006152
v 0.064885 -0.073592 -0.013787
v 0.062777 -0.073600 -0.021227
v 0.059819 -0.073610 -0.028373
v 0.056052 -0.073619 -0.035126
v 0.051526 -0.073629 -0.041397
v 0.046303 -0.073638 -0.047099
v 0.040453 -0.073648 -0.052157
v 0.034055 -0.073657 -0.056502
v 0.027196 -0.073666 -0.060074
v 0.019969 -0.073675 -0.062826
v 0.012471 -0.073683 -0.064720
v 0.004805 -0.073690 -0.065731
v -0.002928 -0.073697 -0.065845
v -0.010621 -0.073702 -0.065061
v -0.018171 -0.073707 -0.063389
v -0.025477 -0.073711 -0.060851
v -0.032438 -0.073713 -0.057483
v -0.038961 -0.073715 -0.053329
v -0.044958 -0.073715 -0.048446
v -0.050347 -0.073714 -0.042900
v -0.055056 -0.073713 -0.036766
v -0.059021 -0.073710 -0.030127
v -0.062188 -0.073706 -0.023072
v -0.064515 -0.073701 -0.015697
v -0.065971 -0.073695 -0.008102
v -0.066534 -0.073688 -0.000389
v 0.067452 -0.074575 0.001589
v -0.067533 -0.074689 -0.000403
v -0.066961 -0.074696 -0.008232
v -0.065484 -0.074702 -0.015941
v -0.063122 -0.074707 -0.023427
v -0.059907 -0.074711 -0.030588
v -0.055882 -0.074714 -0.037327
v -0.051103 -0.074716 -0.043553
v -0.045632 -0.074716 -0.049183
v -0.039545 -0.074716 -0.054139
v -0.032924 -0.074714 -0.058355
v -0.025858 -0.074712 -0.061774
v -0.018443 -0.074708 -0.064350
v -0.010779 -0.074703 -0.066047
v -0.002970 -0.074698 -0.066843
v 0.004878 -0.074691 -0.066727
v 0.012660 -0.074684 -0.065701
v 0.020271 -0.074676 -0.063778
v 0.027607 -0.074667 -0.060985
v 0.034568 -0.074658 -0.057359
v 0.041062 -0.074648 -0.052949
v 0.047000 -0.074638 -0.047816
v 0.052302 -0.074629 -0.042027
v 0.056896 -0.074619 -0.035662
v 0.060720 -0.074609 -0.028807
v 0.063723 -0.074600 -0.021555
v 0.065863 -0.074591 -0.014003
v 0.067111 -0.074583 -0.006253
v -0.044240 -0.073682 -0.013763
v -0.044236 -0.078682 -0.013758
v -0.038871 -0.078677 -0.013679
v -0.038958 -0.078677 -0.013038
v -0.039196 -0.078677 -0.012437
v -0.039572 -0.078676 -0.011910
v -0.040062 -0.078676 -0.011488
v -0.040639 -0.078677 -0.011196
v -0.041269 -0.078677 -0.011051
v -0.041916 -0.078677 -0.011060
v -0.042542 -0.078678 -0.011224
v -0.043110 -0.078679 -0.011533
v -0.043588 -0.078680 -0.011969
v -0.043947 -0.078681 -0.012507
v -0.044167 -0.078681 -0.013115
v -0.038875 -0.073677 -0.013684
v -0.038962 -0.073677 -0.013043
v -0.039201 -0.073677 -0.012441
v -0.039576 -0.073676 -0.011915
v -0.040066 -0.073676 -0.011493
v -0.040643 -0.073677 -0.011201
v -0.041273 -0.073677 -0.011055
v -0.041920 -0.073677 -0.011065
v -0.042546 -0.073678 -0.011229
v -0.043114 -0.073679 -0.011538
v -0.043592 -0.073680 -0.011974
v -0.043951 -0.073681 -0.012512
v -0.044172 -0.073681 -0.013120
v 0.000777 -0.078616 0.017024
v 0.000773 -0.073616 0.017019
v -0.004727 -0.073620 0.016938
v -0.004656 -0.073620 0.017597
v -0.004430 -0.073619 0.018220
v -0.004062 -0.073618 0.018771
v -0.003572 -0.073617 0.019218
v -0.002990 -0.073616 0.019535
v -0.002349 -0.073616 0.019703
v -0.001686 -0.073615 0.019713
v -0.001040 -0.073615 0.019564
v -0.000448 -0.073615 0.019264
v 0.000054 -0.073615 0.018832
v 0.000439 -0.073615 0.018292
v 0.000683 -0.073615 0.017676
v -0.004722 -0.078620 0.016942
v 0.000687 -0.078615 0.017680
v 0.000443 -0.078615 0.018297
v 0.000059 -0.078615 0.018837
v -0.000444 -0.078615 0.019269
v -0.001036 -0.078615 0.019568
v -0.001682 -0.078615 0.019718
v -0.002344 -0.078616 0.019708
v -0.002986 -0.078616 0.019540
v -0.003568 -0.078617 0.019223
v -0.004058 -0.078618 0.018776
v -0.004426 -0.078619 0.018225
v -0.004652 -0.078620 0.017602
v -0.010511 -0.078650 -0.009232
v -0.010515 -0.073650 -0.009236
v -0.016014 -0.073654 -0.009318
v -0.015944 -0.073654 -0.008658
v -0.015718 -0.073653 -0.008035
v -0.015349 -0.073652 -0.007484
v -0.014860 -0.073651 -0.007037
v -0.014277 -0.073651 -0.006720
v -0.013636 -0.073650 -0.006552
v -0.012973 -0.073649 -0.006542
v -0.012327 -0.073649 -0.006692
v -0.011736 -0.073649 -0.006991
v -0.011233 -0.073649 -0.007423
v -0.010848 -0.073649 -0.007963
v -0.010604 -0.073649 -0.008580
v -0.016010 -0.078654 -0.009313
v -0.010600 -0.078649 -0.008575
v -0.010844 -0.078649 -0.007959
v -0.011229 -0.078649 -0.007419
v -0.011732 -0.078649 -0.006986
v -0.012323 -0.078649 -0.006687
v -0.012969 -0.078649 -0.006538
v -0.013632 -0.078650 -0.006548
v -0.014273 -0.078651 -0.006716
v -0.014856 -0.078651 -0.007032
v -0.015345 -0.078652 -0.007479
v -0.015714 -0.078653 -0.008030
v -0.015940 -0.078654 -0.008654
v 0.017871 -0.078623 -0.005879
v 0.017867 -0.073623 -0.005884
v 0.012367 -0.073628 -0.005965
v 0.012438 -0.073627 -0.005306
v 0.012664 -0.073626 -0.004683
v 0.013032 -0.073625 -0.004132
v 0.013522 -0.073625 -0.003685
v 0.014104 -0.073624 -0.003368
v 0.014745 -0.073623 -0.003200
v 0.015408 -0.073623 -0.003190
v 0.016054 -0.073622 -0.003339
v 0.016646 -0.073622 -0.003639
v 0.017148 -0.073622 -0.004071
v 0.017533 -0.073622 -0.004611
v 0.017777 -0.073623 -0.005227
v 0.012372 -0.078628 -0.005961
v 0.017781 -0.078623 -0.005223
v 0.017537 -0.078622 -0.004606
v 0.017153 -0.078622 -0.004066
v 0.016650 -0.078622 -0.003634
v 0.016058 -0.078622 -0.003335
v 0.015412 -0.078623 -0.003185
v 0.014750 -0.078623 -0.003195
v 0.014108 -0.078624 -0.003363
v 0.013526 -0.078625 -0.003680
v 0.013036 -0.078625 -0.004127
v 0.012668 -0.078626 -0.004678
v 0.012442 -0.078627 -0.005301
v -0.034106 -0.073608 0.055521
v -0.034101 -0.078608 0.055526
v -0.031602 -0.078606 0.055563
v -0.031643 -0.078606 0.055861
v -0.031753 -0.078606 0.056141
v -0.031928 -0.078606 0.056387
v -0.032157 -0.078606 0.056583
v -0.032426 -0.078606 0.056719
v -0.032719 -0.078606 0.056787
v -0.033021 -0.078606 0.056783
v -0.033312 -0.078607 0.056706
v -0.033577 -0.078607 0.056562
v -0.033799 -0.078607 0.056359
v -0.033967 -0.078608 0.056109
v -0.034070 -0.078608 0.055825
v -0.031606 -0.073606 0.055558
v -0.031647 -0.073606 0.055857
v -0.031758 -0.073606 0.056137
v -0.031933 -0.073606 0.056382
v -0.032161 -0.073606 0.056579
v -0.032430 -0.073606 0.056715
v -0.032723 -0.073606 0.056783
v -0.033025 -0.073606 0.056778
v -0.033316 -0.073607 0.056702
v -0.033581 -0.073607 0.056558
v -0.033804 -0.073607 0.056355
v -0.033971 -0.073608 0.056104
v -0.034074 -0.073608 0.055821
v 0.062702 -0.073579 0.001518
v 0.062706 -0.078579 0.001523
v 0.065206 -0.078577 0.001560
v 0.065165 -0.078577 0.001858
v 0.065054 -0.078576 0.002138
v 0.064879 -0.078576 0.002384
v 0.064651 -0.078576 0.002580
v 0.064382 -0.078576 0.002717
v 0.064088 -0.078577 0.002784
v 0.063787 -0.078577 0.002780
v 0.063495 -0.078577 0.002703
v 0.063231 -0.078578 0.002559
v 0.063008 -0.078578 0.002356
v 0.062841 -0.078578 0.002106
v 0.062738 -0.078579 0.001823
v 0.065202 -0.073577 0.001555
v 0.065161 -0.073577 0.001854
v 0.065050 -0.073576 0.002134
v 0.064875 -0.073576 0.002379
v 0.064647 -0.073576 0.002576
v 0.064378 -0.073576 0.002712
v 0.064084 -0.073577 0.002780
v 0.063783 -0.073577 0.002775
v 0.063491 -0.073577 0.002699
v 0.063227 -0.073578 0.002555
v 0.063004 -0.073578 0.002352
v 0.062836 -0.073578 0.002101
v 0.062734 -0.073579 0.001818
v -0.032470 -0.073711 -0.055318
v -0.032466 -0.078711 -0.055313
v -0.029966 -0.078709 -0.055276
v -0.030007 -0.078709 -0.054978
v -0.030118 -0.078709 -0.054698
v -0.030292 -0.078709 -0.054452
v -0.030521 -0.078709 -0.054256
v -0.030790 -0.078709 -0.054120
v -0.031083 -0.078709 -0.054052
v -0.031385 -0.078709 -0.054056
v -0.031676 -0.078709 -0.054133
v -0.031941 -0.078710 -0.054277
v -0.032163 -0.078710 -0.054480
v -0.032331 -0.078711 -0.054730
v -0.032434 -0.078711 -0.055014
v -0.029970 -0.073709 -0.055281
v -0.030011 -0.073709 -0.054983
v -0.030122 -0.073709 -0.054702
v -0.030297 -0.073709 -0.054457
v -0.030525 -0.073709 -0.054260
v -0.030794 -0.073709 -0.054124
v -0.031088 -0.073709 -0.054057
v -0.031389 -0.073709 -0.054061
v -0.031680 -0.073710 -0.054137
v -0.031945 -0.073710 -0.054281
v -0.032168 -0.073710 -0.054485
v -0.032335 -0.073711 -0.054735
v -0.032438 -0.073711 -0.055018
v -0.011040 -0.073641 0.000430
v -0.011036 -0.078641 0.000435
v 0.010962 -0.078623 0.000759
v 0.010603 -0.078620 0.003387
v 0.009626 -0.078619 0.005852
v 0.008088 -0.078618 0.008012
v 0.006077 -0.078618 0.009741
v 0.003711 -0.078619 0.010938
v 0.001127 -0.078621 0.011535
v -0.001524 -0.078623 0.011496
v -0.004089 -0.078626 0.010823
v -0.006419 -0.078629 0.009557
v -0.008378 -0.078632 0.007769
v -0.009852 -0.078635 0.005565
v -0.010755 -0.078638 0.003071
v 0.010957 -0.073623 0.000755
v 0.010599 -0.073620 0.003382
v 0.009622 -0.073619 0.005847
v 0.008084 -0.073618 0.008007
v 0.006073 -0.073618 0.009736
v 0.003707 -0.073619 0.010934
v 0.001123 -0.073621 0.011530
v -0.001528 -0.073623 0.011491
v -0.004093 -0.073626 0.010819
v -0.006423 -0.073629 0.009552
v -0.008382 -0.073632 0.007764
v -0.009856 -0.073635 0.005560
v -0.010759 -0.073638 0.003067
v 0.023326 -0.073612 0.000937
v 0.023330 -0.078612 0.000942
v 0.035329 -0.078602 0.001119
v 0.035133 -0.078601 0.002552
v 0.034601 -0.078600 0.003897
v 0.033762 -0.078600 0.005075
v 0.032665 -0.078600 0.006018
v 0.031374 -0.078600 0.006671
v 0.029965 -0.078601 0.006997
v 0.028519 -0.078602 0.006975
v 0.027119 -0.078604 0.006608
v 0.025849 -0.078605 0.005917
v 0.024780 -0.078607 0.004942
v 0.023976 -0.078609 0.003740
v 0.023483 -0.078611 0.002380
v 0.035325 -0.073602 0.001114
v 0.035129 -0.073601 0.002547
v 0.034596 -0.073600 0.003892
v 0.033757 -0.073600 0.005070
v 0.032661 -0.073600 0.006013
v 0.031370 -0.073600 0.006667
v 0.029961 -0.073601 0.006992
v 0.028514 -0.073602 0.006971
v 0.027115 -0.073604 0.006604
v 0.025845 -0.073605 0.005913
v 0.024776 -0.073607 0.004938
v 0.023972 -0.073609 0.003735
v 0.023479 -0.073611 0.002375
v -0.020349 -0.073673 -0.025145
v -0.020345 -0.078673 -0.025141
v -0.008346 -0.078663 -0.024964
v -0.008541 -0.078662 -0.023530
v -0.009074 -0.078661 -0.022186
v -0.009913 -0.078660 -0.021008
v -0.011010 -0.078660 -0.020065
v -0.012301 -0.078661 -0.019411
v -0.013710 -0.078662 -0.019086
v -0.015156 -0.078663 -0.019107
v -0.016555 -0.078664 -0.019474
v -0.017826 -0.078666 -0.020165
v -0.018895 -0.078668 -0.021140
v -0.019699 -0.078670 -0.022343
v -0.020191 -0.078671 -0.023702
v -0.008350 -0.073663 -0.024968
v -0.008546 -0.073662 -0.023535
v -0.009078 -0.073661 -0.022190
v -0.009917 -0.073660 -0.021012
v -0.011014 -0.073660 -0.020069
v -0.012305 -0.073661 -0.019416
v -0.013714 -0.073662 -0.019091
v -0.015160 -0.073663 -0.019112
v -0.016560 -0.073664 -0.019479
v -0.017830 -0.073666 -0.020170
v -0.018899 -0.073668 -0.021145
v -0.019703 -0.073670 -0.022347
v -0.020196 -0.073671 -0.023707
v -0.021099 -0.073626 0.025719
v -0.021095 -0.078626 0.025724
v -0.009097 -0.078616 0.025901
v -0.009292 -0.078614 0.027334
v -0.009825 -0.078614 0.028679
v -0.010664 -0.078613 0.029857
v -0.011761 -0.078613 0.030800
v -0.013051 -0.078614 0.031453
v -0.014461 -0.078614 0.031779
v -0.015907 -0.078616 0.031758
v -0.017306 -0.078617 0.031391
v -0.018577 -0.078619 0.030700
v -0.019645 -0.078621 0.029725
v -0.020449 -0.078622 0.028522
v -0.020942 -0.078624 0.027162
v -0.009101 -0.073616 0.025896
v -0.009296 -0.073614 0.027330
v -0.009829 -0.073614 0.028674
v -0.010668 -0.073613 0.029852
v -0.011765 -0.073613 0.030796
v -0.013055 -0.073614 0.031449
v -0.014465 -0.073614 0.031774
v -0.015911 -0.073616 0.031753
v -0.017310 -0.073617 0.031386
v -0.018581 -0.073619 0.030695
v -0.019649 -0.073621 0.029720
v -0.020453 -0.073622 0.028518
v -0.020946 -0.073624 0.027158
v -0.067530 -0.078689 -0.000399
v -0.066958 -0.078696 -0.008228
v -0.065481 -0.078702 -0.015937
v -0.063119 -0.078707 -0.023423
v -0.059904 -0.078711 -0.030584
v -0.055879 -0.078714 -0.037323
v -0.051099 -0.078716 -0.043550
v -0.045629 -0.078716 -0.049179
v -0.039542 -0.078716 -0.054135
v -0.032921 -0.078714 -0.058351
v -0.025855 -0.078712 -0.061770
v -0.018440 -0.078708 -0.064346
v -0.010776 -0.078703 -0.066043
v -0.002967 -0.078698 -0.066839
v 0.004882 -0.078691 -0.066724
v 0.012664 -0.078684 -0.065697
v 0.020274 -0.078676 -0.063775
v 0.027610 -0.078667 -0.060981
v 0.034572 -0.078658 -0.057355
v 0.041066 -0.078648 -0.052946
v 0.047004 -0.078638 -0.047812
v 0.052305 -0.078629 -0.042023
v 0.056899 -0.078619 -0.035659
v 0.060723 -0.078609 -0.028804
v 0.063726 -0.078600 -0.021551
v 0.065866 -0.078591 -0.013999
v 0.067115 -0.078583 -0.006249
v 0.067455 -0.078575 0.001593
v -0.067533 -0.074689 -0.000403
v -0.066961 -0.074696 -0.008232
v -0.065484 -0.074702 -0.015941
v -0.063122 -0.074707 -0.023427
v -0.059907 -0.074711 -0.030588
v -0.055882 -0.074714 -0.037327
v -0.051103 -0.074716 -0.043553
v -0.045632 -0.074716 -0.049183
v -0.039545 -0.074716 -0.054139
v -0.032924 -0.074714 -0.058355
v -0.025858 -0.074712 -0.061774
v -0.018443 -0.074708 -0.064350
v -0.010779 -0.074703 -0.066047
v -0.002970 -0.074698 -0.066843
v 0.004878 -0.074691 -0.066727
v 0.012660 -0.074684 -0.065701
v 0.020271 -0.074676 -0.063778
v 0.027607 -0.074667 -0.060985
v 0.034568 -0.074658 -0.057359
v 0.041062 -0.074648 -0.052949
v 0.047000 -0.074638 -0.047816
v 0.052302 -0.074629 -0.042027
v 0.056896 -0.074619 -0.035662
v 0.060720 -0.074609 -0.028807
v 0.063723 -0.074600 -0.021555
v 0.065863 -0.074591 -0.014003
v 0.067111 -0.074583 -0.006253
v 0.067452 -0.074575 0.001589
v 0.067455 -0.078575 0.001593
v 0.066883 -0.078568 0.009422
v 0.065406 -0.078562 0.017131
v 0.063044 -0.078557 0.024617
v 0.059829 -0.078553 0.031778
v 0.055805 -0.078550 0.038517
v 0.051025 -0.078548 0.044743
v 0.045554 -0.078547 0.050373
v 0.039468 -0.078548 0.055329
v 0.032846 -0.078549 0.059545
v 0.025781 -0.078552 0.062964
v 0.018366 -0.078556 0.065540
v 0.010702 -0.078560 0.067237
v 0.002893 -0.078566 0.068033
v -0.004956 -0.078573 0.067917
v -0.012738 -0.078580 0.066891
v -0.020349 -0.078588 0.064968
v -0.027684 -0.078597 0.062175
v -0.034646 -0.078606 0.058549
v -0.041140 -0.078616 0.054139
v -0.047078 -0.078625 0.049006
v -0.052380 -0.078635 0.043217
v -0.056974 -0.078645 0.036852
v -0.060798 -0.078655 0.029997
v -0.063800 -0.078664 0.022745
v -0.065940 -0.078673 0.015193
v -0.067189 -0.078681 0.007443
v -0.067530 -0.078689 -0.000399
v -0.066958 -0.078696 -0.008228
v -0.065481 -0.078702 -0.015937
v -0.063119 -0.078707 -0.023423
v -0.059904 -0.078711 -0.030584
v -0.055879 -0.078714 -0.037323
v -0.051099 -0.078716 -0.043550
v -0.045629 -0.078716 -0.049179
v -0.039542 -0.078716 -0.054135
v -0.032921 -0.078714 -0.058351
v -0.025855 -0.078712 -0.061770
v -0.018440 -0.078708 -0.064346
v -0.010776 -0.078703 -0.066043
v -0.002967 -0.078698 -0.066839
v 0.004882 -0.078691 -0.066724
v 0.012664 -0.078684 -0.065697
v 0.020274 -0.078676 -0.063775
v 0.027610 -0.078667 -0.060981
v 0.034572 -0.078658 -0.057355
v 0.041066 -0.078648 -0.052946
v 0.047004 -0.078638 -0.047812
v 0.052305 -0.078629 -0.042023
v 0.056899 -0.078619 -0.035659
v 0.060723 -0.078609 -0.028804
v 0.063726 -0.078600 -0.021551
v 0.065866 -0.078591 -0.013999
v 0.067115 -0.078583 -0.006249
v -0.001915 -0.078692 -0.061938
v -0.001945 -0.078692 -0.062225
v -0.002044 -0.078693 -0.062497
v -0.002205 -0.078693 -0.062738
v -0.002418 -0.078694 -0.062933
v -0.002672 -0.078694 -0.063071
v -0.002952 -0.078694 -0.063144
v -0.003241 -0.078694 -0.063149
v -0.003523 -0.078695 -0.063083
v -0.003782 -0.078695 -0.062953
v -0.004001 -0.078695 -0.062764
v -0.004169 -0.078695 -0.062529
v -0.004275 -0.078694 -0.062260
v -0.004314 -0.078694 -0.061973
v -0.004284 -0.078694 -0.061685
v -0.004185 -0.078694 -0.061413
v -0.004024 -0.078693 -0.061173
v -0.003811 -0.078693 -0.060978
v -0.003556 -0.078693 -0.060840
v -0.003277 -0.078692 -0.060766
v -0.002987 -0.078692 -0.060762
v -0.002706 -0.078692 -0.060827
v -0.002447 -0.078692 -0.060958
v -0.002228 -0.078692 -0.061146
v -0.002060 -0.078692 -0.061382
v -0.001954 -0.078692 -0.061651
v 0.004240 -0.078569 0.063167
v 0.004209 -0.078570 0.062879
v 0.004111 -0.078570 0.062607
v 0.003950 -0.078570 0.062367
v 0.003736 -0.078571 0.062172
v 0.003482 -0.078571 0.062033
v 0.003202 -0.078571 0.061960
v 0.002913 -0.078572 0.061956
v 0.002631 -0.078572 0.062021
v 0.002373 -0.078572 0.062152
v 0.002154 -0.078572 0.062340
v 0.001986 -0.078572 0.062576
v 0.001879 -0.078572 0.062845
v 0.001840 -0.078572 0.063131
v 0.001871 -0.078571 0.063419
v 0.001969 -0.078571 0.063691
v 0.002130 -0.078570 0.063931
v 0.002344 -0.078570 0.064126
v 0.002598 -0.078570 0.064265
v 0.002878 -0.078569 0.064338
v 0.003167 -0.078569 0.064342
v 0.003449 -0.078569 0.064277
v 0.003707 -0.078569 0.064147
v 0.003926 -0.078569 0.063958
v 0.004094 -0.078569 0.063722
v 0.004201 -0.078569 0.063453
v -0.003759 -0.078576 0.063049
v -0.003790 -0.078576 0.062761
v -0.003888 -0.078577 0.062489
v -0.004049 -0.078577 0.062249
v -0.004263 -0.078578 0.062054
v -0.004517 -0.078578 0.061915
v -0.004797 -0.078578 0.061842
v -0.005086 -0.078578 0.061838
v -0.005368 -0.078579 0.061903
v -0.005626 -0.078579 0.062033
v -0.005845 -0.078579 0.062222
v -0.006013 -0.078579 0.062458
v -0.006120 -0.078578 0.062727
v -0.006159 -0.078578 0.063013
v -0.006128 -0.078578 0.063301
v -0.006030 -0.078578 0.063573
v -0.005869 -0.078577 0.063813
v -0.005655 -0.078577 0.064008
v -0.005401 -0.078577 0.064147
v -0.005121 -0.078576 0.064220
v -0.004832 -0.078576 0.064224
v -0.004550 -0.078576 0.064159
v -0.004292 -0.078576 0.064029
v -0.004073 -0.078576 0.063840
v -0.003905 -0.078576 0.063604
v -0.003798 -0.078576 0.063335
v -0.033357 -0.078668 -0.008546
v -0.033308 -0.078668 -0.008905
v -0.033175 -0.078669 -0.009241
v -0.032965 -0.078669 -0.009535
v -0.032691 -0.078669 -0.009771
v -0.032368 -0.078669 -0.009934
v -0.032016 -0.078668 -0.010016
v -0.031654 -0.078668 -0.010010
v -0.031305 -0.078668 -0.009919
v -0.030987 -0.078667 -0.009746
v -0.030720 -0.078667 -0.009502
v -0.030519 -0.078666 -0.009201
v -0.030396 -0.078666 -0.008862
v -0.030357 -0.078665 -0.008502
v -0.030406 -0.078665 -0.008144
v -0.030539 -0.078665 -0.007807
v -0.030749 -0.078665 -0.007513
v -0.031023 -0.078665 -0.007277
v -0.031346 -0.078665 -0.007114
v -0.031698 -0.078665 -0.007033
v -0.032060 -0.078666 -0.007038
v -0.032410 -0.078666 -0.007130
v -0.032727 -0.078666 -0.007302
v -0.032994 -0.078667 -0.007546
v -0.033195 -0.078667 -0.007847
v -0.033319 -0.078668 -0.008187
v -0.052400 -0.078683 -0.007941
v -0.052351 -0.078684 -0.008299
v -0.052218 -0.078684 -0.008635
v -0.052008 -0.078684 -0.008930
v -0.051734 -0.078684 -0.009165
v -0.051411 -0.078684 -0.009329
v -0.051059 -0.078684 -0.009410
v -0.050697 -0.078683 -0.009405
v -0.050347 -0.078683 -0.009313
v -0.050030 -0.078682 -0.009140
v -0.049763 -0.078682 -0.008897
v -0.049562 -0.078681 -0.008596
v -0.049438 -0.078681 -0.008256
v -0.049400 -0.078681 -0.007896
v -0.049449 -0.078680 -0.007538
v -0.049582 -0.078680 -0.007202
v -0.049792 -0.078680 -0.006907
v -0.050066 -0.078680 -0.006672
v -0.050389 -0.078680 -0.006508
v -0.050741 -0.078680 -0.006427
v -0.051103 -0.078681 -0.006432
v -0.051453 -0.078681 -0.006524
v -0.051770 -0.078682 -0.006697
v -0.052037 -0.078682 -0.006940
v -0.052238 -0.078682 -0.007241
v -0.052362 -0.078683 -0.007581
v -0.043403 -0.078692 -0.024735
v -0.043354 -0.078692 -0.025093
v -0.043221 -0.078692 -0.025430
v -0.043011 -0.078692 -0.025724
v -0.042737 -0.078692 -0.025960
v -0.042414 -0.078692 -0.026123
v -0.042062 -0.078692 -0.026204
v -0.041700 -0.078692 -0.026199
v -0.041351 -0.078691 -0.026107
v -0.041033 -0.078691 -0.025935
v -0.040766 -0.078690 -0.025691
v -0.040565 -0.078690 -0.025390
v -0.040442 -0.078689 -0.025050
v -0.040403 -0.078689 -0.024691
v -0.040452 -0.078689 -0.024333
v -0.040585 -0.078689 -0.023996
v -0.040795 -0.078688 -0.023702
v -0.041069 -0.078688 -0.023466
v -0.041392 -0.078689 -0.023303
v -0.041744 -0.078689 -0.023221
v -0.042106 -0.078689 -0.023227
v -0.042456 -0.078689 -0.023318
v -0.042773 -0.078690 -0.023491
v -0.043040 -0.078690 -0.023735
v -0.043241 -0.078691 -0.024036
v -0.043365 -0.078691 -0.024375
v -0.044236 -0.078682 -0.013758
v -0.044149 -0.078682 -0.014399
v -0.043910 -0.078683 -0.015000
v -0.043535 -0.078683 -0.015527
v -0.043045 -0.078683 -0.015949
v -0.042468 -0.078683 -0.016241
v -0.041837 -0.078682 -0.016386
v -0.041191 -0.078682 -0.016377
v -0.040565 -0.078681 -0.016213
v -0.039997 -0.078680 -0.015904
v -0.039519 -0.078680 -0.015468
v -0.039160 -0.078679 -0.014930
v -0.038939 -0.078678 -0.014322
v -0.038871 -0.078677 -0.013679
v -0.038958 -0.078677 -0.013038
v -0.039196 -0.078677 -0.012437
v -0.039572 -0.078676 -0.011910
v -0.040062 -0.078676 -0.011488
v -0.040639 -0.078677 -0.011196
v -0.041269 -0.078677 -0.011051
v -0.041916 -0.078677 -0.011060
v -0.042542 -0.078678 -0.011224
v -0.043110 -0.078679 -0.011533
v -0.043588 -0.078680 -0.011969
v -0.043947 -0.078681 -0.012507
v -0.044167 -0.078681 -0.013115
v 0.000777 -0.078616 0.017024
v 0.000687 -0.078615 0.017680
v 0.000443 -0.078615 0.018297
v 0.000059 -0.078615 0.018837
v -0.000444 -0.078615 0.019269
v -0.001036 -0.078615 0.019568
v -0.001682 -0.078615 0.019718
v -0.002344 -0.078616 0.019708
v -0.002986 -0.078616 0.019540
v -0.003568 -0.078617 0.019223
v -0.004058 -0.078618 0.018776
v -0.004426 -0.078619 0.018225
v -0.004652 -0.078620 0.017602
v -0.004722 -0.078620 0.016942
v -0.004633 -0.078621 0.016286
v -0.004389 -0.078621 0.015669
v -0.004004 -0.078621 0.015129
v -0.003501 -0.078621 0.014697
v -0.002910 -0.078621 0.014398
v -0.002264 -0.078621 0.014248
v -0.001601 -0.078620 0.014258
v -0.000960 -0.078620 0.014426
v -0.000377 -0.078619 0.014743
v 0.000112 -0.078618 0.015190
v 0.000481 -0.078617 0.015741
v 0.000707 -0.078616 0.016364
v -0.010511 -0.078650 -0.009232
v -0.010600 -0.078649 -0.008575
v -0.010844 -0.078649 -0.007959
v -0.011229 -0.078649 -0.007419
v -0.011732 -0.078649 -0.006986
v -0.012323 -0.078649 -0.006687
v -0.012969 -0.078649 -0.006538
v -0.013632 -0.078650 -0.006548
v -0.014273 -0.078651 -0.006716
v -0.014856 -0.078651 -0.007032
v -0.015345 -0.078652 -0.007479
v -0.015714 -0.078653 -0.008030
v -0.015940 -0.078654 -0.008654
v -0.016010 -0.078654 -0.009313
v -0.015920 -0.078655 -0.009970
v -0.015676 -0.078655 -0.010586
v -0.015292 -0.078655 -0.011126
v -0.014789 -0.078655 -0.011558
v -0.014197 -0.078655 -0.011858
v -0.013551 -0.078655 -0.012007
v -0.012889 -0.078654 -0.011997
v -0.012247 -0.078654 -0.011829
v -0.011665 -0.078653 -0.011512
v -0.011175 -0.078652 -0.011065
v -0.010807 -0.078651 -0.010514
v -0.010581 -0.078650 -0.009891
v 0.017871 -0.078623 -0.005879
v 0.017781 -0.078623 -0.005223
v 0.017537 -0.078622 -0.004606
v 0.017153 -0.078622 -0.004066
v 0.016650 -0.078622 -0.003634
v 0.016058 -0.078622 -0.003335
v 0.015412 -0.078623 -0.003185
v 0.014750 -0.078623 -0.003195
v 0.014108 -0.078624 -0.003363
v 0.013526 -0.078625 -0.003680
v 0.013036 -0.078625 -0.004127
v 0.012668 -0.078626 -0.004678
v 0.012442 -0.078627 -0.005301
v 0.012372 -0.078628 -0.005961
v 0.012461 -0.078628 -0.006617
v 0.012705 -0.078629 -0.007234
v 0.013090 -0.078629 -0.007774
v 0.013593 -0.078629 -0.008206
v 0.014184 -0.078629 -0.008505
v 0.014830 -0.078628 -0.008654
v 0.015493 -0.078628 -0.008645
v 0.016134 -0.078627 -0.008477
v 0.016717 -0.078626 -0.008160
v 0.017206 -0.078625 -0.007713
v 0.017575 -0.078625 -0.007162
v 0.017801 -0.078624 -0.006539
v -0.034101 -0.078608 0.055526
v -0.034061 -0.078609 0.055227
v -0.033950 -0.078609 0.054947
v -0.033775 -0.078609 0.054702
v -0.033547 -0.078609 0.054505
v -0.033278 -0.078609 0.054369
v -0.032984 -0.078609 0.054301
v -0.032683 -0.078608 0.054306
v -0.032391 -0.078608 0.054382
v -0.032126 -0.078608 0.054526
v -0.031904 -0.078607 0.054729
v -0.031736 -0.078607 0.054980
v -0.031634 -0.078607 0.055263
v -0.031602 -0.078606 0.055563
v -0.031643 -0.078606 0.055861
v -0.031753 -0.078606 0.056141
v -0.031928 -0.078606 0.056387
v -0.032157 -0.078606 0.056583
v -0.032426 -0.078606 0.056719
v -0.032719 -0.078606 0.056787
v -0.033021 -0.078606 0.056783
v -0.033312 -0.078607 0.056706
v -0.033577 -0.078607 0.056562
v -0.033799 -0.078607 0.056359
v -0.033967 -0.078608 0.056109
v -0.034070 -0.078608 0.055825
v 0.062706 -0.078579 0.001523
v 0.062747 -0.078579 0.001224
v 0.062858 -0.078579 0.000944
v 0.063033 -0.078580 0.000699
v 0.063261 -0.078579 0.000502
v 0.063530 -0.078579 0.000366
v 0.063824 -0.078579 0.000298
v 0.064125 -0.078579 0.000303
v 0.064416 -0.078579 0.000379
v 0.064681 -0.078578 0.000523
v 0.064904 -0.078578 0.000726
v 0.065071 -0.078578 0.000977
v 0.065174 -0.078577 0.001260
v 0.065206 -0.078577 0.001560
v 0.065165 -0.078577 0.001858
v 0.065054 -0.078576 0.002138
v 0.064879 -0.078576 0.002384
v 0.064651 -0.078576 0.002580
v 0.064382 -0.078576 0.002717
v 0.064088 -0.078577 0.002784
v 0.063787 -0.078577 0.002780
v 0.063495 -0.078577 0.002703
v 0.063231 -0.078578 0.002559
v 0.063008 -0.078578 0.002356
v 0.062841 -0.078578 0.002106
v 0.062738 -0.078579 0.001823
v -0.032466 -0.078711 -0.055313
v -0.032425 -0.078711 -0.055612
v -0.032314 -0.078712 -0.055892
v -0.032139 -0.078712 -0.056137
v -0.031911 -0.078712 -0.056334
v -0.031642 -0.078712 -0.056470
v -0.031348 -0.078711 -0.056538
v -0.031047 -0.078711 -0.056533
v -0.030755 -0.078711 -0.056457
v -0.030491 -0.078711 -0.056313
v -0.030268 -0.078710 -0.056110
v -0.030100 -0.078710 -0.055859
v -0.029998 -0.078709 -0.055576
v -0.029966 -0.078709 -0.055276
v -0.030007 -0.078709 -0.054978
v -0.030118 -0.078709 -0.054698
v -0.030292 -0.078709 -0.054452
v -0.030521 -0.078709 -0.054256
v -0.030790 -0.078709 -0.054120
v -0.031083 -0.078709 -0.054052
v -0.031385 -0.078709 -0.054056
v -0.031676 -0.078709 -0.054133
v -0.031941 -0.078710 -0.054277
v -0.032163 -0.078710 -0.054480
v -0.032331 -0.078711 -0.054730
v -0.032434 -0.078711 -0.055014
v -0.011036 -0.078641 0.000435
v -0.010677 -0.078643 -0.002193
v -0.009701 -0.078645 -0.004658
v -0.008162 -0.078646 -0.006818
v -0.006152 -0.078645 -0.008547
v -0.003786 -0.078645 -0.009745
v -0.001202 -0.078643 -0.010341
v 0.001450 -0.078641 -0.010302
v 0.004015 -0.078638 -0.009630
v 0.006344 -0.078635 -0.008363
v 0.008303 -0.078632 -0.006575
v 0.009777 -0.078628 -0.004371
v 0.010681 -0.078625 -0.001878
v 0.010962 -0.078623 0.000759
v 0.010603 -0.078620 0.003387
v 0.009626 -0.078619 0.005852
v 0.008088 -0.078618 0.008012
v 0.006077 -0.078618 0.009741
v 0.003711 -0.078619 0.010938
v 0.001127 -0.078621 0.011535
v -0.001524 -0.078623 0.011496
v -0.004089 -0.078626 0.010823
v -0.006419 -0.078629 0.009557
v -0.008378 -0.078632 0.007769
v -0.009852 -0.078635 0.005565
v -0.010755 -0.078638 0.003071
v 0.023330 -0.078612 0.000942
v 0.023526 -0.078613 -0.000491
v 0.024059 -0.078614 -0.001836
v 0.024898 -0.078615 -0.003014
v 0.025994 -0.078615 -0.003957
v 0.027285 -0.078614 -0.004611
v 0.028694 -0.078613 -0.004936
v 0.030141 -0.078612 -0.004915
v 0.031540 -0.078611 -0.004548
v 0.032811 -0.078609 -0.003857
v 0.033879 -0.078607 -0.002882
v 0.034683 -0.078605 -0.001679
v 0.035176 -0.078604 -0.000319
v 0.035329 -0.078602 0.001119
v 0.035133 -0.078601 0.002552
v 0.034601 -0.078600 0.003897
v 0.033762 -0.078600 0.005075
v 0.032665 -0.078600 0.006018
v 0.031374 -0.078600 0.006671
v 0.029965 -0.078601 0.006997
v 0.028519 -0.078602 0.006975
v 0.027119 -0.078604 0.006608
v 0.025849 -0.078605 0.005917
v 0.024780 -0.078607 0.004942
v 0.023976 -0.078609 0.003740
v 0.023483 -0.078611 0.002380
v -0.020345 -0.078673 -0.025141
v -0.020149 -0.078674 -0.026574
v -0.019616 -0.078675 -0.027919
v -0.018777 -0.078675 -0.029097
v -0.017680 -0.078675 -0.030040
v -0.016390 -0.078675 -0.030693
v -0.014980 -0.078674 -0.031018
v -0.013534 -0.078673 -0.030997
v -0.012135 -0.078671 -0.030630
v -0.010864 -0.078669 -0.029939
v -0.009796 -0.078668 -0.028964
v -0.008992 -0.078666 -0.027762
v -0.008499 -0.078664 -0.026402
v -0.008346 -0.078663 -0.024964
v -0.008541 -0.078662 -0.023530
v -0.009074 -0.078661 -0.022186
v -0.009913 -0.078660 -0.021008
v -0.011010 -0.078660 -0.020065
v -0.012301 -0.078661 -0.019411
v -0.013710 -0.078662 -0.019086
v -0.015156 -0.078663 -0.019107
v -0.016555 -0.078664 -0.019474
v -0.017826 -0.078666 -0.020165
v -0.018895 -0.078668 -0.021140
v -0.019699 -0.078670 -0.022343
v -0.020191 -0.078671 -0.023702
v -0.021095 -0.078626 0.025724
v -0.020900 -0.078627 0.024291
v -0.020367 -0.078628 0.022946
v -0.019528 -0.078628 0.021768
v -0.018431 -0.078628 0.020825
v -0.017141 -0.078628 0.020172
v -0.015731 -0.078627 0.019846
v -0.014285 -0.078625 0.019868
v -0.012886 -0.078624 0.020235
v -0.011615 -0.078622 0.020926
v -0.010547 -0.078621 0.021901
v -0.009743 -0.078619 0.023103
v -0.009250 -0.078617 0.024463
v -0.009097 -0.078616 0.025901
v -0.009292 -0.078614 0.027334
v -0.009825 -0.078614 0.028679
v -0.010664 -0.078613 0.029857
v -0.011761 -0.078613 0.030800
v -0.013051 -0.078614 0.031453
v -0.014461 -0.078614 0.031779
v -0.015907 -0.078616 0.031758
v -0.017306 -0.078617 0.031391
v -0.018577 -0.078619 0.030700
v -0.019645 -0.078621 0.029725
v -0.020449 -0.078622 0.028522
v -0.020942 -0.078624 0.027162
v 0.006085 -0.078685 -0.061820
v 0.006054 -0.078686 -0.062107
v 0.005955 -0.078686 -0.062379
v 0.005795 -0.078686 -0.062620
v 0.005581 -0.078687 -0.062815
v 0.005327 -0.078687 -0.062953
v 0.005047 -0.078687 -0.063026
v 0.004758 -0.078688 -0.063031
v 0.004476 -0.078688 -0.062965
v 0.004218 -0.078688 -0.062835
v 0.003998 -0.078688 -0.062646
v 0.003830 -0.078688 -0.062411
v 0.003724 -0.078688 -0.062142
v 0.003685 -0.078687 -0.061855
v 0.003715 -0.078687 -0.061567
v 0.003814 -0.078687 -0.061295
v 0.003975 -0.078686 -0.061055
v 0.004189 -0.078686 -0.060860
v 0.004443 -0.078686 -0.060722
v 0.004722 -0.078685 -0.060648
v 0.005012 -0.078685 -0.060644
v 0.005294 -0.078685 -0.060709
v 0.005552 -0.078685 -0.060840
v 0.005771 -0.078685 -0.061028
v 0.005939 -0.078685 -0.061264
v 0.006045 -0.078685 -0.061533
v -0.067530 -0.078689 -0.000399
v -0.067533 -0.074689 -0.000403
v 0.067455 -0.078575 0.001593
v 0.066883 -0.078568 0.009422
v 0.065406 -0.078562 0.017131
v 0.063044 -0.078557 0.024617
v 0.059829 -0.078553 0.031778
v 0.055805 -0.078550 0.038517
v 0.051025 -0.078548 0.044743
v 0.045554 -0.078547 0.050373
v 0.039468 -0.078548 0.055329
v 0.032846 -0.078549 0.059545
v 0.025781 -0.078552 0.062964
v 0.018366 -0.078556 0.065540
v 0.010702 -0.078560 0.067237
v 0.002893 -0.078566 0.068033
v -0.004956 -0.078573 0.067917
v -0.012738 -0.078580 0.066891
v -0.020349 -0.078588 0.064968
v -0.027684 -0.078597 0.062175
v -0.034646 -0.078606 0.058549
v -0.041140 -0.078616 0.054139
v -0.047078 -0.078625 0.049006
v -0.052380 -0.078635 0.043217
v -0.056974 -0.078645 0.036852
v -0.060798 -0.078655 0.029997
v -0.063800 -0.078664 0.022745
v -0.065940 -0.078673 0.015193
v -0.067189 -0.078681 0.007443
v 0.067452 -0.074575 0.001589
v 0.066880 -0.074568 0.009418
v 0.065403 -0.074562 0.017127
v 0.063041 -0.074557 0.024613
v 0.059826 -0.074553 0.031774
v 0.055801 -0.074550 0.038513
v 0.051022 -0.074548 0.044740
v 0.045551 -0.074547 0.050369
v 0.039464 -0.074548 0.055325
v 0.032843 -0.074549 0.059542
v 0.025777 -0.074552 0.062960
v 0.018362 -0.074556 0.065536
v 0.010698 -0.074560 0.067233
v 0.002889 -0.074566 0.068029
v -0.004959 -0.074573 0.067914
v -0.012741 -0.074580 0.066887
v -0.020352 -0.074588 0.064965
v -0.027688 -0.074597 0.062171
v -0.034650 -0.074606 0.058545
v -0.041143 -0.074616 0.054136
v -0.047081 -0.074625 0.049002
v -0.052383 -0.074635 0.043214
v -0.056977 -0.074645 0.036849
v -0.060801 -0.074654 0.029994
v -0.063804 -0.074664 0.022741
v -0.065944 -0.074673 0.015189
v -0.067192 -0.074681 0.007439
v 0.066451 -0.073576 0.001574
v 0.066116 -0.073583 -0.006152
v 0.064885 -0.073592 -0.013787
v 0.062777 -0.073600 -0.021227
v 0.059819 -0.073610 -0.028373
v 0.056052 -0.073619 -0.035126
v 0.051526 -0.073629 -0.041397
v 0.046303 -0.073638 -0.047099
v 0.040453 -0.073648 -0.052157
v 0.034055 -0.073657 -0.056502
v 0.027196 -0.073666 -0.060074
v 0.019969 -0.073675 -0.062826
v 0.012471 -0.073683 -0.064720
v 0.004805 -0.073690 -0.065731
v -0.002928 -0.073697 -0.065845
v -0.010621 -0.073702 -0.065061
v -0.018171 -0.073707 -0.063389
v -0.025477 -0.073711 -0.060851
v -0.032438 -0.073713 -0.057483
v -0.038961 -0.073715 -0.053329
v -0.044958 -0.073715 -0.048446
v -0.050347 -0.073714 -0.042900
v -0.055056 -0.073713 -0.036766
v -0.059021 -0.073710 -0.030127
v -0.062188 -0.073706 -0.023072
v -0.064515 -0.073701 -0.015697
v -0.065971 -0.073695 -0.008102
v -0.066534 -0.073688 -0.000389
v -0.066198 -0.073680 0.007337
v -0.064968 -0.073672 0.014972
v -0.062860 -0.073663 0.022412
v -0.059902 -0.073654 0.029557
v -0.056134 -0.073645 0.036311
v -0.051609 -0.073635 0.042581
v -0.046385 -0.073625 0.048284
v -0.040535 -0.073616 0.053342
v -0.034138 -0.073606 0.057686
v -0.027279 -0.073597 0.061258
v -0.020052 -0.073589 0.064010
v -0.012554 -0.073581 0.065904
v -0.004887 -0.073573 0.066915
v 0.002845 -0.073567 0.067030
v 0.010538 -0.073561 0.066245
v 0.018089 -0.073557 0.064573
v 0.025394 -0.073553 0.062036
v 0.032355 -0.073550 0.058667
v 0.038878 -0.073549 0.054514
v 0.044875 -0.073549 0.049631
v 0.050264 -0.073549 0.044085
v 0.054973 -0.073551 0.037950
v 0.058938 -0.073554 0.031311
v 0.062106 -0.073558 0.024256
v 0.064433 -0.073563 0.016881
v 0.065888 -0.073569 0.009286
v -0.005318 -0.073695 -0.061992
v -0.005262 -0.073694 -0.061465
v -0.005081 -0.073694 -0.060966
v -0.004787 -0.073693 -0.060526
v -0.004395 -0.073693 -0.060168
v -0.003929 -0.073692 -0.059915
v -0.003416 -0.073691 -0.059780
v -0.002886 -0.073691 -0.059772
v -0.002369 -0.073691 -0.059892
v -0.001896 -0.073690 -0.060131
v -0.001494 -0.073690 -0.060477
v -0.001186 -0.073691 -0.060909
v -0.000990 -0.073691 -0.061402
v -0.000919 -0.073691 -0.061928
v -0.000975 -0.073692 -0.062455
v -0.001156 -0.073692 -0.062954
v -0.001450 -0.073693 -0.063394
v -0.001842 -0.073694 -0.063752
v -0.002308 -0.073694 -0.064005
v -0.002821 -0.073695 -0.064140
v -0.003351 -0.073695 -0.064148
v -0.003868 -0.073696 -0.064028
v -0.004341 -0.073696 -0.063789
v -0.004744 -0.073696 -0.063443
v -0.005051 -0.073696 -0.063011
v -0.005247 -0.073695 -0.062518
v 0.002681 -0.073688 -0.061874
v 0.002737 -0.073688 -0.061347
v 0.002918 -0.073687 -0.060848
v 0.003213 -0.073687 -0.060408
v 0.003604 -0.073686 -0.060050
v 0.004070 -0.073685 -0.059797
v 0.004583 -0.073685 -0.059662
v 0.005114 -0.073684 -0.059654
v 0.005630 -0.073684 -0.059774
v 0.006103 -0.073684 -0.060013
v 0.006506 -0.073684 -0.060359
v 0.006813 -0.073684 -0.060791
v 0.007009 -0.073684 -0.061284
v 0.007080 -0.073685 -0.061809
v 0.007024 -0.073685 -0.062337
v 0.006843 -0.073686 -0.062835
v 0.006549 -0.073686 -0.063276
v 0.006157 -0.073687 -0.063634
v 0.005691 -0.073688 -0.063887
v 0.005178 -0.073688 -0.064022
v 0.004648 -0.073689 -0.064030
v 0.004131 -0.073689 -0.063910
v 0.003658 -0.073689 -0.063671
v 0.003256 -0.073689 -0.063325
v 0.002948 -0.073689 -0.062893
v 0.002752 -0.073689 -0.062400
v 0.000836 -0.073572 0.063112
v 0.000892 -0.073572 0.063639
v 0.001073 -0.073571 0.064138
v 0.001368 -0.073571 0.064579
v 0.001760 -0.073570 0.064936
v 0.002226 -0.073569 0.065190
v 0.002739 -0.073569 0.065324
v 0.003269 -0.073568 0.065332
v 0.003786 -0.073568 0.065213
v 0.004259 -0.073568 0.064973
v 0.004661 -0.073568 0.064627
v 0.004969 -0.073568 0.064195
v 0.005164 -0.073568 0.063702
v 0.005236 -0.073569 0.063177
v 0.005179 -0.073569 0.062649
v 0.004999 -0.073570 0.062151
v 0.004704 -0.073570 0.061710
v 0.004312 -0.073571 0.061352
v 0.003846 -0.073572 0.061099
v 0.003333 -0.073572 0.060965
v 0.002803 -0.073573 0.060957
v 0.002286 -0.073573 0.061076
v 0.001813 -0.073573 0.061316
v 0.001411 -0.073573 0.061661
v 0.001103 -0.073573 0.062093
v 0.000908 -0.073573 0.062586
v -0.007163 -0.073579 0.062994
v -0.007107 -0.073578 0.063521
v -0.006926 -0.073578 0.064020
v -0.006631 -0.073577 0.064461
v -0.006240 -0.073577 0.064818
v -0.005774 -0.073576 0.065072
v -0.005261 -0.073575 0.065206
v -0.004730 -0.073575 0.065214
v -0.004214 -0.073575 0.065095
v -0.003740 -0.073574 0.064855
v -0.003338 -0.073574 0.064509
v -0.003031 -0.073575 0.064077
v -0.002835 -0.073575 0.063584
v -0.002763 -0.073575 0.063059
v -0.002820 -0.073576 0.062531
v -0.003000 -0.073577 0.062033
v -0.003295 -0.073577 0.061592
v -0.003687 -0.073578 0.061234
v -0.004153 -0.073578 0.060981
v -0.004666 -0.073579 0.060847
v -0.005196 -0.073579 0.060839
v -0.005713 -0.073580 0.060958
v -0.006186 -0.073580 0.061198
v -0.006588 -0.073580 0.061543
v -0.006896 -0.073580 0.061975
v -0.007091 -0.073579 0.062468
v -0.030361 -0.073666 -0.008507
v -0.030410 -0.073665 -0.008148
v -0.030543 -0.073665 -0.007812
v -0.030753 -0.073665 -0.007518
v -0.031027 -0.073665 -0.007282
v -0.031350 -0.073665 -0.007119
v -0.031702 -0.073665 -0.007037
v -0.032064 -0.073666 -0.007043
v -0.032414 -0.073666 -0.007134
v -0.032731 -0.073666 -0.007307
v -0.032999 -0.073667 -0.007551
v -0.033200 -0.073667 -0.007851
v -0.033323 -0.073668 -0.008191
v -0.033361 -0.073668 -0.008551
v -0.033312 -0.073668 -0.008909
v -0.033179 -0.073669 -0.009245
v -0.032969 -0.073669 -0.009540
v -0.032695 -0.073669 -0.009776
v -0.032372 -0.073669 -0.009939
v -0.032020 -0.073668 -0.010020
v -0.031659 -0.073668 -0.010015
v -0.031309 -0.073668 -0.009923
v -0.030991 -0.073667 -0.009751
v -0.030724 -0.073667 -0.009507
v -0.030523 -0.073666 -0.009206
v -0.030400 -0.073666 -0.008866
v -0.049404 -0.073681 -0.007901
v -0.049453 -0.073680 -0.007543
v -0.049586 -0.073680 -0.007207
v -0.049796 -0.073680 -0.006912
v -0.050070 -0.073680 -0.006676
v -0.050393 -0.073680 -0.006513
v -0.050745 -0.073680 -0.006432
v -0.051107 -0.073681 -0.006437
v -0.051457 -0.073681 -0.006529
v -0.051774 -0.073682 -0.006701
v -0.052041 -0.073682 -0.006945
v -0.052242 -0.073682 -0.007246
v -0.052366 -0.073683 -0.007586
v -0.052404 -0.073683 -0.007945
v -0.052355 -0.073684 -0.008304
v -0.052222 -0.073684 -0.008640
v -0.052012 -0.073684 -0.008934
v -0.051738 -0.073684 -0.009170
v -0.051415 -0.073684 -0.009333
v -0.051063 -0.073683 -0.009415
v -0.050701 -0.073683 -0.009409
v -0.050352 -0.073683 -0.009318
v -0.050034 -0.073682 -0.009145
v -0.049767 -0.073682 -0.008901
v -0.049566 -0.073681 -0.008601
v -0.049443 -0.073681 -0.008261
v -0.040407 -0.073689 -0.024696
v -0.040456 -0.073689 -0.024337
v -0.040589 -0.073689 -0.024001
v -0.040799 -0.073688 -0.023707
v -0.041073 -0.073688 -0.023471
v -0.041396 -0.073689 -0.023307
v -0.041748 -0.073689 -0.023226
v -0.042110 -0.073689 -0.023231
v -0.042460 -0.073689 -0.023323
v -0.042777 -0.073690 -0.023496
v -0.043044 -0.073690 -0.023740
v -0.043246 -0.073691 -0.024040
v -0.043369 -0.073691 -0.024380
v -0.043407 -0.073692 -0.024740
v -0.043358 -0.073692 -0.025098
v -0.043225 -0.073692 -0.025434
v -0.043015 -0.073692 -0.025729
v -0.042741 -0.073692 -0.025965
v -0.042418 -0.073692 -0.026128
v -0.042066 -0.073692 -0.026209
v -0.041704 -0.073692 -0.026204
v -0.041355 -0.073691 -0.026112
v -0.041037 -0.073691 -0.025939
v -0.040770 -0.073690 -0.025696
v -0.040569 -0.073690 -0.025395
v -0.040446 -0.073689 -0.025055
v -0.038875 -0.073677 -0.013684
v -0.038962 -0.073677 -0.013043
v -0.039201 -0.073677 -0.012441
v -0.039576 -0.073676 -0.011915
v -0.040066 -0.073676 -0.011493
v -0.040643 -0.073677 -0.011201
v -0.041273 -0.073677 -0.011055
v -0.041920 -0.073677 -0.011065
v -0.042546 -0.073678 -0.011229
v -0.043114 -0.073679 -0.011538
v -0.043592 -0.073680 -0.011974
v -0.043951 -0.073681 -0.012512
v -0.044172 -0.073681 -0.013120
v -0.044240 -0.073682 -0.013763
v -0.044153 -0.073682 -0.014404
v -0.043914 -0.073683 -0.015005
v -0.043539 -0.073683 -0.015532
v -0.043049 -0.073683 -0.015953
v -0.042472 -0.073683 -0.016246
v -0.041842 -0.073682 -0.016391
v -0.041195 -0.073682 -0.016381
v -0.040569 -0.073681 -0.016217
v -0.040001 -0.073680 -0.015908
v -0.039523 -0.073680 -0.015473
v -0.039164 -0.073679 -0.014935
v -0.038943 -0.073678 -0.014327
v -0.004727 -0.073620 0.016938
v -0.004656 -0.073620 0.017597
v -0.004430 -0.073619 0.018220
v -0.004062 -0.073618 0.018771
v -0.003572 -0.073617 0.019218
v -0.002990 -0.073616 0.019535
v -0.002349 -0.073616 0.019703
v -0.001686 -0.073615 0.019713
v -0.001040 -0.073615 0.019564
v -0.000448 -0.073615 0.019264
v 0.000054 -0.073615 0.018832
v 0.000439 -0.073615 0.018292
v 0.000683 -0.073615 0.017676
v 0.000773 -0.073616 0.017019
v 0.000703 -0.073616 0.016360
v 0.000477 -0.073617 0.015736
v 0.000108 -0.073618 0.015185
v -0.000381 -0.073619 0.014738
v -0.000964 -0.073620 0.014422
v -0.001605 -0.073620 0.014254
v -0.002268 -0.073621 0.014244
v -0.002914 -0.073621 0.014393
v -0.003505 -0.073621 0.014692
v -0.004008 -0.073621 0.015125
v -0.004393 -0.073621 0.015665
v -0.004637 -0.073621 0.016281
v -0.016014 -0.073654 -0.009318
v -0.015944 -0.073654 -0.008658
v -0.015718 -0.073653 -0.008035
v -0.015349 -0.073652 -0.007484
v -0.014860 -0.073651 -0.007037
v -0.014277 -0.073651 -0.006720
v -0.013636 -0.073650 -0.006552
v -0.012973 -0.073649 -0.006542
v -0.012327 -0.073649 -0.006692
v -0.011736 -0.073649 -0.006991
v -0.011233 -0.073649 -0.007423
v -0.010848 -0.073649 -0.007963
v -0.010604 -0.073649 -0.008580
v -0.010515 -0.073650 -0.009236
v -0.010585 -0.073650 -0.009896
v -0.010811 -0.073651 -0.010519
v -0.011179 -0.073652 -0.011070
v -0.011669 -0.073653 -0.011517
v -0.012251 -0.073654 -0.011834
v -0.012893 -0.073654 -0.012002
v -0.013556 -0.073655 -0.012012
v -0.014201 -0.073655 -0.011862
v -0.014793 -0.073655 -0.011563
v -0.015296 -0.073655 -0.011131
v -0.015680 -0.073655 -0.010591
v -0.015924 -0.073655 -0.009974
v 0.012367 -0.073628 -0.005965
v 0.012438 -0.073627 -0.005306
v 0.012664 -0.073626 -0.004683
v 0.013032 -0.073625 -0.004132
v 0.013522 -0.073625 -0.003685
v 0.014104 -0.073624 -0.003368
v 0.014745 -0.073623 -0.003200
v 0.015408 -0.073623 -0.003190
v 0.016054 -0.073622 -0.003339
v 0.016646 -0.073622 -0.003639
v 0.017148 -0.073622 -0.004071
v 0.017533 -0.073622 -0.004611
v 0.017777 -0.073623 -0.005227
v 0.017867 -0.073623 -0.005884
v 0.017797 -0.073624 -0.006543
v 0.017571 -0.073625 -0.007167
v 0.017202 -0.073625 -0.007718
v 0.016713 -0.073626 -0.008165
v 0.016130 -0.073627 -0.008481
v 0.015489 -0.073628 -0.008649
v 0.014826 -0.073628 -0.008659
v 0.014180 -0.073629 -0.008510
v 0.013589 -0.073629 -0.008211
v 0.013086 -0.073629 -0.007778
v 0.012701 -0.073629 -0.007238
v 0.012457 -0.073628 -0.006622
v -0.031606 -0.073606 0.055558
v -0.031647 -0.073606 0.055857
v -0.031758 -0.073606 0.056137
v -0.031933 -0.073606 0.056382
v -0.032161 -0.073606 0.056579
v -0.032430 -0.073606 0.056715
v -0.032723 -0.073606 0.056783
v -0.033025 -0.073606 0.056778
v -0.033316 -0.073607 0.056702
v -0.033581 -0.073607 0.056558
v -0.033804 -0.073607 0.056355
v -0.033971 -0.073608 0.056104
v -0.034074 -0.073608 0.055821
v -0.034106 -0.073608 0.055521
v -0.034065 -0.073609 0.055223
v -0.033954 -0.073609 0.054942
v -0.033779 -0.073609 0.054697
v -0.033551 -0.073609 0.054500
v -0.033282 -0.073609 0.054364
v -0.032988 -0.073609 0.054297
v -0.032687 -0.073608 0.054301
v -0.032395 -0.073608 0.054377
v -0.032131 -0.073608 0.054521
v -0.031908 -0.073607 0.054725
v -0.031740 -0.073607 0.054975
v -0.031638 -0.073607 0.055258
v 0.065202 -0.073577 0.001555
v 0.065161 -0.073577 0.001854
v 0.065050 -0.073576 0.002134
v 0.064875 -0.073576 0.002379
v 0.064647 -0.073576 0.002576
v 0.064378 -0.073576 0.002712
v 0.064084 -0.073577 0.002780
v 0.063783 -0.073577 0.002775
v 0.063491 -0.073577 0.002699
v 0.063227 -0.073578 0.002555
v 0.063004 -0.073578 0.002352
v 0.062836 -0.073578 0.002101
v 0.062734 -0.073579 0.001818
v 0.062702 -0.073579 0.001518
v 0.062743 -0.073579 0.001220
v 0.062854 -0.073579 0.000939
v 0.063028 -0.073580 0.000694
v 0.063257 -0.073580 0.000498
v 0.063526 -0.073579 0.000361
v 0.063819 -0.073579 0.000294
v 0.064121 -0.073579 0.000298
v 0.064412 -0.073579 0.000375
v 0.064677 -0.073578 0.000518
v 0.064899 -0.073578 0.000722
v 0.065067 -0.073578 0.000972
v 0.065170 -0.073577 0.001255
v -0.029970 -0.073709 -0.055281
v -0.030011 -0.073709 -0.054983
v -0.030122 -0.073709 -0.054702
v -0.030297 -0.073709 -0.054457
v -0.030525 -0.073709 -0.054260
v -0.030794 -0.073709 -0.054124
v -0.031088 -0.073709 -0.054057
v -0.031389 -0.073709 -0.054061
v -0.031680 -0.073710 -0.054137
v -0.031945 -0.073710 -0.054281
v -0.032168 -0.073710 -0.054485
v -0.032335 -0.073711 -0.054735
v -0.032438 -0.073711 -0.055018
v -0.032470 -0.073711 -0.055318
v -0.032429 -0.073711 -0.055617
v -0.032318 -0.073712 -0.055897
v -0.032143 -0.073712 -0.056142
v -0.031915 -0.073712 -0.056339
v -0.031646 -0.073712 -0.056475
v -0.031352 -0.073711 -0.056543
v -0.031051 -0.073711 -0.056538
v -0.030759 -0.073711 -0.056462
v -0.030495 -0.073711 -0.056318
v -0.030272 -0.073710 -0.056115
v -0.030105 -0.073710 -0.055864
v -0.030002 -0.073709 -0.055581
v 0.010957 -0.073623 0.000755
v 0.010599 -0.073620 0.003382
v 0.009622 -0.073619 0.005847
v 0.008084 -0.073618 0.008007
v 0.006073 -0.073618 0.009736
v 0.003707 -0.073619 0.010934
v 0.001123 -0.073621 0.011530
v -0.001528 -0.073623 0.011491
v -0.004093 -0.073626 0.010819
v -0.006423 -0.073629 0.009552
v -0.008382 -0.073632 0.007764
v -0.009856 -0.073635 0.005560
v -0.010759 -0.073638 0.003067
v -0.011040 -0.073641 0.000430
v -0.010682 -0.073643 -0.002198
v -0.009705 -0.073645 -0.004663
v -0.008166 -0.073646 -0.006823
v -0.006156 -0.073646 -0.008552
v -0.003790 -0.073645 -0.009749
v -0.001206 -0.073643 -0.010346
v 0.001446 -0.073641 -0.010307
v 0.004011 -0.073638 -0.009634
v 0.006340 -0.073635 -0.008367
v 0.008299 -0.073632 -0.006580
v 0.009773 -0.073628 -0.004375
v 0.010677 -0.073625 -0.001882
v 0.035325 -0.073602 0.001114
v 0.035129 -0.073601 0.002547
v 0.034596 -0.073600 0.003892
v 0.033757 -0.073600 0.005070
v 0.032661 -0.073600 0.006013
v 0.031370 -0.073600 0.006667
v 0.029961 -0.073601 0.006992
v 0.028514 -0.073602 0.006971
v 0.027115 -0.073604 0.006604
v 0.025845 -0.073605 0.005913
v 0.024776 -0.073607 0.004938
v 0.023972 -0.073609 0.003735
v 0.023479 -0.073611 0.002375
v 0.023326 -0.073612 0.000937
v 0.023522 -0.073613 -0.000496
v 0.024054 -0.073614 -0.001841
v 0.024894 -0.073615 -0.003019
v 0.025990 -0.073615 -0.003962
v 0.027281 -0.073614 -0.004615
v 0.028690 -0.073613 -0.004941
v 0.030136 -0.073612 -0.004919
v 0.031536 -0.073611 -0.004552
v 0.032806 -0.073609 -0.003861
v 0.033875 -0.073607 -0.002886
v 0.034679 -0.073605 -0.001684
v 0.035172 -0.073604 -0.000324
v -0.008350 -0.073663 -0.024968
v -0.008546 -0.073662 -0.023535
v -0.009078 -0.073661 -0.022190
v -0.009917 -0.073660 -0.021012
v -0.011014 -0.073660 -0.020069
v -0.012305 -0.073661 -0.019416
v -0.013714 -0.073662 -0.019091
v -0.015160 -0.073663 -0.019112
v -0.016560 -0.073664 -0.019479
v -0.017830 -0.073666 -0.020170
v -0.018899 -0.073668 -0.021145
v -0.019703 -0.073670 -0.022347
v -0.020196 -0.073671 -0.023707
v -0.020349 -0.073673 -0.025145
v -0.020153 -0.073674 -0.026579
v -0.019620 -0.073675 -0.027923
v -0.018781 -0.073675 -0.029101
v -0.017685 -0.073675 -0.030045
v -0.016394 -0.073675 -0.030698
v -0.014985 -0.073674 -0.031023
v -0.013538 -0.073673 -0.031002
v -0.012139 -0.073671 -0.030635
v -0.010868 -0.073670 -0.029944
v -0.009800 -0.073668 -0.028969
v -0.008996 -0.073666 -0.027767
v -0.008503 -0.073664 -0.026407
v -0.009101 -0.073616 0.025896
v -0.009296 -0.073614 0.027330
v -0.009829 -0.073614 0.028674
v -0.010668 -0.073613 0.029852
v -0.011765 -0.073613 0.030796
v -0.013055 -0.073614 0.031449
v -0.014465 -0.073614 0.031774
v -0.015911 -0.073616 0.031753
v -0.017310 -0.073617 0.031386
v -0.018581 -0.073619 0.030695
v -0.019649 -0.073621 0.029720
v -0.020453 -0.073622 0.028518
v -0.020946 -0.073624 0.027158
v -0.021099 -0.073626 0.025719
v -0.020904 -0.073627 0.024286
v -0.020371 -0.073628 0.022941
v -0.019532 -0.073628 0.021763
v -0.018435 -0.073628 0.020820
v -0.017145 -0.073628 0.020167
v -0.015735 -0.073627 0.019842
v -0.014289 -0.073626 0.019863
v -0.012890 -0.073624 0.020230
v -0.011619 -0.073622 0.020921
v -0.010551 -0.073621 0.021896
v -0.009747 -0.073619 0.023098
v -0.009254 -0.073617 0.024458
v -0.021095 -0.078626 0.025724
v -0.020900 -0.078627 0.024291
v -0.020367 -0.078628 0.022946
v -0.019528 -0.078628 0.021768
v -0.018431 -0.078628 0.020825
v -0.017141 -0.078628 0.020172
v -0.015731 -0.078627 0.019846
v -0.014285 -0.078625 0.019868
v -0.012886 -0.078624 0.020235
v -0.011615 -0.078622 0.020926
v -0.010547 -0.078621 0.021901
v -0.009743 -0.078619 0.023103
v -0.009250 -0.078617 0.024463
v -0.009097 -0.078616 0.025901
v -0.021099 -0.073626 0.025719
v -0.020904 -0.073627 0.024286
v -0.020371 -0.073628 0.022941
v -0.019532 -0.073628 0.021763
v -0.018435 -0.073628 0.020820
v -0.017145 -0.073628 0.020167
v -0.015735 -0.073627 0.019842
v -0.014289 -0.073626 0.019863
v -0.012890 -0.073624 0.020230
v -0.011619 -0.073622 0.020921
v -0.010551 -0.073621 0.021896
v -0.009747 -0.073619 0.023098
v -0.009254 -0.073617 0.024458
v -0.009101 -0.073616 0.025896
v -0.020345 -0.078673 -0.025141
v -0.020149 -0.078674 -0.026574
v -0.019616 -0.078675 -0.027919
v -0.018777 -0.078675 -0.029097
v -0.017680 -0.078675 -0.030040
v -0.016390 -0.078675 -0.030693
v -0.014980 -0.078674 -0.031018
v -0.013534 -0.078673 -0.030997
v -0.012135 -0.078671 -0.030630
v -0.010864 -0.078669 -0.029939
v -0.009796 -0.078668 -0.028964
v -0.008992 -0.078666 -0.027762
v -0.008499 -0.078664 -0.026402
v -0.008346 -0.078663 -0.024964
v -0.020349 -0.073673 -0.025145
v -0.020153 -0.073674 -0.026579
v -0.019620 -0.073675 -0.027923
v -0.018781 -0.073675 -0.029101
v -0.017685 -0.073675 -0.030045
v -0.016394 -0.073675 -0.030698
v -0.014985 -0.073674 -0.031023
v -0.013538 -0.073673 -0.031002
v -0.012139 -0.073671 -0.030635
v -0.010868 -0.073670 -0.029944
v -0.009800 -0.073668 -0.028969
v -0.008996 -0.073666 -0.027767
v -0.008503 -0.073664 -0.026407
v -0.008350 -0.073663 -0.024968
v 0.023330 -0.078612 0.000942
v 0.023526 -0.078613 -0.000491
v 0.024059 -0.078614 -0.001836
v 0.024898 -0.078615 -0.003014
v 0.025994 -0.078615 -0.003957
v 0.027285 -0.078614 -0.004611
v 0.028694 -0.078613 -0.004936
v 0.030141 -0.078612 -0.004915
v 0.031540 -0.078611 -0.004548
v 0.032811 -0.078609 -0.003857
v 0.033879 -0.078607 -0.002882
v 0.034683 -0.078605 -0.001679
v 0.035176 -0.078604 -0.000319
v 0.035329 -0.078602 0.001119
v 0.023326 -0.073612 0.000937
v 0.023522 -0.073613 -0.000496
v 0.024054 -0.073614 -0.001841
v 0.024894 -0.073615 -0.003019
v 0.025990 -0.073615 -0.003962
v 0.027281 -0.073614 -0.004615
v 0.028690 -0.073613 -0.004941
v 0.030136 -0.073612 -0.004919
v 0.031536 -0.073611 -0.004552
v 0.032806 -0.073609 -0.003861
v 0.033875 -0.073607 -0.002886
v 0.034679 -0.073605 -0.001684
v 0.035172 -0.073604 -0.000324
v 0.035325 -0.073602 0.001114
v -0.011036 -0.078641 0.000435
v -0.010677 -0.078643 -0.002193
v -0.009701 -0.078645 -0.004658
v -0.008162 -0.078646 -0.006818
v -0.006152 -0.078645 -0.008547
v -0.003786 -0.078645 -0.009745
v -0.001202 -0.078643 -0.010341
v 0.001450 -0.078641 -0.010302
v 0.004015 -0.078638 -0.009630
v 0.006344 -0.078635 -0.008363
v 0.008303 -0.078632 -0.006575
v 0.009777 -0.078628 -0.004371
v 0.010681 -0.078625 -0.001878
v 0.010962 -0.078623 0.000759
v -0.011040 -0.073641 0.000430
v -0.010682 -0.073643 -0.002198
v -0.009705 -0.073645 -0.004663
v -0.008166 -0.073646 -0.006823
v -0.006156 -0.073646 -0.008552
v -0.003790 -0.073645 -0.009749
v -0.001206 -0.073643 -0.010346
v 0.001446 -0.073641 -0.010307
v 0.004011 -0.073638 -0.009634
v 0.006340 -0.073635 -0.008367
v 0.008299 -0.073632 -0.006580
v 0.009773 -0.073628 -0.004375
v 0.010677 -0.073625 -0.001882
v 0.010957 -0.073623 0.000755
v -0.032466 -0.078711 -0.055313
v -0.032425 -0.078711 -0.055612
v -0.032314 -0.078712 -0.055892
v -0.032139 -0.078712 -0.056137
v -0.031911 -0.078712 -0.056334
v -0.031642 -0.078712 -0.056470
v -0.031348 -0.078711 -0.056538
v -0.031047 -0.078711 -0.056533
v -0.030755 -0.078711 -0.056457
v -0.030491 -0.078711 -0.056313
v -0.030268 -0.078710 -0.056110
v -0.030100 -0.078710 -0.055859
v -0.029998 -0.078709 -0.055576
v -0.029966 -0.078709 -0.055276
v -0.032470 -0.073711 -0.055318
v -0.032429 -0.073711 -0.055617
v -0.032318 -0.073712 -0.055897
v -0.032143 -0.073712 -0.056142
v -0.031915 -0.073712 -0.056339
v -0.031646 -0.073712 -0.056475
v -0.031352 -0.073711 -0.056543
v -0.031051 -0.073711 -0.056538
v -0.030759 -0.073711 -0.056462
v -0.030495 -0.073711 -0.056318
v -0.030272 -0.073710 -0.056115
v -0.030105 -0.073710 -0.055864
v -0.030002 -0.073709 -0.055581
v -0.029970 -0.073709 -0.055281
v 0.062706 -0.078579 0.001523
v 0.062747 -0.078579 0.001224
v 0.062858 -0.078579 0.000944
v 0.063033 -0.078580 0.000699
v 0.063261 -0.078579 0.000502
v 0.063530 -0.078579 0.000366
v 0.063824 -0.078579 0.000298
v 0.064125 -0.078579 0.000303
v 0.064416 -0.078579 0.000379
v 0.064681 -0.078578 0.000523
v 0.064904 -0.078578 0.000726
v 0.065071 -0.078578 0.000977
v 0.065174 -0.078577 0.001260
v 0.065206 -0.078577 0.001560
v 0.062702 -0.073579 0.001518
v 0.062743 -0.073579 0.001220
v 0.062854 -0.073579 0.000939
v 0.063028 -0.073580 0.000694
v 0.063257 -0.073580 0.000498
v 0.063526 -0.073579 0.000361
v 0.063819 -0.073579 0.000294
v 0.064121 -0.073579 0.000298
v 0.064412 -0.073579 0.000375
v 0.064677 -0.073578 0.000518
v 0.064899 -0.073578 0.000722
v 0.065067 -0.073578 0.000972
v 0.065170 -0.073577 0.001255
v 0.065202 -0.073577 0.001555
v -0.034101 -0.078608 0.055526
v -0.034061 -0.078609 0.055227
v -0.033950 -0.078609 0.054947
v -0.033775 -0.078609 0.054702
v -0.033547 -0.078609 0.054505
v -0.033278 -0.078609 0.054369
v -0.032984 -0.078609 0.054301
v -0.032683 -0.078608 0.054306
v -0.032391 -0.078608 0.054382
v -0.032126 -0.078608 0.054526
v -0.031904 -0.078607 0.054729
v -0.031736 -0.078607 0.054980
v -0.031634 -0.078607 0.055263
v -0.031602 -0.078606 0.055563
v -0.034106 -0.073608 0.055521
v -0.034065 -0.073609 0.055223
v -0.033954 -0.073609 0.054942
v -0.033779 -0.073609 0.054697
v -0.033551 -0.073609 0.054500
v -0.033282 -0.073609 0.054364
v -0.032988 -0.073609 0.054297
v -0.032687 -0.073608 0.054301
v -0.032395 -0.073608 0.054377
v -0.032131 -0.073608 0.054521
v -0.031908 -0.073607 0.054725
v -0.031740 -0.073607 0.054975
v -0.031638 -0.073607 0.055258
v -0.031606 -0.073606 0.055558
v 0.017867 -0.073623 -0.005884
v 0.017797 -0.073624 -0.006543
v 0.017571 -0.073625 -0.007167
v 0.017202 -0.073625 -0.007718
v 0.016713 -0.073626 -0.008165
v 0.016130 -0.073627 -0.008481
v 0.015489 -0.073628 -0.008649
v 0.014826 -0.073628 -0.008659
v 0.014180 -0.073629 -0.008510
v 0.013589 -0.073629 -0.008211
v 0.013086 -0.073629 -0.007778
v 0.012701 -0.073629 -0.007238
v 0.012457 -0.073628 -0.006622
v 0.012367 -0.073628 -0.005965
v 0.017871 -0.078623 -0.005879
v 0.012372 -0.078628 -0.005961
v 0.012461 -0.078628 -0.006617
v 0.012705 -0.078629 -0.007234
v 0.013090 -0.078629 -0.007774
v 0.013593 -0.078629 -0.008206
v 0.014184 -0.078629 -0.008505
v 0.014830 -0.078628 -0.008654
v 0.015493 -0.078628 -0.008645
v 0.016134 -0.078627 -0.008477
v 0.016717 -0.078626 -0.008160
v 0.017206 -0.078625 -0.007713
v 0.017575 -0.078625 -0.007162
v 0.017801 -0.078624 -0.006539
v -0.010515 -0.073650 -0.009236
v -0.010585 -0.073650 -0.009896
v -0.010811 -0.073651 -0.010519
v -0.011179 -0.073652 -0.011070
v -0.011669 -0.073653 -0.011517
v -0.012251 -0.073654 -0.011834
v -0.012893 -0.073654 -0.012002
v -0.013556 -0.073655 -0.012012
v -0.014201 -0.073655 -0.011862
v -0.014793 -0.073655 -0.011563
v -0.015296 -0.073655 -0.011131
v -0.015680 -0.073655 -0.010591
v -0.015924 -0.073655 -0.009974
v -0.016014 -0.073654 -0.009318
v -0.010511 -0.078650 -0.009232
v -0.016010 -0.078654 -0.009313
v -0.015920 -0.078655 -0.009970
v -0.015676 -0.078655 -0.010586
v -0.015292 -0.078655 -0.011126
v -0.014789 -0.078655 -0.011558
v -0.014197 -0.078655 -0.011858
v -0.013551 -0.078655 -0.012007
v -0.012889 -0.078654 -0.011997
v -0.012247 -0.078654 -0.011829
v -0.011665 -0.078653 -0.011512
v -0.011175 -0.078652 -0.011065
v -0.010807 -0.078651 -0.010514
v -0.010581 -0.078650 -0.009891
v 0.000773 -0.073616 0.017019
v 0.000703 -0.073616 0.016360
v 0.000477 -0.073617 0.015736
v 0.000108 -0.073618 0.015185
v -0.000381 -0.073619 0.014738
v -0.000964 -0.073620 0.014422
v -0.001605 -0.073620 0.014254
v -0.002268 -0.073621 0.014244
v -0.002914 -0.073621 0.014393
v -0.003505 -0.073621 0.014692
v -0.004008 -0.073621 0.015125
v -0.004393 -0.073621 0.015665
v -0.004637 -0.073621 0.016281
v -0.004727 -0.073620 0.016938
v 0.000777 -0.078616 0.017024
v -0.004722 -0.078620 0.016942
v -0.004633 -0.078621 0.016286
v -0.004389 -0.078621 0.015669
v -0.004004 -0.078621 0.015129
v -0.003501 -0.078621 0.014697
v -0.002910 -0.078621 0.014398
v -0.002264 -0.078621 0.014248
v -0.001601 -0.078620 0.014258
v -0.000960 -0.078620 0.014426
v -0.000377 -0.078619 0.014743
v 0.000112 -0.078618 0.015190
v 0.000481 -0.078617 0.015741
v 0.000707 -0.078616 0.016364
v -0.044236 -0.078682 -0.013758
v -0.044149 -0.078682 -0.014399
v -0.043910 -0.078683 -0.015000
v -0.043535 -0.078683 -0.015527
v -0.043045 -0.078683 -0.015949
v -0.042468 -0.078683 -0.016241
v -0.041837 -0.078682 -0.016386
v -0.041191 -0.078682 -0.016377
v -0.040565 -0.078681 -0.016213
v -0.039997 -0.078680 -0.015904
v -0.039519 -0.078680 -0.015468
v -0.039160 -0.078679 -0.014930
v -0.038939 -0.078678 -0.014322
v -0.038871 -0.078677 -0.013679
v -0.044240 -0.073682 -0.013763
v -0.044153 -0.073682 -0.014404
v -0.043914 -0.073683 -0.015005
v -0.043539 -0.073683 -0.015532
v -0.043049 -0.073683 -0.015953
v -0.042472 -0.073683 -0.016246
v -0.041842 -0.073682 -0.016391
v -0.041195 -0.073682 -0.016381
v -0.040569 -0.073681 -0.016217
v -0.040001 -0.073680 -0.015908
v -0.039523 -0.073680 -0.015473
v -0.039164 -0.073679 -0.014935
v -0.038943 -0.073678 -0.014327
v -0.038875 -0.073677 -0.013684
v 0.066451 -0.073576 0.001574
v 0.067452 -0.074575 0.001589
v -0.066534 -0.073688 -0.000389
v -0.066198 -0.073680 0.007337
v -0.064968 -0.073672 0.014972
v -0.062860 -0.073663 0.022412
v -0.059902 -0.073654 0.029557
v -0.056134 -0.073645 0.036311
v -0.051609 -0.073635 0.042581
v -0.046385 -0.073625 0.048284
v -0.040535 -0.073616 0.053342
v -0.034138 -0.073606 0.057686
v -0.027279 -0.073597 0.061258
v -0.020052 -0.073589 0.064010
v -0.012554 -0.073581 0.065904
v -0.004887 -0.073573 0.066915
v 0.002845 -0.073567 0.067030
v 0.010538 -0.073561 0.066245
v 0.018089 -0.073557 0.064573
v 0.025394 -0.073553 0.062036
v 0.032355 -0.073550 0.058667
v 0.038878 -0.073549 0.054514
v 0.044875 -0.073549 0.049631
v 0.050264 -0.073549 0.044085
v 0.054973 -0.073551 0.037950
v 0.058938 -0.073554 0.031311
v 0.062106 -0.073558 0.024256
v 0.064433 -0.073563 0.016881
v 0.065888 -0.073569 0.009286
v -0.067533 -0.074689 -0.000403
v 0.066880 -0.074568 0.009418
v 0.065403 -0.074562 0.017127
v 0.063041 -0.074557 0.024613
v 0.059826 -0.074553 0.031774
v 0.055801 -0.074550 0.038513
v 0.051022 -0.074548 0.044740
v 0.045551 -0.074547 0.050369
v 0.039464 -0.074548 0.055325
v 0.032843 -0.074549 0.059542
v 0.025777 -0.074552 0.062960
v 0.018362 -0.074556 0.065536
v 0.010698 -0.074560 0.067233
v 0.002889 -0.074566 0.068029
v -0.004959 -0.074573 0.067914
v -0.012741 -0.074580 0.066887
v -0.020352 -0.074588 0.064965
v -0.027688 -0.074597 0.062171
v -0.034650 -0.074606 0.058545
v -0.041143 -0.074616 0.054136
v -0.047081 -0.074625 0.049002
v -0.052383 -0.074635 0.043214
v -0.056977 -0.074645 0.036849
v -0.060801 -0.074654 0.029994
v -0.063804 -0.074664 0.022741
v -0.065944 -0.074673 0.015189
v -0.067192 -0.074681 0.007439
v -0.043403 -0.078692 -0.024735
v -0.043354 -0.078692 -0.025093
v -0.043221 -0.078692 -0.025430
v -0.043011 -0.078692 -0.025724
v -0.042737 -0.078692 -0.025960
v -0.042414 -0.078692 -0.026123
v -0.042062 -0.078692 -0.026204
v -0.041700 -0.078692 -0.026199
v -0.041351 -0.078691 -0.026107
v -0.041033 -0.078691 -0.025935
v -0.040766 -0.078690 -0.025691
v -0.040565 -0.078690 -0.025390
v -0.040442 -0.078689 -0.025050
v -0.040403 -0.078689 -0.024691
v -0.043407 -0.073692 -0.024740
v -0.043358 -0.073692 -0.025098
v -0.043225 -0.073692 -0.025434
v -0.043015 -0.073692 -0.025729
v -0.042741 -0.073692 -0.025965
v -0.042418 -0.073692 -0.026128
v -0.042066 -0.073692 -0.026209
v -0.041704 -0.073692 -0.026204
v -0.041355 -0.073691 -0.026112
v -0.041037 -0.073691 -0.025939
v -0.040770 -0.073690 -0.025696
v -0.040569 -0.073690 -0.025395
v -0.040446 -0.073689 -0.025055
v -0.040407 -0.073689 -0.024696
v -0.052400 -0.078683 -0.007941
v -0.052351 -0.078684 -0.008299
v -0.052218 -0.078684 -0.008635
v -0.052008 -0.078684 -0.008930
v -0.051734 -0.078684 -0.009165
v -0.051411 -0.078684 -0.009329
v -0.051059 -0.078684 -0.009410
v -0.050697 -0.078683 -0.009405
v -0.050347 -0.078683 -0.009313
v -0.050030 -0.078682 -0.009140
v -0.049763 -0.078682 -0.008897
v -0.049562 -0.078681 -0.008596
v -0.049438 -0.078681 -0.008256
v -0.049400 -0.078681 -0.007896
v -0.052404 -0.073683 -0.007945
v -0.052355 -0.073684 -0.008304
v -0.052222 -0.073684 -0.008640
v -0.052012 -0.073684 -0.008934
v -0.051738 -0.073684 -0.009170
v -0.051415 -0.073684 -0.009333
v -0.051063 -0.073683 -0.009415
v -0.050701 -0.073683 -0.009409
v -0.050352 -0.073683 -0.009318
v -0.050034 -0.073682 -0.009145
v -0.049767 -0.073682 -0.008901
v -0.049566 -0.073681 -0.008601
v -0.049443 -0.073681 -0.008261
v -0.049404 -0.073681 -0.007901
v -0.033357 -0.078668 -0.008546
v -0.033308 -0.078668 -0.008905
v -0.033175 -0.078669 -0.009241
v -0.032965 -0.078669 -0.009535
v -0.032691 -0.078669 -0.009771
v -0.032368 -0.078669 -0.009934
v -0.032016 -0.078668 -0.010016
v -0.031654 -0.078668 -0.010010
v -0.031305 -0.078668 -0.009919
v -0.030987 -0.078667 -0.009746
v -0.030720 -0.078667 -0.009502
v -0.030519 -0.078666 -0.009201
v -0.030396 -0.078666 -0.008862
v -0.030357 -0.078665 -0.008502
v -0.033361 -0.073668 -0.008551
v -0.033312 -0.073668 -0.008909
v -0.033179 -0.073669 -0.009245
v -0.032969 -0.073669 -0.009540
v -0.032695 -0.073669 -0.009776
v -0.032372 -0.073669 -0.009939
v -0.032020 -0.073668 -0.010020
v -0.031659 -0.073668 -0.010015
v -0.031309 -0.073668 -0.009923
v -0.030991 -0.073667 -0.009751
v -0.030724 -0.073667 -0.009507
v -0.030523 -0.073666 -0.009206
v -0.030400 -0.073666 -0.008866
v -0.030361 -0.073666 -0.008507
v -0.003763 -0.074576 0.063045
v -0.003793 -0.074577 0.062757
v -0.003892 -0.074577 0.062485
v -0.004053 -0.074577 0.062245
v -0.004266 -0.074578 0.062050
v -0.004520 -0.074578 0.061912
v -0.004800 -0.074578 0.061838
v -0.005090 -0.074578 0.061834
v -0.005371 -0.074579 0.061899
v -0.005629 -0.074579 0.062030
v -0.005849 -0.074579 0.062218
v -0.006017 -0.074579 0.062454
v -0.006123 -0.074578 0.062723
v -0.006162 -0.074578 0.063010
v -0.003759 -0.078576 0.063049
v -0.003790 -0.078576 0.062761
v -0.003888 -0.078577 0.062489
v -0.004049 -0.078577 0.062249
v -0.004263 -0.078578 0.062054
v -0.004517 -0.078578 0.061915
v -0.004797 -0.078578 0.061842
v -0.005086 -0.078578 0.061838
v -0.005368 -0.078579 0.061903
v -0.005626 -0.078579 0.062033
v -0.005845 -0.078579 0.062222
v -0.006013 -0.078579 0.062458
v -0.006120 -0.078578 0.062727
v -0.006159 -0.078578 0.063013
v -0.002763 -0.073575 0.063059
v -0.002820 -0.073576 0.062531
v -0.003000 -0.073577 0.062033
v -0.003295 -0.073577 0.061592
v -0.003687 -0.073578 0.061234
v -0.004153 -0.073578 0.060981
v -0.004666 -0.073579 0.060847
v -0.005196 -0.073579 0.060839
v -0.005713 -0.073580 0.060958
v -0.006186 -0.073580 0.061198
v -0.006588 -0.073580 0.061543
v -0.006896 -0.073580 0.061975
v -0.007091 -0.073579 0.062468
v -0.007163 -0.073579 0.062994
v -0.003763 -0.074576 0.063045
v -0.003793 -0.074577 0.062757
v -0.003892 -0.074577 0.062485
v -0.004053 -0.074577 0.062245
v -0.004266 -0.074578 0.062050
v -0.004520 -0.074578 0.061912
v -0.004800 -0.074578 0.061838
v -0.005090 -0.074578 0.061834
v -0.005371 -0.074579 0.061899
v -0.005629 -0.074579 0.062030
v -0.005849 -0.074579 0.062218
v -0.006017 -0.074579 0.062454
v -0.006123 -0.074578 0.062723
v -0.006162 -0.074578 0.063010
v -0.003420 -0.074077 0.062312
v -0.003883 -0.074078 0.061713
v -0.004560 -0.074078 0.061375
v -0.005317 -0.074079 0.061364
v -0.006003 -0.074079 0.061682
v -0.006483 -0.074079 0.062267
v 0.004237 -0.074569 0.063163
v 0.004206 -0.074570 0.062875
v 0.004107 -0.074570 0.062603
v 0.003947 -0.074570 0.062363
v 0.003733 -0.074571 0.062168
v 0.003479 -0.074571 0.062030
v 0.003199 -0.074571 0.061956
v 0.002910 -0.074572 0.061952
v 0.002628 -0.074572 0.062017
v 0.002370 -0.074572 0.062148
v 0.002150 -0.074572 0.062336
v 0.001983 -0.074572 0.062572
v 0.001876 -0.074572 0.062841
v 0.001837 -0.074571 0.063128
v 0.004240 -0.078569 0.063167
v 0.004209 -0.078570 0.062879
v 0.004111 -0.078570 0.062607
v 0.003950 -0.078570 0.062367
v 0.003736 -0.078571 0.062172
v 0.003482 -0.078571 0.062033
v 0.003202 -0.078571 0.061960
v 0.002913 -0.078572 0.061956
v 0.002631 -0.078572 0.062021
v 0.002373 -0.078572 0.062152
v 0.002154 -0.078572 0.062340
v 0.001986 -0.078572 0.062576
v 0.001879 -0.078572 0.062845
v 0.001840 -0.078572 0.063131
v 0.005236 -0.073569 0.063177
v 0.005179 -0.073569 0.062649
v 0.004999 -0.073570 0.062151
v 0.004704 -0.073570 0.061710
v 0.004312 -0.073571 0.061352
v 0.003846 -0.073572 0.061099
v 0.003333 -0.073572 0.060965
v 0.002803 -0.073573 0.060957
v 0.002286 -0.073573 0.061076
v 0.001813 -0.073573 0.061316
v 0.001411 -0.073573 0.061661
v 0.001103 -0.073573 0.062093
v 0.000908 -0.073573 0.062586
v 0.000836 -0.073572 0.063112
v 0.004237 -0.074569 0.063163
v 0.004206 -0.074570 0.062875
v 0.004107 -0.074570 0.062603
v 0.003947 -0.074570 0.062363
v 0.003733 -0.074571 0.062168
v 0.003479 -0.074571 0.062030
v 0.003199 -0.074571 0.061956
v 0.002910 -0.074572 0.061952
v 0.002628 -0.074572 0.062017
v 0.002370 -0.074572 0.062148
v 0.002150 -0.074572 0.062336
v 0.001983 -0.074572 0.062572
v 0.001876 -0.074572 0.062841
v 0.001837 -0.074571 0.063128
v 0.004579 -0.074070 0.062430
v 0.004116 -0.074071 0.061832
v 0.003439 -0.074072 0.061493
v 0.002683 -0.074072 0.061482
v 0.001996 -0.074073 0.061800
v 0.001516 -0.074072 0.062385
v 0.006081 -0.074685 -0.061823
v 0.006051 -0.074686 -0.062111
v 0.005952 -0.074686 -0.062383
v 0.005791 -0.074686 -0.062623
v 0.005578 -0.074687 -0.062818
v 0.005323 -0.074687 -0.062957
v 0.005044 -0.074687 -0.063030
v 0.004754 -0.074688 -0.063034
v 0.004472 -0.074688 -0.062969
v 0.004214 -0.074688 -0.062839
v 0.003995 -0.074688 -0.062650
v 0.003827 -0.074688 -0.062414
v 0.003721 -0.074688 -0.062145
v 0.003682 -0.074687 -0.061859
v 0.006085 -0.078685 -0.061820
v 0.006054 -0.078686 -0.062107
v 0.005955 -0.078686 -0.062379
v 0.005795 -0.078686 -0.062620
v 0.005581 -0.078687 -0.062815
v 0.005327 -0.078687 -0.062953
v 0.005047 -0.078687 -0.063026
v 0.004758 -0.078688 -0.063031
v 0.004476 -0.078688 -0.062965
v 0.004218 -0.078688 -0.062835
v 0.003998 -0.078688 -0.062646
v 0.003830 -0.078688 -0.062411
v 0.003724 -0.078688 -0.062142
v 0.003685 -0.078687 -0.061855
v 0.007080 -0.073685 -0.061809
v 0.007024 -0.073685 -0.062337
v 0.006843 -0.073686 -0.062835
v 0.006549 -0.073686 -0.063276
v 0.006157 -0.073687 -0.063634
v 0.005691 -0.073688 -0.063887
v 0.005178 -0.073688 -0.064022
v 0.004648 -0.073689 -0.064030
v 0.004131 -0.073689 -0.063910
v 0.003658 -0.073689 -0.063671
v 0.003256 -0.073689 -0.063325
v 0.002948 -0.073689 -0.062893
v 0.002752 -0.073689 -0.062400
v 0.002681 -0.073688 -0.061874
v 0.006081 -0.074685 -0.061823
v 0.006051 -0.074686 -0.062111
v 0.005952 -0.074686 -0.062383
v 0.005791 -0.074686 -0.062623
v 0.005578 -0.074687 -0.062818
v 0.005323 -0.074687 -0.062957
v 0.005044 -0.074687 -0.063030
v 0.004754 -0.074688 -0.063034
v 0.004472 -0.074688 -0.062969
v 0.004214 -0.074688 -0.062839
v 0.003995 -0.074688 -0.062650
v 0.003827 -0.074688 -0.062414
v 0.003721 -0.074688 -0.062145
v 0.003682 -0.074687 -0.061859
v 0.006423 -0.074186 -0.062556
v 0.005960 -0.074187 -0.063155
v 0.005284 -0.074188 -0.063493
v 0.004527 -0.074188 -0.063504
v 0.003841 -0.074189 -0.063186
v 0.003360 -0.074188 -0.062602
v -0.001918 -0.074692 -0.061941
v -0.001949 -0.074692 -0.062229
v -0.002047 -0.074693 -0.062501
v -0.002208 -0.074693 -0.062741
v -0.002422 -0.074694 -0.062936
v -0.002676 -0.074694 -0.063075
v -0.002956 -0.074694 -0.063148
v -0.003245 -0.074694 -0.063152
v -0.003527 -0.074695 -0.063087
v -0.003785 -0.074695 -0.062957
v -0.004004 -0.074695 -0.062768
v -0.004172 -0.074695 -0.062532
v -0.004278 -0.074694 -0.062263
v -0.004318 -0.074694 -0.061977
v -0.001915 -0.078692 -0.061938
v -0.001945 -0.078692 -0.062225
v -0.002044 -0.078693 -0.062497
v -0.002205 -0.078693 -0.062738
v -0.002418 -0.078694 -0.062933
v -0.002672 -0.078694 -0.063071
v -0.002952 -0.078694 -0.063144
v -0.003241 -0.078694 -0.063149
v -0.003523 -0.078695 -0.063083
v -0.003782 -0.078695 -0.062953
v -0.004001 -0.078695 -0.062764
v -0.004169 -0.078695 -0.062529
v -0.004275 -0.078694 -0.062260
v -0.004314 -0.078694 -0.061973
v -0.000919 -0.073691 -0.061928
v -0.000975 -0.073692 -0.062455
v -0.001156 -0.073692 -0.062954
v -0.001450 -0.073693 -0.063394
v -0.001842 -0.073694 -0.063752
v -0.002308 -0.073694 -0.064005
v -0.002821 -0.073695 -0.064140
v -0.003351 -0.073695 -0.064148
v -0.003868 -0.073696 -0.064028
v -0.004341 -0.073696 -0.063789
v -0.004744 -0.073696 -0.063443
v -0.005051 -0.073696 -0.063011
v -0.005247 -0.073695 -0.062518
v -0.005318 -0.073695 -0.061992
v -0.001918 -0.074692 -0.061941
v -0.001949 -0.074692 -0.062229
v -0.002047 -0.074693 -0.062501
v -0.002208 -0.074693 -0.062741
v -0.002422 -0.074694 -0.062936
v -0.002676 -0.074694 -0.063075
v -0.002956 -0.074694 -0.063148
v -0.003245 -0.074694 -0.063152
v -0.003527 -0.074695 -0.063087
v -0.003785 -0.074695 -0.062957
v -0.004004 -0.074695 -0.062768
v -0.004172 -0.074695 -0.062532
v -0.004278 -0.074694 -0.062263
v -0.004318 -0.074694 -0.061977
v -0.001576 -0.074193 -0.062674
v -0.002039 -0.074194 -0.063273
v -0.002715 -0.074194 -0.063611
v -0.003472 -0.074195 -0.063622
v -0.004158 -0.074195 -0.063304
v -0.004639 -0.074195 -0.062720
vn 0.1197 0.9928 0.0008
vn 0.1990 0.9800 0.0020
vn 0.2775 0.9607 0.0032
vn 0.1989 0.9800 0.0020
vn 0.4276 0.9039 0.0055
vn 0.2776 0.9607 0.0032
vn 0.4995 0.8663 0.0066
vn 0.4278 0.9038 0.0055
vn 0.6317 0.7752 0.0086
vn 0.4994 0.8663 0.0066
vn 0.4278 0.9039 0.0055
vn 0.6922 0.7217 0.0095
vn 0.6316 0.7752 0.0085
vn 0.7988 0.6015 0.0112
vn 0.6921 0.7217 0.0096
vn 0.4993 0.8664 0.0066
vn 0.6315 0.7753 0.0086
vn 0.8447 0.5350 0.0120
vn 0.9195 0.3929 0.0132
vn 0.9482 0.3173 0.0137
vn 0.9868 0.1614 0.0144
vn 0.9966 0.0812 0.0146
vn 0.9967 -0.0794 0.0148
vn 0.9966 0.0811 0.0146
vn 0.9870 -0.1597 0.0147
vn 0.9967 -0.0795 0.0148
vn 0.9487 -0.3157 0.0143
vn 0.9870 -0.1598 0.0147
vn 0.9201 -0.3913 0.0139
vn 0.9488 -0.3157 0.0143
vn 0.8457 -0.5336 0.0130
vn 0.9201 -0.3913 0.0140
vn 0.7997 -0.6002 0.0124
vn 0.8456 -0.5336 0.0130
vn 0.6934 -0.7205 0.0109
vn 0.7998 -0.6002 0.0124
vn 0.6328 -0.7743 0.0101
vn 0.6932 -0.7206 0.0110
vn 0.5007 -0.8656 0.0082
vn 0.6329 -0.7741 0.0101
vn 0.6934 -0.7204 0.0109
vn 0.4293 -0.9031 0.0072
vn 0.5009 -0.8655 0.0082
vn 0.2792 -0.9602 0.0050
vn 0.2006 -0.9797 0.0039
vn 0.2791 -0.9603 0.0050
vn 0.1214 -0.9926 0.0027
vn 0.4292 -0.9032 0.0072
vn 0.2007 -0.9796 0.0039
vn 0.9925 0.1214 0.0145
vn 0.9796 0.2007 0.0143
vn 0.9601 0.2793 0.0139
vn 0.9030 0.4293 0.0129
vn 0.9795 0.2007 0.0143
vn 0.9601 0.2792 0.0139
vn 0.9796 0.2006 0.0143
vn 0.8654 0.5009 0.0123
vn 0.7741 0.6330 0.0108
vn 0.9031 0.4293 0.0129
vn 0.7205 0.6934 0.0100
vn 0.6002 0.7998 0.0081
vn 0.7742 0.6329 0.0108
vn 0.7741 0.6329 0.0108
vn 0.8654 0.5008 0.0123
vn 0.5337 0.8456 0.0071
vn 0.3915 0.9202 0.0049
vn 0.6003 0.7997 0.0081
vn 0.5335 0.8458 0.0071
vn 0.6001 0.7999 0.0081
vn 0.7204 0.6935 0.0100
vn 0.3156 0.9489 0.0038
vn 0.1596 0.9872 0.0014
vn 0.3913 0.9203 0.0049
vn 0.3155 0.9489 0.0038
vn 0.3912 0.9203 0.0049
vn 0.5334 0.8458 0.0071
vn 0.0794 0.9968 0.0002
vn -0.0811 0.9967 -0.0021
vn 0.1597 0.9872 0.0014
vn 0.0795 0.9968 0.0002
vn 0.1598 0.9871 0.0014
vn 0.3157 0.9488 0.0038
vn -0.1615 0.9869 -0.0033
vn -0.3173 0.9483 -0.0056
vn -0.0812 0.9967 -0.0021
vn -0.1613 0.9869 -0.0033
vn -0.0810 0.9967 -0.0021
vn -0.3928 0.9196 -0.0067
vn -0.5350 0.8448 -0.0087
vn -0.3172 0.9483 -0.0056
vn -0.1614 0.9869 -0.0033
vn -0.6014 0.7989 -0.0096
vn -0.7489 0.6626 -0.0117
vn -0.5349 0.8449 -0.0087
vn -0.6015 0.7988 -0.0096
vn -0.7490 0.6624 -0.0117
vn -0.8662 0.4994 -0.0133
vn -0.9038 0.4278 -0.0137
vn -0.7489 0.6625 -0.0117
vn -0.8663 0.4994 -0.0132
vn -0.7490 0.6625 -0.0117
vn -0.9606 0.2776 -0.0144
vn -0.9799 0.1991 -0.0146
vn -0.9927 0.1197 -0.0148
vn -0.9799 0.1990 -0.0146
vn -0.0148 0.0009 0.9999
vn -0.0148 0.0005 0.9999
vn 0.9999 0.0008 0.0148
vn 0.9999 0.0008 0.0147
vn 0.9999 0.0007 0.0147
vn 0.0148 -0.0009 -0.9999
vn 0.0147 -0.0014 -0.9999
vn 0.0148 -0.0010 -0.9999
vn -0.9999 -0.0008 -0.0148
vn -0.9999 -0.0009 -0.0148
vn -0.9999 -0.0007 -0.0147
vn -0.9999 -0.0008 -0.0147
vn -0.9999 -0.0005 -0.0148
vn -0.0134 -0.3690 0.9293
vn 0.9999 0.0009 0.0148
vn 0.9999 0.0010 0.0148
vn 0.9999 0.0009 0.0147
vn 0.0134 0.3690 -0.9293
vn -0.9999 -0.0009 -0.0151
vn -0.9999 -0.0008 -0.0145
vn -0.9999 -0.0011 -0.0147
vn -0.9999 -0.0010 -0.0148
vn -0.9999 -0.0011 -0.0149
vn 0.0147 -0.0013 -0.9999
vn 0.0149 -0.0003 -0.9999
vn 0.9999 0.0006 0.0146
vn -0.9796 -0.2007 -0.0143
vn -0.9925 -0.1214 -0.0145
vn -0.9601 -0.2792 -0.0139
vn -0.9031 -0.4293 -0.0129
vn -0.8654 -0.5009 -0.0123
vn -0.9796 -0.2006 -0.0143
vn -0.7741 -0.6330 -0.0108
vn -0.7204 -0.6935 -0.0100
vn -0.6001 -0.7999 -0.0081
vn -0.5335 -0.8458 -0.0071
vn -0.6003 -0.7997 -0.0081
vn -0.7206 -0.6933 -0.0100
vn -0.7742 -0.6328 -0.0108
vn -0.3914 -0.9202 -0.0049
vn -0.3157 -0.9489 -0.0038
vn -0.5336 -0.8457 -0.0071
vn -0.6002 -0.7998 -0.0081
vn -0.1596 -0.9872 -0.0014
vn -0.0794 -0.9968 -0.0002
vn -0.3156 -0.9489 -0.0038
vn -0.3913 -0.9203 -0.0049
vn 0.0811 -0.9967 0.0021
vn 0.1614 -0.9869 0.0033
vn 0.0810 -0.9967 0.0021
vn -0.0795 -0.9968 -0.0002
vn -0.1598 -0.9871 -0.0014
vn 0.3173 -0.9483 0.0056
vn 0.3929 -0.9195 0.0067
vn 0.1615 -0.9869 0.0033
vn 0.3172 -0.9483 0.0056
vn 0.5349 -0.8449 0.0087
vn 0.6014 -0.7989 0.0096
vn 0.3928 -0.9196 0.0067
vn 0.7216 -0.6922 0.0113
vn 0.7751 -0.6317 0.0120
vn 0.6015 -0.7988 0.0096
vn 0.5350 -0.8448 0.0087
vn 0.8663 -0.4994 0.0132
vn 0.9038 -0.4278 0.0137
vn 0.7752 -0.6316 0.0120
vn 0.9606 -0.2776 0.0144
vn 0.9799 -0.1991 0.0146
vn 0.9927 -0.1197 0.0148
vn 0.9799 -0.1990 0.0146
vn 0.9799 -0.1990 0.0147
vn -0.1990 -0.9800 -0.0020
vn -0.1197 -0.9928 -0.0008
vn -0.2776 -0.9607 -0.0032
vn -0.4278 -0.9039 -0.0055
vn -0.4994 -0.8663 -0.0066
vn -0.6315 -0.7753 -0.0086
vn -0.4993 -0.8664 -0.0066
vn -0.6921 -0.7217 -0.0096
vn -0.4277 -0.9039 -0.0055
vn -0.7988 -0.6015 -0.0112
vn -0.6922 -0.7217 -0.0095
vn -0.8447 -0.5350 -0.0120
vn -0.6316 -0.7752 -0.0086
vn -0.9195 -0.3929 -0.0132
vn -0.9482 -0.3173 -0.0137
vn -0.9868 -0.1614 -0.0144
vn -0.9966 -0.0811 -0.0146
vn -0.9967 0.0794 -0.0148
vn -0.9870 0.1598 -0.0147
vn -0.9487 0.3157 -0.0143
vn -0.9870 0.1597 -0.0147
vn -0.9201 0.3913 -0.0140
vn -0.9967 0.0795 -0.0148
vn -0.8457 0.5336 -0.0130
vn -0.9201 0.3913 -0.0139
vn -0.7998 0.6002 -0.0124
vn -0.9488 0.3157 -0.0143
vn -0.6934 0.7204 -0.0109
vn -0.6329 0.7741 -0.0101
vn -0.6934 0.7205 -0.0109
vn -0.8456 0.5336 -0.0130
vn -0.7997 0.6002 -0.0124
vn -0.5009 0.8655 -0.0082
vn -0.4293 0.9031 -0.0072
vn -0.5008 0.8655 -0.0082
vn -0.6933 0.7205 -0.0109
vn -0.6328 0.7742 -0.0101
vn -0.2791 0.9603 -0.0050
vn -0.4292 0.9032 -0.0072
vn -0.2006 0.9797 -0.0039
vn -0.1214 0.9926 -0.0027
vn -0.2792 0.9602 -0.0050
vn -0.2007 0.9796 -0.0039
vn -0.0148 0.0006 0.9999
vn -0.0136 -0.3395 0.9405
vn -0.0137 -0.3197 0.9474
vn -0.0139 -0.2998 0.9539
vn -0.0137 -0.3198 0.9474
vn -0.0141 -0.2594 0.9657
vn -0.0138 -0.2995 0.9540
vn -0.0137 -0.3196 0.9475
vn -0.0142 -0.2389 0.9709
vn -0.0143 -0.1979 0.9801
vn -0.0141 -0.2385 0.9710
vn -0.0138 -0.2994 0.9540
vn -0.0140 -0.2590 0.9658
vn -0.0144 -0.1770 0.9841
vn -0.0143 -0.1977 0.9802
vn -0.0145 -0.1354 0.9907
vn -0.0144 -0.1772 0.9841
vn -0.0141 -0.2389 0.9709
vn -0.0143 -0.1978 0.9801
vn -0.0146 -0.1147 0.9933
vn -0.0145 -0.1356 0.9907
vn -0.0147 -0.0728 0.9972
vn -0.0146 -0.1146 0.9933
vn -0.0144 -0.1771 0.9841
vn -0.0145 -0.1355 0.9907
vn -0.0147 -0.0516 0.9986
vn -0.0146 -0.0727 0.9972
vn -0.0147 -0.0306 0.9994
vn -0.0146 -0.1145 0.9933
vn -0.0146 -0.0726 0.9973
vn -0.0147 -0.0307 0.9994
vn -0.0147 -0.0517 0.9986
vn -0.0147 -0.0727 0.9972
vn -0.0143 -0.1874 0.9822
vn -0.0147 -0.0726 0.9973
vn -0.0143 -0.1872 0.9822
vn -0.0145 -0.1353 0.9907
vn -0.0141 -0.2390 0.9709
vn -0.0140 -0.2593 0.9657
vn -0.0144 -0.1875 0.9822
vn -0.0143 -0.1875 0.9822
vn -0.0138 -0.3096 0.9508
vn -0.0136 -0.3396 0.9405
vn -0.0138 -0.3097 0.9507
vn -0.0141 -0.2593 0.9657
vn -0.0137 -0.3095 0.9508
vn -0.0140 -0.2591 0.9657
vn -0.0141 -0.2387 0.9710
vn 0.0135 0.3392 -0.9406
vn 0.0137 0.3195 -0.9475
vn 0.0138 0.2997 -0.9539
vn 0.0140 0.2593 -0.9657
vn 0.0137 0.3197 -0.9474
vn 0.0139 0.2998 -0.9539
vn 0.0137 0.3198 -0.9474
vn 0.0136 0.3395 -0.9405
vn 0.0141 0.2388 -0.9710
vn 0.0143 0.1874 -0.9822
vn 0.0140 0.2592 -0.9657
vn 0.0141 0.2386 -0.9710
vn 0.0140 0.2590 -0.9658
vn 0.0138 0.2994 -0.9540
vn 0.0144 0.1875 -0.9822
vn 0.0141 0.2389 -0.9710
vn 0.0145 0.1356 -0.9907
vn 0.0146 0.1146 -0.9933
vn 0.0144 0.1874 -0.9822
vn 0.0145 0.1355 -0.9907
vn 0.0147 0.0727 -0.9972
vn 0.0147 0.0517 -0.9986
vn 0.0147 0.0728 -0.9972
vn 0.0146 0.1148 -0.9933
vn 0.0145 0.1357 -0.9906
vn 0.0147 0.0306 -0.9994
vn 0.0147 0.0516 -0.9986
vn 0.0147 0.0726 -0.9973
vn 0.0147 0.0518 -0.9986
vn 0.0147 0.0307 -0.9994
vn 0.0145 0.1145 -0.9933
vn 0.0146 0.0726 -0.9973
vn 0.0145 0.1354 -0.9907
vn 0.0146 0.1145 -0.9933
vn 0.0143 0.1875 -0.9822
vn 0.0141 0.2593 -0.9657
vn 0.0142 0.2389 -0.9709
vn 0.0141 0.2389 -0.9709
vn 0.0137 0.3196 -0.9475
vn 0.0138 0.2995 -0.9540
vn 0.0136 0.3396 -0.9405
vn 0.1111 0.9938 0.0007
vn 0.1849 0.9828 0.0018
vn 0.2581 0.9661 0.0029
vn 0.3990 0.9170 0.0050
vn 0.1850 0.9827 0.0018
vn 0.4666 0.8844 0.0061
vn 0.3989 0.9170 0.0050
vn 0.5930 0.8052 0.0080
vn 0.4666 0.8845 0.0061
vn 0.6517 0.7584 0.0089
vn 0.7572 0.6530 0.0106
vn 0.8041 0.5944 0.0113
vn 0.7573 0.6530 0.0106
vn 0.9005 0.4346 0.0129
vn 0.9656 0.2598 0.0140
vn 0.9005 0.4347 0.0129
vn 0.9823 0.1866 0.0143
vn 0.9935 0.1128 0.0146
vn 0.9656 0.2597 0.0140
vn -0.1866 0.9824 -0.0037
vn -0.1128 0.9936 -0.0026
vn -0.2597 0.9657 -0.0047
vn -0.4005 0.9163 -0.0068
vn -0.4681 0.8837 -0.0077
vn -0.5943 0.8042 -0.0095
vn -0.6529 0.7573 -0.0103
vn -0.7584 0.6517 -0.0118
vn -0.6530 0.7573 -0.0104
vn -0.8051 0.5930 -0.0124
vn -0.6530 0.7573 -0.0103
vn -0.8843 0.4667 -0.0135
vn -0.9169 0.3990 -0.0139
vn -0.7583 0.6518 -0.0118
vn -0.9660 0.2581 -0.0145
vn -0.9826 0.1849 -0.0147
vn -0.8843 0.4666 -0.0135
vn -0.9937 0.1111 -0.0148
vn 0.1866 -0.9824 0.0036
vn 0.1128 -0.9936 0.0026
vn 0.1866 -0.9824 0.0037
vn 0.2597 -0.9657 0.0047
vn 0.4004 -0.9163 0.0068
vn 0.4681 -0.8837 0.0077
vn 0.4005 -0.9163 0.0068
vn 0.2598 -0.9657 0.0047
vn 0.5943 -0.8042 0.0095
vn 0.4680 -0.8837 0.0078
vn 0.6529 -0.7574 0.0103
vn 0.7584 -0.6517 0.0118
vn 0.6530 -0.7573 0.0103
vn 0.8051 -0.5930 0.0124
vn 0.8843 -0.4667 0.0135
vn 0.9168 -0.3990 0.0139
vn 0.7583 -0.6518 0.0118
vn 0.9660 -0.2581 0.0145
vn 0.9169 -0.3990 0.0139
vn 0.9826 -0.1849 0.0147
vn 0.8843 -0.4666 0.0135
vn 0.9937 -0.1111 0.0148
vn -0.1111 -0.9938 -0.0007
vn -0.2217 -0.9751 -0.0024
vn -0.3990 -0.9170 -0.0050
vn -0.4666 -0.8845 -0.0061
vn -0.5930 -0.8052 -0.0080
vn -0.4666 -0.8844 -0.0060
vn -0.6517 -0.7584 -0.0089
vn -0.3989 -0.9170 -0.0050
vn -0.4666 -0.8844 -0.0061
vn -0.7572 -0.6530 -0.0106
vn -0.8041 -0.5944 -0.0113
vn -0.8836 -0.4681 -0.0126
vn -0.9162 -0.4005 -0.0132
vn -0.7573 -0.6530 -0.0106
vn -0.9656 -0.2598 -0.0140
vn -0.9823 -0.1866 -0.0143
vn -0.9935 -0.1128 -0.0146
vn -0.9823 -0.1866 -0.0144
vn -0.9656 -0.2597 -0.0140
vn -0.7175 0.0001 0.6966
vn -0.1435 -0.6941 0.7055
vn -0.0892 -0.7043 0.7043
vn -0.1435 -0.6940 0.7055
vn -0.0893 -0.7043 0.7043
vn -0.1953 -0.6821 0.7047
vn -0.2948 -0.6469 0.7033
vn -0.1954 -0.6821 0.7047
vn -0.3427 -0.6238 0.7024
vn -0.2948 -0.6470 0.7032
vn -0.1954 -0.6822 0.7046
vn -0.4317 -0.5676 0.7011
vn -0.3426 -0.6239 0.7024
vn -0.4732 -0.5344 0.7004
vn -0.4317 -0.5675 0.7011
vn -0.2947 -0.6470 0.7032
vn -0.3427 -0.6239 0.7024
vn -0.5476 -0.4595 0.6993
vn -0.4734 -0.5342 0.7004
vn -0.5807 -0.4178 0.6987
vn -0.5475 -0.4595 0.6994
vn -0.4317 -0.5675 0.7012
vn -0.4732 -0.5343 0.7004
vn -0.6365 -0.3284 0.6979
vn -0.5807 -0.4179 0.6987
vn -0.6595 -0.2805 0.6974
vn -0.6364 -0.3284 0.6980
vn -0.5475 -0.4594 0.6994
vn -0.5806 -0.4178 0.6988
vn -0.6940 -0.1808 0.6969
vn -0.6595 -0.2804 0.6975
vn -0.7058 -0.1289 0.6966
vn -0.6939 -0.1809 0.6969
vn -0.6364 -0.3284 0.6979
vn -0.7151 -0.0794 0.6945
vn -0.7058 -0.1290 0.6965
vn -0.7151 -0.0793 0.6945
vn -0.6940 -0.1809 0.6969
vn -0.7057 -0.1290 0.6966
vn -0.7172 -0.0960 0.6903
vn -0.7170 -0.1112 0.6881
vn -0.7174 -0.0959 0.6901
vn -0.7174 -0.0812 0.6919
vn -0.7171 -0.1110 0.6881
vn -0.7174 -0.0516 0.6947
vn -0.7174 -0.0367 0.6957
vn -0.7173 -0.0812 0.6920
vn -0.7175 -0.0515 0.6947
vn -0.7174 -0.0811 0.6919
vn -0.7173 -0.0223 0.6964
vn -0.7173 -0.0218 0.6965
vn -0.7174 -0.0365 0.6957
vn -0.7173 -0.0516 0.6948
vn 0.6842 -0.1324 0.7172
vn 0.6945 -0.0782 0.7153
vn 0.6841 -0.1324 0.7173
vn 0.6944 -0.0782 0.7153
vn 0.6722 -0.1843 0.7170
vn 0.6372 -0.2837 0.7166
vn 0.6723 -0.1843 0.7170
vn 0.6141 -0.3316 0.7162
vn 0.6370 -0.2837 0.7167
vn 0.6722 -0.1842 0.7171
vn 0.5576 -0.4206 0.7157
vn 0.6139 -0.3315 0.7164
vn 0.5243 -0.4622 0.7152
vn 0.5577 -0.4207 0.7156
vn 0.4496 -0.5365 0.7142
vn 0.5244 -0.4622 0.7151
vn 0.4080 -0.5696 0.7135
vn 0.4497 -0.5365 0.7141
vn 0.5577 -0.4207 0.7155
vn 0.5245 -0.4623 0.7150
vn 0.3187 -0.6255 0.7121
vn 0.4082 -0.5697 0.7133
vn 0.2708 -0.6486 0.7114
vn 0.3186 -0.6254 0.7123
vn 0.4496 -0.5364 0.7142
vn 0.1711 -0.6830 0.7101
vn 0.2707 -0.6485 0.7114
vn 0.1192 -0.6948 0.7092
vn 0.1710 -0.6829 0.7102
vn 0.2706 -0.6484 0.7116
vn 0.0696 -0.7042 0.7066
vn 0.1192 -0.6948 0.7093
vn 0.0696 -0.7041 0.7066
vn 0.1710 -0.6830 0.7101
vn -0.7168 -0.2196 0.6618
vn -0.7164 -0.2408 0.6548
vn -0.7165 -0.2408 0.6548
vn -0.7169 -0.2194 0.6618
vn -0.7170 -0.1843 0.6722
vn -0.7170 -0.1699 0.6760
vn -0.7169 -0.1551 0.6797
vn -0.7170 -0.1843 0.6723
vn -0.7170 -0.1700 0.6761
vn -0.7169 -0.1844 0.6723
vn -0.7168 -0.2196 0.6619
vn -0.7169 -0.1550 0.6798
vn -0.7167 -0.1699 0.6763
vn 0.6966 0.0013 0.7175
vn -0.7165 -0.2616 0.6467
vn -0.7163 -0.2616 0.6469
vn 0.6965 -0.0363 0.7167
vn 0.6965 -0.0512 0.7158
vn 0.6964 -0.0211 0.7173
vn 0.6967 -0.0363 0.7164
vn 0.6967 -0.0810 0.7127
vn 0.6968 -0.0958 0.7109
vn 0.6967 -0.0514 0.7155
vn 0.6968 -0.0809 0.7127
vn 0.6967 -0.0513 0.7155
vn 0.6967 -0.0364 0.7165
vn 0.6966 -0.1100 0.7089
vn 0.6967 -0.0958 0.7109
vn 0.6968 -0.0957 0.7109
vn 0.6967 -0.0809 0.7128
vn -0.7169 -0.1550 0.6797
vn -0.7169 -0.1767 0.6744
vn -0.7170 -0.1766 0.6743
vn -0.7169 -0.1549 0.6797
vn -0.7168 -0.2195 0.6618
vn -0.7167 -0.2196 0.6619
vn -0.7170 -0.1767 0.6743
vn -0.7165 -0.2407 0.6548
vn 0.6971 -0.1687 0.6969
vn 0.6971 -0.1832 0.6931
vn 0.6968 -0.1538 0.7006
vn 0.6969 -0.1687 0.6970
vn 0.6974 -0.2183 0.6826
vn 0.6972 -0.1831 0.6931
vn 0.6973 -0.2184 0.6827
vn 0.6973 -0.2396 0.6756
vn 0.6971 -0.2184 0.6829
vn 0.6969 -0.1832 0.6934
vn 0.6969 -0.1687 0.6971
vn 0.6972 -0.2397 0.6756
vn 0.6972 -0.2184 0.6828
vn -0.7173 -0.0226 0.6964
vn -0.7173 -0.0222 0.6964
vn -0.7174 -0.0447 0.6952
vn -0.7175 -0.0444 0.6951
vn -0.7173 -0.0222 0.6965
vn -0.7173 -0.0821 0.6919
vn -0.7174 -0.0446 0.6953
vn -0.7172 -0.0969 0.6901
vn -0.7173 -0.0823 0.6919
vn -0.7171 -0.1111 0.6881
vn -0.7173 -0.0968 0.6900
vn -0.7174 -0.0823 0.6918
vn -0.7173 -0.0971 0.6900
vn 0.6976 -0.2604 0.6676
vn 0.6975 -0.2604 0.6676
vn 0.6972 -0.2396 0.6756
vn 0.6972 -0.2259 0.6803
vn 0.6974 -0.2118 0.6847
vn 0.6974 -0.2259 0.6801
vn 0.6972 -0.1832 0.6931
vn 0.6973 -0.2117 0.6848
vn 0.6972 -0.2395 0.6756
vn 0.6973 -0.2259 0.6802
vn 0.6971 -0.1686 0.6969
vn 0.6971 -0.1831 0.6932
vn 0.6968 -0.1535 0.7006
vn 0.6969 -0.1689 0.6970
vn 0.6971 -0.2118 0.6849
vn 0.6970 -0.1833 0.6933
vn 0.6970 -0.1688 0.6969
vn -0.7060 0.1292 0.6963
vn -0.7153 0.0795 0.6943
vn -0.6944 0.1810 0.6965
vn -0.7061 0.1291 0.6963
vn -0.6600 0.2807 0.6969
vn -0.6943 0.1810 0.6965
vn -0.7060 0.1291 0.6963
vn -0.6371 0.3287 0.6972
vn -0.6600 0.2807 0.6968
vn -0.5814 0.4182 0.6979
vn -0.5483 0.4599 0.6985
vn -0.6370 0.3287 0.6973
vn -0.5813 0.4182 0.6979
vn -0.4741 0.5348 0.6995
vn -0.5483 0.4598 0.6985
vn -0.5813 0.4182 0.6980
vn -0.4327 0.5681 0.7000
vn -0.5484 0.4599 0.6984
vn -0.4742 0.5348 0.6994
vn -0.3437 0.6246 0.7013
vn -0.4327 0.5680 0.7001
vn -0.2959 0.6478 0.7020
vn -0.3437 0.6246 0.7012
vn -0.1965 0.6831 0.7034
vn -0.2958 0.6478 0.7020
vn -0.1446 0.6951 0.7042
vn -0.0904 0.7054 0.7030
vn -0.1447 0.6952 0.7041
vn -0.1965 0.6832 0.7033
vn -0.0904 0.7055 0.7030
vn -0.1447 0.6951 0.7042
vn 0.6968 -0.0949 0.7110
vn 0.6966 -0.1099 0.7090
vn 0.6967 -0.0946 0.7111
vn 0.6966 -0.1100 0.7090
vn 0.6966 -0.0798 0.7130
vn 0.6967 -0.0504 0.7156
vn 0.6967 -0.0800 0.7128
vn 0.6967 -0.0355 0.7165
vn 0.6967 -0.0503 0.7156
vn 0.6968 -0.0947 0.7109
vn 0.6968 -0.0799 0.7128
vn 0.6964 -0.0210 0.7173
vn 0.6966 -0.0356 0.7166
vn 0.6963 -0.0207 0.7174
vn 0.6966 -0.0501 0.7157
vn 0.6966 -0.0352 0.7166
vn 0.1180 0.6963 0.7080
vn 0.0684 0.7056 0.7053
vn 0.1699 0.6846 0.7089
vn 0.1181 0.6963 0.7080
vn 0.2696 0.6503 0.7103
vn 0.3175 0.6273 0.7111
vn 0.2696 0.6502 0.7103
vn 0.4071 0.5717 0.7123
vn 0.3176 0.6273 0.7111
vn 0.2696 0.6503 0.7102
vn 0.4488 0.5386 0.7131
vn 0.5237 0.4645 0.7141
vn 0.4488 0.5387 0.7130
vn 0.4072 0.5717 0.7123
vn 0.5569 0.4229 0.7149
vn 0.4487 0.5386 0.7132
vn 0.5236 0.4644 0.7143
vn 0.6134 0.3339 0.7157
vn 0.5569 0.4229 0.7148
vn 0.5237 0.4644 0.7142
vn 0.6367 0.2861 0.7160
vn 0.5570 0.4230 0.7147
vn 0.6135 0.3340 0.7156
vn 0.6721 0.1868 0.7165
vn 0.6368 0.2861 0.7160
vn 0.6136 0.3340 0.7155
vn 0.6840 0.1349 0.7169
vn 0.6367 0.2861 0.7161
vn 0.6720 0.1868 0.7166
vn 0.6943 0.0807 0.7151
vn 0.6840 0.1350 0.7169
vn 0.6721 0.1868 0.7166
vn 0.6839 0.1349 0.7170
vn 0.6966 0.0012 0.7175
vn 0.7175 -0.0001 -0.6966
vn 0.1683 -0.6898 -0.7041
vn 0.0904 -0.7055 -0.7030
vn 0.1683 -0.6899 -0.7041
vn 0.0904 -0.7054 -0.7030
vn 0.2915 -0.6499 -0.7019
vn 0.1683 -0.6900 -0.7040
vn 0.1684 -0.6900 -0.7040
vn 0.3394 -0.6267 -0.7015
vn 0.1683 -0.6898 -0.7042
vn 0.2915 -0.6497 -0.7021
vn 0.4290 -0.5710 -0.6999
vn 0.3395 -0.6268 -0.7013
vn 0.2916 -0.6498 -0.7019
vn 0.4705 -0.5378 -0.6995
vn 0.3395 -0.6268 -0.7014
vn 0.4289 -0.5710 -0.7000
vn 0.5453 -0.4635 -0.6985
vn 0.4705 -0.5378 -0.6996
vn 0.4289 -0.5709 -0.7001
vn 0.5786 -0.4220 -0.6980
vn 0.4706 -0.5379 -0.6994
vn 0.5454 -0.4636 -0.6983
vn 0.6348 -0.3328 -0.6973
vn 0.5784 -0.4219 -0.6981
vn 0.5452 -0.4635 -0.6985
vn 0.6580 -0.2850 -0.6970
vn 0.5785 -0.4220 -0.6980
vn 0.6349 -0.3329 -0.6972
vn 0.6932 -0.1856 -0.6964
vn 0.6581 -0.2850 -0.6970
vn 0.7049 -0.1337 -0.6966
vn 0.6579 -0.2850 -0.6971
vn 0.6931 -0.1855 -0.6966
vn 0.7152 -0.0795 -0.6943
vn 0.7050 -0.1337 -0.6965
vn 0.6931 -0.1856 -0.6966
vn 0.7153 -0.0795 -0.6943
vn 0.7050 -0.1337 -0.6964
vn 0.7171 0.1111 -0.6881
vn 0.7173 0.0970 -0.6900
vn 0.7173 0.0821 -0.6919
vn 0.7173 0.0969 -0.6900
vn 0.7174 0.0525 -0.6947
vn 0.7173 0.0820 -0.6919
vn 0.7170 0.1110 -0.6881
vn 0.7173 0.0968 -0.6901
vn 0.7173 0.0377 -0.6958
vn 0.7172 0.0526 -0.6948
vn 0.7173 0.0223 -0.6965
vn 0.7174 0.0377 -0.6957
vn 0.7173 0.0822 -0.6919
vn 0.7173 0.0525 -0.6947
vn 0.7173 0.0223 -0.6964
vn 0.7174 0.0375 -0.6957
vn -0.6849 -0.1303 -0.7168
vn -0.6943 -0.0807 -0.7151
vn -0.6731 -0.1821 -0.7168
vn -0.6849 -0.1303 -0.7169
vn -0.6386 -0.2818 -0.7160
vn -0.6731 -0.1822 -0.7167
vn -0.6156 -0.3297 -0.7158
vn -0.6386 -0.2817 -0.7161
vn -0.5598 -0.4191 -0.7148
vn -0.5266 -0.4608 -0.7143
vn -0.6156 -0.3298 -0.7158
vn -0.5597 -0.4192 -0.7148
vn -0.4525 -0.5356 -0.7130
vn -0.5267 -0.4608 -0.7143
vn -0.5599 -0.4192 -0.7147
vn -0.4108 -0.5687 -0.7126
vn -0.5266 -0.4607 -0.7144
vn -0.4524 -0.5355 -0.7132
vn -0.2958 -0.6380 -0.7110
vn -0.4108 -0.5688 -0.7125
vn -0.4524 -0.5356 -0.7131
vn -0.2958 -0.6381 -0.7109
vn -0.4109 -0.5689 -0.7125
vn -0.1699 -0.6846 -0.7088
vn -0.1180 -0.6963 -0.7080
vn -0.1700 -0.6846 -0.7088
vn -0.2959 -0.6380 -0.7109
vn -0.0685 -0.7056 -0.7053
vn -0.1181 -0.6963 -0.7080
vn -0.0684 -0.7056 -0.7053
vn -0.1180 -0.6963 -0.7079
vn 0.7167 0.2261 -0.6597
vn 0.7165 0.2407 -0.6547
vn 0.7167 0.2262 -0.6597
vn 0.7165 0.2408 -0.6547
vn 0.7167 0.2120 -0.6643
vn 0.7170 0.1833 -0.6726
vn 0.7168 0.2119 -0.6643
vn 0.7170 0.1688 -0.6763
vn 0.7169 0.1835 -0.6726
vn 0.7169 0.1550 -0.6797
vn 0.7170 0.1689 -0.6763
vn 0.7169 0.1551 -0.6797
vn 0.7170 0.1835 -0.6725
vn 0.7170 0.1690 -0.6762
vn -0.6966 -0.0013 -0.7175
vn 0.7165 0.2615 -0.6467
vn -0.6967 0.0363 -0.7165
vn -0.6965 0.0206 -0.7173
vn -0.6966 0.0366 -0.7165
vn -0.6964 0.0211 -0.7173
vn -0.6966 0.0515 -0.7156
vn -0.6968 0.0878 -0.7119
vn -0.6967 0.1098 -0.7089
vn -0.6968 0.0879 -0.7119
vn -0.6967 0.0514 -0.7155
vn -0.6967 0.0879 -0.7119
vn -0.6966 0.0365 -0.7165
vn -0.6966 0.0514 -0.7156
vn -0.6966 0.1099 -0.7090
vn -0.6967 0.0876 -0.7120
vn 0.7169 0.1767 -0.6744
vn 0.7169 0.1549 -0.6797
vn 0.7170 0.1765 -0.6744
vn 0.7168 0.2261 -0.6596
vn 0.7165 0.2407 -0.6548
vn 0.7169 0.2119 -0.6642
vn 0.7167 0.2263 -0.6597
vn 0.7167 0.2121 -0.6643
vn 0.7169 0.1768 -0.6743
vn 0.7162 0.2406 -0.6551
vn 0.7165 0.2262 -0.6599
vn -0.6968 0.1538 -0.7006
vn -0.6969 0.1679 -0.6972
vn -0.6972 0.1823 -0.6933
vn -0.6971 0.1678 -0.6970
vn -0.6973 0.2108 -0.6850
vn -0.6970 0.1822 -0.6935
vn -0.6968 0.1539 -0.7006
vn -0.6970 0.1677 -0.6972
vn -0.6973 0.2250 -0.6806
vn -0.6972 0.2108 -0.6852
vn -0.6972 0.2396 -0.6756
vn -0.6973 0.2248 -0.6806
vn -0.6971 0.1821 -0.6935
vn -0.6972 0.2107 -0.6852
vn -0.6973 0.2249 -0.6805
vn 0.7173 0.0376 -0.6957
vn 0.7174 0.0377 -0.6956
vn 0.7174 0.0526 -0.6947
vn 0.7173 0.0222 -0.6965
vn 0.7172 0.0820 -0.6920
vn 0.7171 0.0968 -0.6902
vn 0.7172 0.0524 -0.6949
vn 0.7174 0.0822 -0.6918
vn 0.7174 0.0526 -0.6946
vn 0.7175 0.0377 -0.6956
vn 0.7171 0.1112 -0.6881
vn 0.7173 0.0968 -0.6900
vn 0.7174 0.0970 -0.6899
vn -0.6975 0.2604 -0.6676
vn -0.6972 0.2395 -0.6756
vn -0.6973 0.2259 -0.6802
vn -0.6971 0.2117 -0.6850
vn -0.6968 0.1832 -0.6934
vn -0.6971 0.2259 -0.6804
vn -0.6972 0.2117 -0.6849
vn -0.6973 0.2258 -0.6803
vn -0.6972 0.2395 -0.6757
vn -0.6971 0.1688 -0.6969
vn -0.6968 0.1539 -0.7005
vn -0.6971 0.1832 -0.6931
vn -0.6971 0.1687 -0.6969
vn -0.6971 0.1831 -0.6932
vn -0.6973 0.2117 -0.6848
vn -0.6970 0.1688 -0.6970
vn 0.7047 0.1335 -0.6968
vn 0.7151 0.0794 -0.6945
vn 0.7049 0.1336 -0.6967
vn 0.6929 0.1854 -0.6968
vn 0.6577 0.2848 -0.6974
vn 0.6930 0.1855 -0.6967
vn 0.6345 0.3326 -0.6977
vn 0.6575 0.2848 -0.6975
vn 0.7048 0.1336 -0.6967
vn 0.6928 0.1854 -0.6968
vn 0.5778 0.4216 -0.6989
vn 0.6343 0.3326 -0.6979
vn 0.5445 0.4631 -0.6993
vn 0.5779 0.4218 -0.6987
vn 0.6576 0.2849 -0.6974
vn 0.6344 0.3328 -0.6977
vn 0.4697 0.5374 -0.7004
vn 0.5446 0.4632 -0.6992
vn 0.4280 0.5704 -0.7010
vn 0.4696 0.5373 -0.7006
vn 0.3385 0.6261 -0.7025
vn 0.2905 0.6490 -0.7031
vn 0.3384 0.6260 -0.7026
vn 0.4279 0.5704 -0.7011
vn 0.1908 0.6833 -0.7048
vn 0.2905 0.6490 -0.7032
vn 0.1389 0.6950 -0.7055
vn 0.1907 0.6833 -0.7048
vn 0.3384 0.6260 -0.7025
vn 0.2904 0.6490 -0.7032
vn 0.0892 0.7043 -0.7043
vn -0.6969 0.0878 -0.7118
vn -0.6967 0.0879 -0.7120
vn -0.6966 0.0513 -0.7156
vn -0.6967 0.0878 -0.7120
vn -0.6967 0.0365 -0.7165
vn -0.6965 0.0213 -0.7172
vn -0.6968 0.0364 -0.7164
vn -0.6968 0.0512 -0.7155
vn -0.6966 0.0364 -0.7165
vn -0.1192 0.6948 -0.7093
vn -0.0696 0.7042 -0.7066
vn -0.1710 0.6830 -0.7101
vn -0.0696 0.7041 -0.7066
vn -0.1192 0.6948 -0.7092
vn -0.2706 0.6484 -0.7116
vn -0.1710 0.6829 -0.7102
vn -0.1192 0.6947 -0.7094
vn -0.3186 0.6254 -0.7123
vn -0.4080 0.5696 -0.7135
vn -0.2706 0.6484 -0.7115
vn -0.4497 0.5366 -0.7140
vn -0.3186 0.6255 -0.7122
vn -0.4081 0.5697 -0.7134
vn -0.5244 0.4622 -0.7151
vn -0.4496 0.5365 -0.7142
vn -0.5577 0.4206 -0.7156
vn -0.4497 0.5365 -0.7141
vn -0.5245 0.4622 -0.7150
vn -0.6141 0.3316 -0.7162
vn -0.5577 0.4207 -0.7155
vn -0.5245 0.4623 -0.7150
vn -0.6371 0.2836 -0.7167
vn -0.5576 0.4206 -0.7157
vn -0.6140 0.3316 -0.7163
vn -0.6723 0.1843 -0.7170
vn -0.6843 0.1325 -0.7171
vn -0.6373 0.2837 -0.7165
vn -0.6724 0.1843 -0.7169
vn -0.6947 0.0782 -0.7151
vn -0.6945 0.0781 -0.7153
vn -0.6842 0.1324 -0.7172
vn 0.6453 0.7146 -0.2701
vn 0.6879 0.7145 -0.1277
vn 0.6649 0.7308 -0.1543
vn 0.6454 0.7144 -0.2703
vn 0.6650 0.7307 -0.1545
vn 0.6297 0.7079 -0.3198
vn 0.6453 0.7145 -0.2703
vn 0.6300 0.7076 -0.3200
vn 0.5370 0.7176 -0.4434
vn 0.6454 0.7145 -0.2702
vn 0.7092 0.6911 -0.1396
vn 0.6880 0.7144 -0.1278
vn 0.6453 0.7147 -0.2698
vn 0.7125 0.6820 -0.1648
vn 0.7090 0.6913 -0.1392
vn 0.6456 0.7142 -0.2702
vn 0.6313 0.7062 -0.3205
vn 0.7129 0.6815 -0.1653
vn 0.6452 0.7145 -0.2705
vn 0.5609 0.6912 -0.4556
vn 0.6307 0.7067 -0.3206
vn 0.4314 0.7126 -0.5533
vn 0.5371 0.7176 -0.4433
vn 0.4081 0.7096 -0.5744
vn 0.4313 0.7127 -0.5533
vn 0.4080 0.7096 -0.5744
vn 0.2788 0.7176 -0.6382
vn 0.4315 0.7126 -0.5533
vn 0.4114 0.7041 -0.5788
vn 0.5613 0.6911 -0.4554
vn 0.4312 0.7126 -0.5534
vn 0.2985 0.6906 -0.6588
vn 0.4112 0.7041 -0.5790
vn 0.4314 0.7127 -0.5532
vn 0.6454 0.7145 -0.2700
vn 0.5371 0.7177 -0.4432
vn 0.4313 0.7127 -0.5532
vn 0.5611 0.6913 -0.4553
vn 0.1578 0.7097 -0.6866
vn 0.2787 0.7176 -0.6383
vn 0.0587 0.7178 -0.6938
vn 0.1580 0.7095 -0.6868
vn 0.0959 0.7001 -0.7076
vn 0.2987 0.6907 -0.6586
vn 0.1579 0.7099 -0.6863
vn -0.0271 0.6910 -0.7224
vn 0.0958 0.7005 -0.7072
vn 0.1579 0.7098 -0.6865
vn 0.2985 0.6910 -0.6583
vn -0.1292 0.7133 -0.6888
vn 0.0589 0.7177 -0.6938
vn -0.0746 0.7124 -0.6978
vn -0.1295 0.7134 -0.6887
vn -0.0748 0.7124 -0.6977
vn -0.2611 0.7171 -0.6462
vn -0.1294 0.7135 -0.6886
vn -0.2801 0.6905 -0.6669
vn -0.0271 0.6909 -0.7225
vn -0.1295 0.7133 -0.6888
vn 0.1579 0.7097 -0.6866
vn -0.4158 0.7120 -0.5658
vn -0.2609 0.7171 -0.6462
vn -0.3920 0.7090 -0.5863
vn -0.4160 0.7119 -0.5658
vn -0.3921 0.7089 -0.5862
vn -0.5250 0.7168 -0.4590
vn -0.4158 0.7120 -0.5659
vn -0.3950 0.7035 -0.5908
vn -0.2799 0.6905 -0.6670
vn -0.4161 0.7118 -0.5659
vn -0.5487 0.6901 -0.4719
vn -0.3952 0.7033 -0.5909
vn -0.4162 0.7119 -0.5657
vn -0.1296 0.7134 -0.6887
vn -0.2612 0.7171 -0.6461
vn -0.4161 0.7120 -0.5656
vn -0.2803 0.6905 -0.6669
vn -0.1296 0.7134 -0.6886
vn -0.6383 0.7134 -0.2893
vn -0.6851 0.7132 -0.1482
vn -0.7059 0.6899 -0.1607
vn -0.6383 0.7133 -0.2893
vn -0.5250 0.7167 -0.4591
vn -0.6212 0.7069 -0.3384
vn -0.6383 0.7135 -0.2890
vn -0.6211 0.7070 -0.3381
vn -0.6613 0.7297 -0.1738
vn -0.6383 0.7134 -0.2890
vn -0.6614 0.7296 -0.1738
vn -0.6851 0.7132 -0.1480
vn -0.6224 0.7056 -0.3387
vn -0.5486 0.6903 -0.4716
vn -0.7085 0.6807 -0.1861
vn -0.6224 0.7057 -0.3386
vn -0.6381 0.7134 -0.2896
vn -0.7057 0.6900 -0.1611
vn -0.7084 0.6806 -0.1868
vn -0.6383 0.7134 -0.2891
vn -0.5486 0.6903 -0.4717
vn -0.4160 0.7119 -0.5657
vn -0.5250 0.7168 -0.4589
vn 0.9943 0.0006 -0.1062
vn 0.9743 0.0005 -0.2253
vn 0.9744 0.0006 -0.2247
vn 0.9944 0.0008 -0.1058
vn 0.9096 0.0004 -0.4155
vn 0.8731 0.0004 -0.4876
vn 0.9743 0.0006 -0.2253
vn 0.9098 0.0003 -0.4150
vn 0.9744 0.0006 -0.2248
vn 0.9744 0.0007 -0.2248
vn 0.7844 0.0001 -0.6203
vn 0.7317 -0.0001 -0.6817
vn 0.8735 0.0003 -0.4868
vn 0.7837 0.0001 -0.6212
vn 0.8730 0.0003 -0.4878
vn 0.9095 0.0004 -0.4156
vn 0.6127 -0.0003 -0.7903
vn 0.5468 -0.0004 -0.8373
vn 0.7313 -0.0001 -0.6821
vn 0.6126 -0.0002 -0.7904
vn 0.7312 -0.0000 -0.6822
vn 0.7839 -0.0000 -0.6208
vn 0.4054 -0.0006 -0.9141
vn 0.3302 -0.0006 -0.9439
vn 0.5465 -0.0004 -0.8375
vn 0.4056 -0.0005 -0.9141
vn 0.5467 -0.0003 -0.8374
vn 0.6125 -0.0003 -0.7904
vn 0.1752 -0.0008 -0.9845
vn 0.0951 -0.0009 -0.9955
vn 0.3305 -0.0007 -0.9438
vn 0.1751 -0.0008 -0.9845
vn 0.3305 -0.0006 -0.9438
vn 0.4057 -0.0006 -0.9140
vn -0.0656 -0.0010 -0.9978
vn -0.1460 -0.0011 -0.9893
vn 0.0950 -0.0009 -0.9955
vn -0.0656 -0.0011 -0.9978
vn -0.3024 -0.0012 -0.9532
vn -0.3784 -0.0012 -0.9256
vn -0.1459 -0.0011 -0.9893
vn -0.3024 -0.0011 -0.9532
vn -0.1459 -0.0010 -0.9893
vn -0.0655 -0.0010 -0.9979
vn -0.5220 -0.0013 -0.8530
vn -0.5892 -0.0013 -0.8080
vn -0.3787 -0.0012 -0.9255
vn -0.5218 -0.0012 -0.8531
vn -0.3785 -0.0012 -0.9256
vn -0.3025 -0.0011 -0.9532
vn -0.7108 -0.0012 -0.7034
vn -0.7653 -0.0012 -0.6437
vn -0.5890 -0.0012 -0.8081
vn -0.5218 -0.0013 -0.8530
vn -0.8588 -0.0011 -0.5124
vn -0.8973 -0.0011 -0.4413
vn -0.7657 -0.0011 -0.6432
vn -0.8579 -0.0013 -0.5138
vn -0.7646 -0.0013 -0.6445
vn -0.7100 -0.0012 -0.7042
vn -0.9563 -0.0012 -0.2924
vn -0.9768 -0.0011 -0.2142
vn -0.8972 -0.0013 -0.4417
vn -0.9562 -0.0011 -0.2928
vn -0.8970 -0.0012 -0.4421
vn -0.8583 -0.0011 -0.5131
vn -0.9908 -0.0009 -0.1356
vn -0.9767 -0.0010 -0.2145
vn -0.9908 -0.0008 -0.1354
vn -0.9767 -0.0009 -0.2144
vn -0.9562 -0.0012 -0.2927
vn 0.6455 0.7144 -0.2702
vn 0.6881 0.7143 -0.1278
vn 0.6651 0.7306 -0.1543
vn 0.6454 0.7145 -0.2701
vn 0.6651 0.7307 -0.1543
vn 0.6297 0.7080 -0.3196
vn 0.6454 0.7144 -0.2701
vn 0.6301 0.7076 -0.3199
vn 0.7091 0.6912 -0.1396
vn 0.6456 0.7142 -0.2704
vn 0.7128 0.6815 -0.1656
vn 0.7093 0.6909 -0.1399
vn 0.6452 0.7147 -0.2701
vn 0.6313 0.7063 -0.3205
vn 0.7124 0.6820 -0.1653
vn 0.6454 0.7146 -0.2700
vn 0.5611 0.6913 -0.4552
vn 0.6309 0.7067 -0.3202
vn 0.5370 0.7177 -0.4433
vn 0.2789 0.7175 -0.6382
vn 0.4315 0.7126 -0.5532
vn 0.4114 0.7042 -0.5787
vn 0.5613 0.6912 -0.4552
vn 0.2987 0.6905 -0.6587
vn 0.4112 0.7042 -0.5788
vn 0.5370 0.7177 -0.4434
vn 0.4313 0.7126 -0.5533
vn 0.5611 0.6912 -0.4554
vn 0.1403 0.7122 -0.6878
vn 0.0941 0.7125 -0.6953
vn 0.1406 0.7123 -0.6877
vn 0.0944 0.7127 -0.6951
vn -0.0393 0.7179 -0.6951
vn 0.1404 0.7121 -0.6879
vn 0.0959 0.7002 -0.7075
vn 0.2986 0.6908 -0.6585
vn -0.0271 0.6907 -0.7226
vn 0.0958 0.7002 -0.7074
vn 0.1404 0.7122 -0.6878
vn 0.1404 0.7121 -0.6878
vn 0.2985 0.6909 -0.6585
vn -0.1494 0.7106 -0.6875
vn -0.0395 0.7176 -0.6953
vn -0.2611 0.7170 -0.6463
vn -0.1496 0.7109 -0.6872
vn -0.2803 0.6906 -0.6667
vn -0.0273 0.6910 -0.7224
vn -0.1494 0.7107 -0.6874
vn -0.0395 0.7177 -0.6952
vn -0.1494 0.7107 -0.6875
vn -0.4159 0.7120 -0.5658
vn -0.2610 0.7172 -0.6462
vn -0.3920 0.7090 -0.5862
vn -0.4160 0.7119 -0.5659
vn -0.3951 0.7034 -0.5908
vn -0.2801 0.6904 -0.6670
vn -0.4162 0.7120 -0.5655
vn -0.5488 0.6904 -0.4714
vn -0.3953 0.7036 -0.5904
vn -0.1495 0.7108 -0.6873
vn -0.2612 0.7172 -0.6461
vn -0.4160 0.7118 -0.5659
vn -0.2802 0.6903 -0.6671
vn -0.6851 0.7132 -0.1481
vn -0.7059 0.6899 -0.1605
vn -0.6382 0.7135 -0.2891
vn -0.5248 0.7169 -0.4590
vn -0.6211 0.7070 -0.3382
vn -0.6383 0.7134 -0.2892
vn -0.6212 0.7069 -0.3383
vn -0.6614 0.7296 -0.1740
vn -0.6382 0.7135 -0.2890
vn -0.6613 0.7297 -0.1739
vn -0.6850 0.7133 -0.1480
vn -0.6385 0.7135 -0.2886
vn -0.6225 0.7057 -0.3383
vn -0.5488 0.6904 -0.4713
vn -0.6382 0.7133 -0.2896
vn -0.7085 0.6806 -0.1868
vn -0.6222 0.7055 -0.3393
vn -0.6386 0.7134 -0.2884
vn -0.7062 0.6898 -0.1597
vn -0.7088 0.6805 -0.1855
vn -0.5485 0.6903 -0.4718
vn -0.4159 0.7119 -0.5658
vn -0.6385 0.7133 -0.2890
vn -0.4161 0.7119 -0.5658
vn -0.5251 0.7167 -0.4589
vn 0.9944 0.0007 -0.1053
vn 0.9828 0.0005 -0.1848
vn 0.9644 0.0006 -0.2643
vn 0.9097 0.0003 -0.4153
vn 0.9826 0.0007 -0.1855
vn 0.9644 0.0006 -0.2644
vn 0.9826 0.0007 -0.1856
vn 0.9944 0.0007 -0.1058
vn 0.8733 0.0001 -0.4872
vn 0.7841 0.0002 -0.6207
vn 0.9098 0.0002 -0.4150
vn 0.8733 0.0002 -0.4872
vn 0.9645 0.0006 -0.2640
vn 0.7313 0.0001 -0.6821
vn 0.6127 -0.0002 -0.7903
vn 0.7840 0.0002 -0.6208
vn 0.7310 -0.0000 -0.6824
vn 0.7838 0.0001 -0.6210
vn 0.8731 0.0003 -0.4876
vn 0.5469 -0.0004 -0.8372
vn 0.4058 -0.0005 -0.9140
vn 0.5465 -0.0003 -0.8374
vn 0.6124 -0.0002 -0.7905
vn 0.7311 -0.0001 -0.6823
vn 0.3304 -0.0006 -0.9438
vn 0.1751 -0.0008 -0.9846
vn 0.3308 -0.0005 -0.9437
vn 0.4060 -0.0004 -0.9139
vn 0.5470 -0.0004 -0.8371
vn 0.0950 -0.0011 -0.9955
vn 0.1751 -0.0010 -0.9845
vn -0.1461 -0.0010 -0.9893
vn -0.3025 -0.0011 -0.9531
vn -0.3786 -0.0012 -0.9256
vn -0.5219 -0.0013 -0.8530
vn -0.3026 -0.0011 -0.9531
vn -0.3023 -0.0012 -0.9532
vn -0.5889 -0.0011 -0.8082
vn -0.7385 -0.0013 -0.6742
vn -0.5217 -0.0011 -0.8531
vn -0.5217 -0.0012 -0.8531
vn -0.7385 -0.0013 -0.6743
vn -0.5888 -0.0012 -0.8083
vn -0.8787 -0.0012 -0.4773
vn -0.9564 -0.0010 -0.2921
vn -0.8782 -0.0012 -0.4783
vn -0.8782 -0.0011 -0.4783
vn -0.7382 -0.0012 -0.6746
vn -0.8786 -0.0013 -0.4776
vn -0.7387 -0.0014 -0.6740
vn -0.7387 -0.0012 -0.6740
vn -0.9767 -0.0010 -0.2148
vn -0.9907 -0.0009 -0.1358
vn -0.9561 -0.0010 -0.2930
vn -0.9769 -0.0011 -0.2138
vn -0.9564 -0.0012 -0.2920
vn -0.8788 -0.0011 -0.4773
vn -0.9908 -0.0010 -0.1351
vn -0.9768 -0.0011 -0.2140
vn 0.6455 0.7144 -0.2701
vn 0.6650 0.7307 -0.1543
vn 0.6453 0.7145 -0.2702
vn 0.7091 0.6911 -0.1396
vn 0.6454 0.7144 -0.2704
vn 0.7126 0.6817 -0.1655
vn 0.7092 0.6910 -0.1399
vn 0.7126 0.6818 -0.1653
vn 0.2789 0.7176 -0.6382
vn 0.4315 0.7127 -0.5531
vn 0.4313 0.7126 -0.5534
vn 0.2986 0.6905 -0.6588
vn 0.4112 0.7041 -0.5789
vn 0.4313 0.7125 -0.5534
vn 0.5612 0.6911 -0.4555
vn 0.1484 0.7136 -0.6846
vn 0.0941 0.7126 -0.6953
vn 0.1487 0.7137 -0.6845
vn 0.1486 0.7135 -0.6847
vn 0.0473 0.6908 -0.7215
vn 0.1485 0.7136 -0.6846
vn 0.2986 0.6909 -0.6584
vn -0.1388 0.7093 -0.6911
vn -0.1386 0.7095 -0.6910
vn -0.0759 0.7002 -0.7099
vn 0.0474 0.6908 -0.7215
vn -0.1389 0.7097 -0.6907
vn -0.2802 0.6906 -0.6667
vn -0.0762 0.7004 -0.7097
vn -0.1388 0.7095 -0.6909
vn 0.0472 0.6908 -0.7215
vn -0.2610 0.7171 -0.6462
vn -0.3921 0.7090 -0.5862
vn -0.3951 0.7035 -0.5908
vn -0.2800 0.6904 -0.6670
vn -0.4161 0.7120 -0.5657
vn -0.1389 0.7095 -0.6909
vn -0.2801 0.6903 -0.6671
vn -0.1388 0.7094 -0.6910
vn -0.6384 0.7134 -0.2891
vn -0.6852 0.7132 -0.1481
vn -0.5249 0.7168 -0.4590
vn -0.6382 0.7136 -0.2890
vn -0.6612 0.7298 -0.1739
vn -0.6850 0.7134 -0.1480
vn -0.6384 0.7136 -0.2885
vn -0.6224 0.7058 -0.3383
vn -0.5487 0.6905 -0.4713
vn -0.6383 0.7132 -0.2896
vn -0.7086 0.6805 -0.1868
vn -0.6223 0.7054 -0.3393
vn -0.6385 0.7135 -0.2884
vn -0.7061 0.6899 -0.1597
vn -0.7087 0.6807 -0.1855
vn -0.6384 0.7133 -0.2892
vn -0.5486 0.6902 -0.4719
vn -0.6384 0.7134 -0.2890
vn -0.4161 0.7119 -0.5657
vn 0.9944 0.0007 -0.1052
vn 0.9745 0.0005 -0.2244
vn 0.9743 0.0007 -0.2252
vn 0.9944 0.0008 -0.1061
vn 0.8731 0.0004 -0.4875
vn 0.9743 0.0006 -0.2251
vn 0.9098 0.0004 -0.4150
vn 0.9744 0.0005 -0.2248
vn 0.7838 -0.0000 -0.6211
vn 0.7310 0.0001 -0.6823
vn 0.8731 0.0002 -0.4876
vn 0.7841 0.0001 -0.6207
vn 0.8733 0.0003 -0.4872
vn 0.9098 0.0005 -0.4150
vn 0.7313 -0.0000 -0.6821
vn 0.7311 -0.0000 -0.6823
vn 0.3306 -0.0006 -0.9438
vn 0.5469 -0.0003 -0.8372
vn 0.4059 -0.0006 -0.9139
vn 0.6129 -0.0003 -0.7902
vn 0.0950 -0.0008 -0.9955
vn 0.1751 -0.0009 -0.9845
vn 0.4057 -0.0005 -0.9140
vn -0.0655 -0.0009 -0.9978
vn 0.0950 -0.0007 -0.9955
vn -0.3025 -0.0012 -0.9531
vn -0.1461 -0.0011 -0.9893
vn -0.3023 -0.0013 -0.9532
vn -0.1459 -0.0012 -0.9893
vn -0.5889 -0.0013 -0.8082
vn -0.3784 -0.0011 -0.9257
vn -0.5219 -0.0014 -0.8530
vn -0.3787 -0.0013 -0.9255
vn -0.3027 -0.0012 -0.9531
vn -0.7110 -0.0012 -0.7032
vn -0.7655 -0.0012 -0.6435
vn -0.7104 -0.0012 -0.7038
vn -0.5886 -0.0012 -0.8085
vn -0.5213 -0.0013 -0.8534
vn -0.8581 -0.0012 -0.5134
vn -0.8968 -0.0011 -0.4424
vn -0.7649 -0.0012 -0.6441
vn -0.8585 -0.0011 -0.5128
vn -0.7654 -0.0012 -0.6436
vn -0.7109 -0.0012 -0.7033
vn -0.9564 -0.0011 -0.2920
vn -0.9769 -0.0009 -0.2138
vn -0.8973 -0.0012 -0.4414
vn -0.8973 -0.0012 -0.4413
vn -0.8587 -0.0011 -0.5124
vn -0.9909 -0.0009 -0.1347
vn -0.9769 -0.0010 -0.2139
vn -0.9907 -0.0010 -0.1360
vn -0.9766 -0.0010 -0.2150
vn -0.9561 -0.0010 -0.2932
vn 0.9992 0.0009 -0.0402
vn 0.9992 0.0008 -0.0393
vn 0.9971 0.0008 -0.0755
vn 0.9935 0.0009 -0.1135
vn 0.9971 0.0008 -0.0756
vn 0.9829 0.0006 -0.1842
vn 0.9992 0.0009 -0.0405
vn 0.9749 0.0009 -0.2228
vn 0.9829 0.0006 -0.1841
vn 0.9569 0.0004 -0.2905
vn 0.9442 0.0008 -0.3293
vn 0.9569 0.0004 -0.2906
vn 0.9194 0.0002 -0.3934
vn 0.9749 0.0008 -0.2228
vn 0.9020 0.0007 -0.4318
vn 0.8708 -0.0000 -0.4916
vn 0.9193 0.0002 -0.3934
vn 0.8487 0.0007 -0.5289
vn 0.8118 -0.0002 -0.5839
vn 0.9020 0.0007 -0.4317
vn 0.7849 0.0006 -0.6196
vn 0.8486 0.0007 -0.5290
vn 0.7432 -0.0004 -0.6691
vn 0.7115 0.0005 -0.7027
vn 0.7431 -0.0004 -0.6691
vn 0.6655 -0.0005 -0.7464
vn 0.6294 0.0004 -0.7771
vn 0.5799 -0.0007 -0.8147
vn 0.5395 0.0003 -0.8420
vn 0.4873 -0.0009 -0.8732
vn 0.4430 0.0002 -0.8965
vn 0.4874 -0.0009 -0.8732
vn 0.3889 -0.0010 -0.9213
vn 0.3411 0.0001 -0.9400
vn 0.2859 -0.0012 -0.9583
vn 0.2349 -0.0000 -0.9720
vn 0.2859 -0.0011 -0.9583
vn 0.1744 -0.0013 -0.9847
vn 0.1197 -0.0022 -0.9928
vn 0.1744 -0.0012 -0.9847
vn 0.1245 -0.0008 -0.9922
vn 0.1314 0.0001 -0.9913
vn 0.2350 -0.0000 -0.9720
vn 0.1745 -0.0012 -0.9847
vn 0.1197 -0.0023 -0.9928
vn 0.0770 0.0016 -0.9970
vn 0.0771 0.0015 -0.9970
vn 0.0692 0.0025 -0.9976
vn 0.0691 0.0025 -0.9976
vn 0.0691 0.0021 -0.9976
vn 0.0147 0.0015 -0.9999
vn 0.0692 0.0021 -0.9976
vn 0.0462 0.0002 -0.9989
vn 0.0340 -0.0005 -0.9994
vn 0.0211 -0.0009 -0.9998
vn 0.0080 -0.0009 -1.0000
vn 0.0079 -0.0009 -1.0000
vn -0.0049 -0.0005 -1.0000
vn -0.0171 0.0001 -0.9999
vn -0.0397 0.0020 -0.9992
vn -0.1485 -0.0017 -0.9889
vn -0.0927 -0.0026 -0.9957
vn -0.0977 -0.0010 -0.9952
vn -0.1027 -0.0002 -0.9947
vn -0.0398 0.0020 -0.9992
vn -0.0398 0.0021 -0.9992
vn -0.0399 0.0024 -0.9992
vn -0.1027 -0.0003 -0.9947
vn -0.0399 0.0023 -0.9992
vn -0.0479 0.0014 -0.9989
vn -0.1027 -0.0001 -0.9947
vn -0.0478 0.0015 -0.9989
vn -0.0926 -0.0025 -0.9957
vn -0.0926 -0.0026 -0.9957
vn -0.1486 -0.0017 -0.9889
vn -0.2086 -0.0005 -0.9780
vn -0.2639 -0.0018 -0.9645
vn -0.3171 -0.0006 -0.9484
vn -0.3709 -0.0018 -0.9287
vn -0.3171 -0.0005 -0.9484
vn -0.2639 -0.0018 -0.9646
vn -0.4216 -0.0006 -0.9068
vn -0.4732 -0.0019 -0.8810
vn -0.3172 -0.0006 -0.9484
vn -0.5208 -0.0006 -0.8537
vn -0.5694 -0.0019 -0.8220
vn -0.4217 -0.0006 -0.9068
vn -0.4732 -0.0018 -0.8810
vn -0.6134 -0.0007 -0.7898
vn -0.6584 -0.0019 -0.7526
vn -0.5694 -0.0019 -0.8221
vn -0.6982 -0.0007 -0.7159
vn -0.6584 -0.0019 -0.7527
vn -0.7390 -0.0019 -0.6737
vn -0.6134 -0.0006 -0.7898
vn -0.7742 -0.0006 -0.6329
vn -0.8102 -0.0019 -0.5861
vn -0.8404 -0.0006 -0.5420
vn -0.8711 -0.0018 -0.4911
vn -0.8960 -0.0006 -0.4442
vn -0.8711 -0.0018 -0.4912
vn -0.8960 -0.0006 -0.4441
vn -0.9229 -0.0017 -0.3850
vn -0.9543 -0.0015 -0.2989
vn -0.9229 -0.0017 -0.3851
vn -0.9426 -0.0011 -0.3338
vn -0.9383 -0.0004 -0.3458
vn -0.9716 0.0004 -0.2368
vn -0.9820 -0.0009 -0.1887
vn -0.9911 0.0003 -0.1330
vn -0.9958 -0.0006 -0.0914
vn -0.9911 0.0003 -0.1329
vn -0.9978 0.0001 -0.0658
vn -0.9982 -0.0009 -0.0595
vn -0.9958 -0.0006 -0.0913
vn 0.9970 0.0008 -0.0777
vn 0.9991 0.0010 -0.0420
vn 0.9992 0.0008 -0.0405
vn 0.9931 0.0011 -0.1173
vn 0.9820 0.0005 -0.1891
vn 0.9732 0.0013 -0.2299
vn 0.9931 0.0009 -0.1172
vn 0.9931 0.0010 -0.1172
vn 0.9970 0.0004 -0.0777
vn 0.9545 0.0003 -0.2983
vn 0.9406 0.0014 -0.3395
vn 0.9732 0.0009 -0.2299
vn 0.9819 -0.0000 -0.1892
vn 0.9150 0.0001 -0.4035
vn 0.8957 0.0015 -0.4447
vn 0.9406 0.0009 -0.3395
vn 0.9545 -0.0004 -0.2982
vn 0.8638 -0.0001 -0.5038
vn 0.8957 0.0008 -0.4447
vn 0.9150 -0.0007 -0.4036
vn 0.8390 0.0016 -0.5441
vn 0.8018 -0.0003 -0.5976
vn 0.8390 0.0008 -0.5441
vn 0.8639 -0.0001 -0.5037
vn 0.7714 0.0007 -0.6363
vn 0.8391 0.0008 -0.5440
vn 0.7296 -0.0005 -0.6838
vn 0.7296 -0.0004 -0.6839
vn 0.6937 0.0006 -0.7203
vn 0.6476 -0.0006 -0.7620
vn 0.6937 0.0006 -0.7202
vn 0.6076 0.0005 -0.7943
vn 0.5771 -0.0001 -0.8166
vn 0.5772 -0.0001 -0.8166
vn 0.5132 0.0016 -0.8583
vn 0.6016 -0.0002 -0.7988
vn 0.6476 -0.0002 -0.7620
vn 0.5275 -0.0002 -0.8496
vn 0.5131 0.0011 -0.8583
vn 0.5771 0.0002 -0.8167
vn 0.4978 -0.0002 -0.8673
vn 0.5132 0.0011 -0.8583
vn 0.5275 -0.0002 -0.8495
vn 0.4439 -0.0004 -0.8961
vn 0.4112 0.0001 -0.9115
vn 0.3603 -0.0012 -0.9328
vn 0.4150 -0.0005 -0.9098
vn 0.3032 -0.0000 -0.9529
vn 0.2484 -0.0014 -0.9687
vn 0.3031 -0.0000 -0.9529
vn 0.1849 -0.0002 -0.9828
vn 0.1267 0.0007 -0.9919
vn 0.1318 -0.0008 -0.9913
vn 0.1849 -0.0002 -0.9827
vn 0.1393 -0.0017 -0.9902
vn 0.0813 -0.0035 -0.9967
vn 0.1391 -0.0018 -0.9903
vn 0.0726 -0.0047 -0.9973
vn 0.0812 -0.0036 -0.9967
vn 0.1392 -0.0017 -0.9903
vn 0.0744 -0.0039 -0.9972
vn 0.0727 -0.0046 -0.9973
vn 0.1266 0.0007 -0.9920
vn 0.0172 -0.0034 -0.9998
vn 0.0479 -0.0018 -0.9988
vn 0.0351 -0.0012 -0.9994
vn 0.0479 -0.0018 -0.9989
vn 0.0215 -0.0010 -0.9998
vn 0.0171 -0.0034 -0.9998
vn 0.0076 -0.0011 -1.0000
vn 0.0215 -0.0009 -0.9998
vn -0.0061 -0.0015 -1.0000
vn 0.0076 -0.0010 -1.0000
vn -0.0192 -0.0023 -0.9998
vn -0.0393 -0.0041 -0.9992
vn -0.0191 -0.0023 -0.9998
vn 0.0745 -0.0039 -0.9972
vn -0.1542 -0.0011 -0.9880
vn -0.1025 -0.0010 -0.9947
vn -0.0973 0.0005 -0.9953
vn -0.1058 -0.0019 -0.9944
vn -0.0422 -0.0040 -0.9991
vn -0.0392 -0.0042 -0.9992
vn -0.1059 -0.0019 -0.9944
vn -0.0502 -0.0031 -0.9987
vn -0.0423 -0.0040 -0.9991
vn -0.0502 -0.0032 -0.9987
vn -0.0395 -0.0042 -0.9992
vn 0.0172 -0.0042 -0.9998
vn -0.1542 -0.0005 -0.9880
vn -0.0972 0.0006 -0.9953
vn -0.2154 -0.0017 -0.9765
vn -0.2728 -0.0005 -0.9621
vn -0.1541 -0.0005 -0.9880
vn -0.2153 -0.0017 -0.9765
vn -0.3277 -0.0018 -0.9448
vn -0.3828 -0.0006 -0.9238
vn -0.4356 -0.0019 -0.9002
vn -0.4876 -0.0006 -0.8731
vn -0.4356 -0.0019 -0.9001
vn -0.3828 -0.0005 -0.9238
vn -0.5375 -0.0019 -0.8432
vn -0.5858 -0.0006 -0.8104
vn -0.4876 -0.0006 -0.8730
vn -0.6322 -0.0019 -0.7748
vn -0.6761 -0.0006 -0.7368
vn -0.7182 -0.0019 -0.6959
vn -0.7572 -0.0006 -0.6532
vn -0.7181 -0.0019 -0.6959
vn -0.6761 -0.0007 -0.7368
vn -0.6321 -0.0019 -0.7748
vn -0.7944 -0.0019 -0.6074
vn -0.8280 -0.0006 -0.5607
vn -0.8598 -0.0019 -0.5107
vn -0.7944 -0.0019 -0.6075
vn -0.8598 -0.0018 -0.5107
vn -0.8876 -0.0006 -0.4606
vn -0.9134 -0.0018 -0.4070
vn -0.9351 -0.0005 -0.3543
vn -0.9546 -0.0017 -0.2978
vn -0.9700 -0.0004 -0.2432
vn -0.9830 -0.0016 -0.1837
vn -0.9916 -0.0003 -0.1295
vn -0.9700 -0.0004 -0.2431
vn -0.9953 -0.0009 -0.0969
vn -0.9980 0.0006 -0.0629
vn -0.9953 -0.0009 -0.0968
vn -0.9916 -0.0003 -0.1294
vn -0.9922 -0.0009 -0.1248
vn -0.9830 -0.0010 -0.1837
vn -0.9988 -0.0002 -0.0494
vn -0.9995 -0.0007 -0.0321
vn -0.9980 0.0007 -0.0630
vn -0.9988 -0.0001 -0.0494
vn -0.9997 -0.0008 -0.0234
vn -0.9980 0.0006 -0.0631
vn -0.9995 -0.0007 -0.0322
vn 0.0008 -1.0000 0.0009
vn 0.0006 -1.0000 0.0009
vn 0.0009 -1.0000 0.0009
vn 0.0004 -1.0000 0.0009
vn 0.0019 -1.0000 0.0010
vn 0.0008 -1.0000 0.0010
vn 0.0005 -1.0000 0.0009
vn 0.0007 -1.0000 0.0009
vn 0.0011 -1.0000 0.0009
vn 0.0012 -1.0000 0.0009
vn 0.0020 -1.0000 0.0010
vn -1.0000 -0.0007 0.0027
vn -0.9994 0.0007 0.0336
vn -1.0000 -0.0008 -0.0061
vn -0.9998 -0.0001 0.0199
vn -0.9994 0.0007 0.0335
vn -1.0000 -0.0006 0.0026
vn -0.9977 -0.0007 0.0674
vn -0.9950 -0.0001 0.1001
vn -0.9994 0.0007 0.0334
vn -0.9880 -0.0013 0.1546
vn -0.9954 -0.0007 0.0955
vn -0.9767 -0.0000 0.2144
vn -0.9630 -0.0012 0.2695
vn -0.9452 0.0001 0.3266
vn -0.9767 -0.0000 0.2145
vn -0.9630 -0.0012 0.2694
vn -0.9250 -0.0011 0.3799
vn -0.9452 0.0002 0.3266
vn -0.9008 0.0003 0.4342
vn -0.8745 -0.0009 0.4851
vn -0.9008 0.0003 0.4343
vn -0.8442 0.0004 0.5360
vn -0.8119 -0.0008 0.5837
vn -0.7761 0.0006 0.6306
vn -0.8442 0.0004 0.5361
vn -0.7384 -0.0006 0.6744
vn -0.7762 0.0005 0.6305
vn -0.8120 -0.0008 0.5837
vn -0.6976 0.0007 0.7165
vn -0.6547 -0.0005 0.7559
vn -0.6975 0.0007 0.7165
vn -0.6548 -0.0005 0.7558
vn -0.6095 0.0009 0.7928
vn -0.5622 -0.0003 0.8270
vn -0.5622 -0.0004 0.8270
vn -0.5132 0.0010 0.8583
vn -0.4620 -0.0002 0.8869
vn -0.4099 0.0011 0.9121
vn -0.3554 -0.0001 0.9347
vn -0.4099 0.0012 0.9121
vn -0.3010 0.0013 0.9536
vn -0.2441 -0.0000 0.9698
vn -0.3555 -0.0001 0.9347
vn -0.2441 0.0001 0.9697
vn -0.1832 0.0014 0.9831
vn -0.1266 0.0024 0.9920
vn -0.1318 0.0008 0.9913
vn -0.1350 -0.0001 0.9908
vn -0.2441 0.0001 0.9698
vn -0.1265 0.0024 0.9920
vn -0.1351 -0.0001 0.9908
vn -0.0795 -0.0013 0.9968
vn -0.1266 0.0024 0.9919
vn -0.1351 -0.0000 0.9908
vn -0.0715 -0.0022 0.9974
vn -0.0794 -0.0013 0.9968
vn -0.0686 -0.0023 0.9976
vn -0.0122 -0.0015 0.9999
vn -0.0482 -0.0004 0.9988
vn -0.0687 -0.0022 0.9976
vn -0.0123 -0.0016 0.9999
vn -0.0687 -0.0023 0.9976
vn -0.0122 -0.0016 0.9999
vn -0.0352 0.0003 0.9994
vn -0.0483 -0.0005 0.9988
vn -0.0123 -0.0015 0.9999
vn -0.0215 0.0008 0.9998
vn -0.0352 0.0004 0.9994
vn -0.0076 0.0009 1.0000
vn 0.0060 0.0006 1.0000
vn 0.0188 -0.0000 0.9998
vn 0.0451 -0.0020 0.9990
vn 0.0189 -0.0000 0.9998
vn 0.1559 0.0011 0.9878
vn 0.1025 0.0010 0.9947
vn 0.0973 0.0025 0.9952
vn 0.1100 0.0002 0.9939
vn -0.0123 -0.0021 0.9999
vn 0.1100 0.0001 0.9939
vn 0.0434 -0.0027 0.9991
vn 0.0451 -0.0021 0.9990
vn 0.1099 0.0002 0.9939
vn 0.0519 -0.0016 0.9987
vn 0.1101 0.0002 0.9939
vn 0.0974 0.0026 0.9952
vn 0.0521 -0.0016 0.9986
vn 0.1559 0.0016 0.9878
vn 0.0973 0.0026 0.9952
vn 0.2197 0.0004 0.9756
vn 0.2749 0.0017 0.9615
vn 0.1558 0.0016 0.9878
vn 0.3326 0.0005 0.9431
vn 0.3842 0.0018 0.9233
vn 0.2749 0.0018 0.9615
vn 0.3327 0.0005 0.9431
vn 0.4173 0.0013 0.9088
vn 0.4876 0.0032 0.8730
vn 0.3880 0.0012 0.9217
vn 0.4173 0.0012 0.9088
vn 0.3326 0.0012 0.9431
vn 0.4720 0.0014 0.8816
vn 0.4876 0.0027 0.8730
vn 0.4173 0.0018 0.9088
vn 0.5022 0.0014 0.8648
vn 0.4876 0.0026 0.8730
vn 0.5528 0.0014 0.8333
vn 0.5839 0.0020 0.8118
vn 0.4876 0.0027 0.8731
vn 0.5021 0.0014 0.8648
vn 0.6248 0.0008 0.7808
vn 0.5778 0.0013 0.8162
vn 0.6722 0.0019 0.7404
vn 0.5839 0.0020 0.8119
vn 0.7091 0.0008 0.7051
vn 0.7523 0.0019 0.6588
vn 0.6721 0.0019 0.7404
vn 0.7838 0.0009 0.6210
vn 0.8226 0.0018 0.5686
vn 0.8486 0.0009 0.5290
vn 0.8822 0.0017 0.4710
vn 0.9026 0.0009 0.4304
vn 0.9027 0.0009 0.4304
vn 0.9302 0.0016 0.3671
vn 0.8822 0.0017 0.4709
vn 0.9453 0.0009 0.3262
vn 0.9027 0.0009 0.4303
vn 0.9453 0.0009 0.3263
vn 0.9660 0.0020 0.2585
vn 0.9302 0.0016 0.3672
vn 0.9759 0.0009 0.2181
vn 0.9660 0.0014 0.2585
vn 0.9453 0.0005 0.3263
vn 0.9759 0.0009 0.2180
vn 0.9892 0.0016 0.1465
vn 0.9943 0.0009 0.1070
vn 0.9892 0.0012 0.1465
vn 0.9759 0.0007 0.2180
vn 0.9943 0.0009 0.1071
vn 0.9974 0.0011 0.0714
vn 0.9975 0.0009 0.0700
vn 0.9974 0.0011 0.0715
vn -0.0008 1.0000 -0.0009
vn -0.0008 1.0000 -0.0010
vn -0.0009 1.0000 -0.0009
vn -0.0012 1.0000 -0.0009
vn -0.0011 1.0000 -0.0010
vn -0.0009 1.0000 -0.0010
vn -0.0007 1.0000 -0.0009
vn -0.0010 1.0000 -0.0010
vn -0.0007 1.0000 -0.0010
vn -0.0010 1.0000 -0.0009
vn -0.0013 1.0000 -0.0009
vn -0.0012 1.0000 -0.0010
vn -0.0004 1.0000 -0.0009
vn -0.0011 1.0000 -0.0009
vn -0.0009 1.0000 -0.0007
vn -0.0010 1.0000 -0.0008
vn -0.0003 1.0000 -0.0009
vn -0.0006 1.0000 -0.0011
vn -0.0008 1.0000 -0.0007
vn -0.0004 1.0000 -0.0010
vn -0.0006 1.0000 -0.0009
vn -0.0013 1.0000 -0.0010
vn -0.9993 0.0002 0.0363
vn -0.9995 -0.0008 0.0301
vn -0.9981 -0.0005 0.0619
vn -0.9946 0.0005 0.1036
vn -0.9872 -0.0006 0.1596
vn -0.9993 0.0002 0.0364
vn -0.9338 -0.0010 0.3577
vn -0.9627 -0.0010 0.2706
vn -0.9521 -0.0005 0.3059
vn -0.9781 0.0007 0.2080
vn -0.9781 0.0008 0.2080
vn -0.9481 0.0002 0.3180
vn -0.9087 0.0002 0.4175
vn -0.9339 -0.0010 0.3576
vn -0.8852 -0.0009 0.4652
vn -0.9339 -0.0010 0.3577
vn -0.8560 0.0004 0.5170
vn -0.8560 0.0004 0.5169
vn -0.8272 -0.0008 0.5620
vn -0.7925 0.0005 0.6098
vn -0.8272 -0.0008 0.5619
vn -0.7926 0.0005 0.6098
vn -0.7586 -0.0007 0.6516
vn -0.7190 0.0007 0.6950
vn -0.6803 -0.0005 0.7329
vn -0.6364 0.0008 0.7713
vn -0.6365 0.0008 0.7713
vn -0.6804 -0.0005 0.7329
vn -0.5934 -0.0004 0.8049
vn -0.5458 0.0009 0.8379
vn -0.4990 -0.0002 0.8666
vn -0.4482 0.0011 0.8939
vn -0.4990 -0.0003 0.8666
vn -0.3981 -0.0001 0.9173
vn -0.3450 0.0012 0.9386
vn -0.3982 -0.0001 0.9173
vn -0.2923 -0.0000 0.9563
vn -0.2374 0.0013 0.9714
vn -0.1777 0.0002 0.9841
vn -0.2373 0.0013 0.9714
vn -0.2922 -0.0000 0.9563
vn -0.1219 -0.0007 0.9925
vn -0.1270 0.0008 0.9919
vn -0.1321 0.0014 0.9912
vn -0.1220 -0.0009 0.9925
vn -0.0772 0.0031 0.9970
vn -0.1320 0.0017 0.9913
vn -0.0771 0.0033 0.9970
vn -0.0692 0.0043 0.9976
vn -0.1320 0.0016 0.9913
vn -0.0691 0.0043 0.9976
vn -0.0691 0.0039 0.9976
vn -0.1220 -0.0007 0.9925
vn -0.0147 0.0033 0.9999
vn -0.0692 0.0039 0.9976
vn -0.0462 0.0020 0.9989
vn -0.0147 0.0034 0.9999
vn -0.0340 0.0013 0.9994
vn -0.0211 0.0010 0.9998
vn -0.0080 0.0010 1.0000
vn 0.0049 0.0014 1.0000
vn 0.0049 0.0013 1.0000
vn 0.0171 0.0020 0.9999
vn 0.0397 0.0040 0.9992
vn 0.1453 0.0006 0.9894
vn 0.0904 -0.0004 0.9959
vn 0.0952 0.0010 0.9955
vn 0.1021 0.0019 0.9948
vn 0.0399 0.0043 0.9992
vn 0.0478 0.0034 0.9988
vn 0.1022 0.0019 0.9948
vn 0.0479 0.0034 0.9988
vn 0.0398 0.0040 0.9992
vn 0.2061 0.0018 0.9785
vn 0.2575 0.0006 0.9663
vn 0.2062 0.0018 0.9785
vn 0.3132 0.0018 0.9497
vn 0.3616 0.0007 0.9323
vn 0.2574 0.0006 0.9663
vn 0.4164 0.0019 0.9092
vn 0.3616 0.0007 0.9324
vn 0.4613 0.0008 0.8872
vn 0.5144 0.0019 0.8575
vn 0.4614 0.0008 0.8872
vn 0.5556 0.0008 0.8314
vn 0.4163 0.0019 0.9092
vn 0.6062 0.0018 0.7953
vn 0.6432 0.0009 0.7657
vn 0.5556 0.0008 0.8315
vn 0.6905 0.0018 0.7233
vn 0.7231 0.0009 0.6907
vn 0.6905 0.0018 0.7234
vn 0.7663 0.0017 0.6425
vn 0.7231 0.0009 0.6908
vn 0.7943 0.0009 0.6076
vn 0.8327 0.0017 0.5538
vn 0.7942 0.0009 0.6076
vn 0.8327 0.0017 0.5537
vn 0.8559 0.0009 0.5171
vn 0.8889 0.0016 0.4582
vn 0.8560 0.0009 0.5170
vn 0.9073 0.0009 0.4204
vn 0.9341 0.0014 0.3570
vn 0.8888 0.0016 0.4582
vn 0.9479 0.0009 0.3187
vn 0.9679 0.0013 0.2514
vn 0.9479 0.0009 0.3186
vn 0.9770 0.0009 0.2131
vn 0.9898 0.0011 0.1428
vn 0.9679 0.0013 0.2515
vn 0.9945 0.0009 0.1050
vn 0.9976 0.0010 0.0699
vn 0.9897 0.0011 0.1428
vn 0.9976 0.0010 0.0697
vn 0.9945 0.0009 0.1049
vn 0.9976 0.0009 0.0688
vn -0.8586 -0.0012 -0.5127
vn -0.8585 -0.0011 -0.5129
vn -0.8592 -0.0013 -0.5117
vn -0.8583 -0.0011 -0.5132
vn -0.8582 -0.0011 -0.5133
vn -0.8590 -0.0011 -0.5119
vn -0.8576 -0.0014 -0.5144
vn -0.8575 -0.0014 -0.5145
vn -0.8588 -0.0018 -0.5124
vn -0.8587 -0.0017 -0.5125
vn 0.5127 -0.0004 -0.8586
vn 0.8586 0.0012 0.5127
vn 0.8587 0.0012 0.5125
vn 0.8588 0.0013 0.5123
vn 0.8584 0.0010 0.5129
vn 0.8583 0.0010 0.5131
vn 0.8587 0.0011 0.5124
vn 0.8588 0.0011 0.5123
vn 0.8585 0.0012 0.5128
vn 0.8584 0.0011 0.5130
vn 0.8585 0.0012 0.5127
vn 0.8581 0.0017 0.5135
vn 0.8581 0.0015 0.5134
vn 0.0013 -1.0000 0.0009
vn 0.0010 -1.0000 0.0010
vn 0.0009 -1.0000 0.0010
vn 0.0003 -1.0000 0.0009
vn 0.0013 -1.0000 0.0010
vn 0.0007 -1.0000 0.0010
vn 0.0009 -1.0000 0.0012
vn 0.0008 -1.0000 0.0012
vn 0.0012 -1.0000 0.0010
vn 0.0008 -1.0000 0.0008
vn 0.0009 -1.0000 0.0011
vn 0.0010 -1.0000 0.0009
vn 0.0011 -1.0000 0.0010
vn 0.8727 -0.0001 -0.4882
vn 0.8727 -0.0001 -0.4883
vn 0.8737 0.0003 -0.4865
vn 0.8737 0.0004 -0.4865
vn 0.8736 0.0003 -0.4866
vn 0.8728 0.0001 -0.4880
vn 0.8734 0.0003 -0.4871
vn 0.8733 0.0003 -0.4871
vn 0.8734 0.0003 -0.4869
vn 0.8733 -0.0000 -0.4872
vn 0.8732 -0.0001 -0.4874
vn 0.8736 0.0014 -0.4867
vn 0.8736 0.0013 -0.4867
vn 0.4872 0.0012 0.8733
vn -0.8733 0.0002 0.4871
vn -0.8733 -0.0000 0.4871
vn -0.8727 -0.0004 0.4883
vn -0.8737 -0.0004 0.4865
vn -0.8739 -0.0003 0.4862
vn -0.8739 -0.0003 0.4861
vn -0.8735 -0.0001 0.4868
vn -0.8734 -0.0003 0.4871
vn -0.8733 -0.0003 0.4872
vn -0.8728 -0.0004 0.4881
vn 0.0008 -1.0000 0.0007
vn 0.0005 -1.0000 0.0010
vn 0.0009 -1.0000 0.0008
vn 0.0008 -1.0000 0.0011
vn 0.0009 -1.0000 0.0007
vn 0.0005 -1.0000 0.0011
vn 0.0504 -0.9950 0.0867
vn 0.0527 -0.9948 0.0873
vn 0.0859 -0.9862 0.1419
vn 0.0890 -0.9809 0.1732
vn 0.0540 -0.9930 0.1053
vn 0.0490 -0.9943 0.0946
vn 0.4544 -0.0998 0.8852
vn 0.4505 -0.1670 0.8770
vn 0.4652 -0.1118 0.8781
vn 0.1155 -0.9734 0.1980
vn 0.0860 -0.9862 0.1416
vn 0.1909 -0.9298 0.3147
vn 0.1170 -0.9734 0.1971
vn 0.0509 -0.9950 0.0862
vn 0.0863 -0.9862 0.1413
vn 0.2183 -0.9010 0.3749
vn 0.1910 -0.9297 0.3148
vn 0.2879 -0.8313 0.4755
vn 0.2181 -0.9010 0.3750
vn 0.1154 -0.9733 0.1982
vn 0.1908 -0.9297 0.3149
vn 0.3117 -0.7844 0.5362
vn 0.2878 -0.8314 0.4754
vn 0.3802 -0.6784 0.6287
vn 0.3118 -0.7844 0.5362
vn 0.2879 -0.8313 0.4754
vn 0.3951 -0.6179 0.6797
vn 0.3803 -0.6783 0.6287
vn 0.4516 -0.4881 0.7469
vn 0.3950 -0.6179 0.6798
vn 0.3118 -0.7843 0.5363
vn 0.3803 -0.6783 0.6288
vn 0.4565 -0.4174 0.7857
vn 0.4532 -0.4878 0.7461
vn 0.4980 -0.2703 0.8239
vn 0.4565 -0.4178 0.7855
vn 0.3951 -0.6181 0.6796
vn 0.4517 -0.4883 0.7467
vn 0.4940 -0.2092 0.8439
vn 0.5136 -0.1155 0.8502
vn 0.4938 -0.1164 0.8618
vn 0.4942 -0.2092 0.8438
vn 0.4985 -0.2707 0.8236
vn 0.5137 -0.1159 0.8501
vn 0.4939 -0.2098 0.8439
vn 0.4561 -0.4182 0.7856
vn 0.4977 -0.2712 0.8239
vn 0.0982 -0.9775 0.1867
vn 0.0492 -0.9943 0.0948
vn 0.0504 -0.9950 0.0866
vn 0.0984 -0.9775 0.1868
vn 0.1961 -0.9028 0.3828
vn 0.0895 -0.9807 0.1736
vn 0.0985 -0.9775 0.1867
vn 0.0506 -0.9950 0.0867
vn 0.1156 -0.9733 0.1982
vn 0.0989 -0.9775 0.1863
vn 0.0900 -0.9808 0.1731
vn 0.0499 -0.9943 0.0944
vn 0.1813 -0.9240 0.3367
vn 0.2182 -0.9011 0.3748
vn 0.1812 -0.9240 0.3368
vn 0.1960 -0.9029 0.3825
vn 0.0983 -0.9775 0.1865
vn 0.1814 -0.9240 0.3368
vn 0.0984 -0.9775 0.1865
vn 0.2682 -0.8233 0.5003
vn 0.3007 -0.7511 0.5877
vn 0.1961 -0.9028 0.3827
vn 0.2683 -0.8232 0.5003
vn 0.2183 -0.9009 0.3751
vn 0.2687 -0.8233 0.5001
vn 0.1965 -0.9028 0.3824
vn 0.1817 -0.9239 0.3367
vn 0.2683 -0.8233 0.5001
vn 0.2182 -0.9010 0.3748
vn 0.3517 -0.6685 0.6553
vn 0.3736 -0.5763 0.7268
vn 0.3009 -0.7514 0.5872
vn 0.3516 -0.6682 0.6556
vn 0.3118 -0.7845 0.5361
vn 0.3951 -0.6180 0.6797
vn 0.3512 -0.6682 0.6559
vn 0.3004 -0.7512 0.5877
vn 0.2680 -0.8233 0.5003
vn 0.3516 -0.6681 0.6558
vn 0.2683 -0.8233 0.5003
vn 0.3118 -0.7844 0.5363
vn 0.4154 -0.4761 0.7751
vn 0.4216 -0.3810 0.8229
vn 0.3725 -0.5757 0.7279
vn 0.4153 -0.4766 0.7749
vn 0.3515 -0.6683 0.6556
vn 0.3949 -0.6182 0.6796
vn 0.4154 -0.4762 0.7750
vn 0.3951 -0.6178 0.6799
vn 0.4564 -0.4176 0.7857
vn 0.4153 -0.4761 0.7752
vn 0.3724 -0.5757 0.7279
vn 0.3515 -0.6679 0.6560
vn 0.4613 -0.2400 0.8542
vn 0.4501 -0.1667 0.8773
vn 0.4218 -0.3812 0.8227
vn 0.4611 -0.2403 0.8542
vn 0.4938 -0.1165 0.8617
vn 0.4650 -0.1117 0.8783
vn 0.4612 -0.2396 0.8543
vn 0.4941 -0.2088 0.8439
vn 0.4938 -0.1160 0.8618
vn 0.4612 -0.2404 0.8541
vn 0.4217 -0.3815 0.8226
vn 0.4154 -0.4766 0.7748
vn 0.4564 -0.4180 0.7855
vn 0.4941 -0.2096 0.8437
vn 0.4610 -0.2402 0.8543
vn 0.4649 -0.1117 0.8783
vn 0.4502 -0.1669 0.8772
vn 0.4611 -0.2404 0.8542
vn 0.4152 -0.4766 0.7749
vn 0.4563 -0.4181 0.7855
vn -0.9931 -0.1019 -0.0576
vn -0.9840 -0.1688 -0.0566
vn -0.9922 -0.1149 -0.0476
vn -0.1923 -0.9813 0.0050
vn -0.0939 -0.9956 0.0012
vn -0.0947 -0.9955 0.0033
vn -0.1917 -0.9814 0.0050
vn -0.1958 -0.9806 0.0070
vn -0.3652 -0.9309 0.0120
vn -0.1934 -0.9811 0.0050
vn -0.0958 -0.9954 0.0033
vn -0.1973 -0.9803 0.0070
vn -0.4316 -0.9020 0.0099
vn -0.3658 -0.9306 0.0120
vn -0.5536 -0.8326 0.0171
vn -0.4327 -0.9015 0.0099
vn -0.1937 -0.9810 0.0050
vn -0.3670 -0.9301 0.0120
vn -0.6184 -0.7858 0.0133
vn -0.5537 -0.8326 0.0171
vn -0.7329 -0.6800 0.0218
vn -0.6186 -0.7856 0.0133
vn -0.4320 -0.9018 0.0098
vn -0.5540 -0.8324 0.0171
vn -0.7844 -0.6200 0.0164
vn -0.7327 -0.6802 0.0218
vn -0.8711 -0.4904 0.0254
vn -0.7849 -0.6194 0.0162
vn -0.6187 -0.7855 0.0131
vn -0.7332 -0.6796 0.0216
vn -0.9076 -0.4194 0.0185
vn -0.8715 -0.4898 0.0253
vn -0.9618 -0.2725 0.0276
vn -0.9075 -0.4196 0.0186
vn -0.7848 -0.6195 0.0164
vn -0.8714 -0.4899 0.0254
vn -0.9772 -0.2111 0.0214
vn -0.9926 -0.1184 0.0283
vn -0.9928 -0.1183 0.0170
vn -0.9772 -0.2112 0.0215
vn -0.9617 -0.2728 0.0284
vn -0.9925 -0.1187 0.0285
vn -0.9617 -0.2727 0.0277
vn -0.2150 -0.9766 0.0023
vn -0.0949 -0.9955 0.0012
vn -0.1933 -0.9811 0.0051
vn -0.4007 -0.9162 0.0015
vn -0.1921 -0.9814 0.0051
vn -0.4313 -0.9022 0.0099
vn -0.4013 -0.9159 0.0015
vn -0.2145 -0.9767 0.0010
vn -0.1928 -0.9812 0.0050
vn -0.5882 -0.8087 0.0020
vn -0.4014 -0.9159 0.0015
vn -0.4319 -0.9018 0.0099
vn -0.7604 -0.6494 0.0024
vn -0.5881 -0.8088 0.0020
vn -0.6185 -0.7856 0.0134
vn -0.7607 -0.6492 0.0024
vn -0.6187 -0.7855 0.0133
vn -0.7849 -0.6193 0.0164
vn -0.8907 -0.4547 0.0025
vn -0.7846 -0.6198 0.0162
vn -0.9074 -0.4199 0.0185
vn -0.8907 -0.4547 0.0026
vn -0.7602 -0.6496 0.0024
vn -0.7846 -0.6198 0.0164
vn -0.9722 -0.2340 0.0054
vn -0.9928 -0.1183 0.0169
vn -0.9930 -0.1185 -0.0003
vn -0.9722 -0.2340 0.0057
vn -0.9075 -0.4196 0.0187
vn -0.9772 -0.2111 0.0216
vn -0.9722 -0.2342 0.0057
vn -0.9772 -0.2112 0.0217
vn -0.9928 -0.1184 0.0172
vn -0.9722 -0.2339 0.0055
vn -0.8909 -0.4542 0.0025
vn -0.1787 -0.9839 -0.0021
vn -0.0949 -0.9955 -0.0021
vn -0.0950 -0.9955 0.0012
vn -0.1775 -0.9841 -0.0021
vn -0.0937 -0.9956 0.0012
vn -0.2138 -0.9769 0.0009
vn -0.4009 -0.9161 -0.0054
vn -0.2149 -0.9766 0.0009
vn -0.4017 -0.9158 0.0015
vn -0.4003 -0.9164 -0.0054
vn -0.1779 -0.9841 -0.0020
vn -0.2142 -0.9768 0.0010
vn -0.5680 -0.8230 -0.0067
vn -0.4012 -0.9160 0.0014
vn -0.5880 -0.8089 0.0019
vn -0.5683 -0.8228 -0.0067
vn -0.4008 -0.9162 -0.0054
vn -0.4015 -0.9158 0.0015
vn -0.7486 -0.6629 -0.0114
vn -0.5878 -0.8090 0.0020
vn -0.7602 -0.6496 0.0023
vn -0.7487 -0.6628 -0.0114
vn -0.8904 -0.4550 -0.0129
vn -0.7490 -0.6625 -0.0115
vn -0.7606 -0.6492 0.0022
vn -0.8901 -0.4555 -0.0127
vn -0.7602 -0.6497 0.0024
vn -0.8906 -0.4547 0.0026
vn -0.9719 -0.2349 -0.0111
vn -0.9929 -0.1187 -0.0001
vn -0.9928 -0.1188 -0.0173
vn -0.9720 -0.2347 -0.0113
vn -0.9722 -0.2341 0.0054
vn -0.9929 -0.1186 -0.0003
vn -0.9720 -0.2349 -0.0113
vn -0.8907 -0.4545 0.0025
vn -0.9722 -0.2342 0.0055
vn -0.9720 -0.2346 -0.0113
vn -0.8904 -0.4550 -0.0128
vn -0.8909 -0.4542 0.0024
vn -0.2141 -0.9768 -0.0065
vn -0.0944 -0.9955 -0.0021
vn -0.1782 -0.9840 -0.0020
vn -0.4000 -0.9164 -0.0124
vn -0.2134 -0.9769 -0.0065
vn -0.4008 -0.9161 -0.0124
vn -0.1783 -0.9840 -0.0021
vn -0.4007 -0.9162 -0.0054
vn -0.6005 -0.7994 -0.0179
vn -0.4002 -0.9164 -0.0124
vn -0.4001 -0.9165 -0.0054
vn -0.6011 -0.7990 -0.0179
vn -0.5684 -0.8227 -0.0067
vn -0.6010 -0.7991 -0.0179
vn -0.5682 -0.8228 -0.0067
vn -0.7489 -0.6626 -0.0114
vn -0.7749 -0.6316 -0.0258
vn -0.6011 -0.7990 -0.0180
vn -0.8899 -0.4552 -0.0283
vn -0.7745 -0.6320 -0.0257
vn -0.8900 -0.4551 -0.0282
vn -0.7487 -0.6628 -0.0113
vn -0.8902 -0.4554 -0.0127
vn -0.9755 -0.2180 -0.0298
vn -0.8902 -0.4553 -0.0127
vn -0.9755 -0.2181 -0.0298
vn -0.9924 -0.1188 -0.0316
vn -0.9922 -0.1151 -0.0477
vn -0.9928 -0.1186 -0.0173
vn -0.9924 -0.1186 -0.0316
vn -0.9755 -0.2181 -0.0301
vn -0.9719 -0.2349 -0.0114
vn -0.9928 -0.1187 -0.0176
vn -0.9756 -0.2177 -0.0298
vn -0.8904 -0.4550 -0.0126
vn -0.9720 -0.2345 -0.0111
vn -0.1604 -0.9870 -0.0074
vn -0.1005 -0.9949 -0.0057
vn -0.0933 -0.9956 -0.0022
vn -0.1611 -0.9869 -0.0074
vn -0.2489 -0.9684 -0.0159
vn -0.1012 -0.9949 -0.0057
vn -0.1617 -0.9868 -0.0074
vn -0.0946 -0.9955 -0.0022
vn -0.2144 -0.9767 -0.0065
vn -0.3743 -0.9271 -0.0175
vn -0.2497 -0.9682 -0.0158
vn -0.1619 -0.9868 -0.0071
vn -0.3733 -0.9275 -0.0175
vn -0.4637 -0.8856 -0.0280
vn -0.2487 -0.9685 -0.0158
vn -0.3738 -0.9274 -0.0175
vn -0.1613 -0.9869 -0.0074
vn -0.3740 -0.9273 -0.0175
vn -0.2142 -0.9768 -0.0065
vn -0.4007 -0.9161 -0.0124
vn -0.5651 -0.8246 -0.0265
vn -0.6572 -0.7527 -0.0380
vn -0.4638 -0.8855 -0.0280
vn -0.3736 -0.9274 -0.0175
vn -0.4003 -0.9163 -0.0124
vn -0.5655 -0.8243 -0.0265
vn -0.4643 -0.8853 -0.0280
vn -0.3740 -0.9273 -0.0169
vn -0.6010 -0.7991 -0.0180
vn -0.7420 -0.6695 -0.0353
vn -0.6011 -0.7990 -0.0178
vn -0.7749 -0.6316 -0.0256
vn -0.8149 -0.5775 -0.0484
vn -0.6575 -0.7524 -0.0393
vn -0.7414 -0.6701 -0.0355
vn -0.5648 -0.8248 -0.0266
vn -0.6003 -0.7996 -0.0181
vn -0.7421 -0.6694 -0.0353
vn -0.6577 -0.7523 -0.0394
vn -0.5656 -0.8242 -0.0280
vn -0.8772 -0.4783 -0.0425
vn -0.8147 -0.5778 -0.0490
vn -0.7417 -0.6698 -0.0355
vn -0.8774 -0.4779 -0.0425
vn -0.7748 -0.6316 -0.0258
vn -0.8902 -0.4548 -0.0284
vn -0.8773 -0.4781 -0.0424
vn -0.9221 -0.3832 -0.0546
vn -0.8148 -0.5777 -0.0490
vn -0.8772 -0.4783 -0.0422
vn -0.7418 -0.6697 -0.0352
vn -0.7746 -0.6319 -0.0256
vn -0.9637 -0.2628 -0.0463
vn -0.9755 -0.2179 -0.0299
vn -0.9922 -0.1150 -0.0478
vn -0.9839 -0.1689 -0.0584
vn -0.9220 -0.3833 -0.0545
vn -0.9638 -0.2626 -0.0464
vn -0.8901 -0.4548 -0.0283
vn -0.9755 -0.2178 -0.0300
vn -0.9638 -0.2627 -0.0463
vn -0.9221 -0.3831 -0.0545
vn -0.8773 -0.4781 -0.0423
vn -0.9637 -0.2628 -0.0464
vn -0.8772 -0.4782 -0.0424
vn -0.8900 -0.4550 -0.0283
vn -0.9637 -0.2628 -0.0465
vn -0.9922 -0.1150 -0.0479
vn -0.9840 -0.1689 -0.0570
vn 0.0503 -0.9951 -0.0848
vn 0.0495 -0.9949 -0.0874
vn 0.0803 -0.9864 -0.1431
vn 0.1057 -0.9811 -0.1621
vn 0.0645 -0.9931 -0.0977
vn 0.0576 -0.9944 -0.0881
vn 0.5397 -0.1014 -0.8357
vn 0.5349 -0.1686 -0.8279
vn 0.5286 -0.1135 -0.8413
vn 0.1142 -0.9737 -0.1971
vn 0.0801 -0.9864 -0.1433
vn 0.1776 -0.9303 -0.3208
vn 0.1126 -0.9737 -0.1978
vn 0.0498 -0.9951 -0.0850
vn 0.0798 -0.9865 -0.1433
vn 0.2157 -0.9017 -0.3746
vn 0.1774 -0.9304 -0.3209
vn 0.2680 -0.8322 -0.4854
vn 0.2158 -0.9018 -0.3744
vn 0.1141 -0.9738 -0.1969
vn 0.1774 -0.9304 -0.3207
vn 0.3089 -0.7854 -0.5363
vn 0.2683 -0.8322 -0.4852
vn 0.3547 -0.6796 -0.6421
vn 0.3088 -0.7854 -0.5364
vn 0.2160 -0.9017 -0.3745
vn 0.2682 -0.8322 -0.4853
vn 0.3913 -0.6193 -0.6807
vn 0.3544 -0.6796 -0.6423
vn 0.4211 -0.4897 -0.7635
vn 0.3914 -0.6192 -0.6807
vn 0.3088 -0.7854 -0.5365
vn 0.3546 -0.6795 -0.6422
vn 0.4523 -0.4196 -0.7870
vn 0.4195 -0.4900 -0.7642
vn 0.4647 -0.2727 -0.8425
vn 0.4525 -0.4190 -0.7872
vn 0.3916 -0.6191 -0.6807
vn 0.4214 -0.4894 -0.7635
vn 0.4840 -0.2101 -0.8495
vn 0.4795 -0.1166 -0.8697
vn 0.4995 -0.1173 -0.8584
vn 0.4838 -0.2112 -0.8493
vn 0.4641 -0.2726 -0.8428
vn 0.4794 -0.1180 -0.8696
vn 0.4837 -0.2109 -0.8494
vn 0.4522 -0.4193 -0.7872
vn 0.4645 -0.2724 -0.8426
vn 0.1126 -0.9778 -0.1768
vn 0.0576 -0.9944 -0.0883
vn 0.0499 -0.9951 -0.0853
vn 0.1127 -0.9778 -0.1764
vn 0.2336 -0.9036 -0.3591
vn 0.1058 -0.9811 -0.1620
vn 0.1125 -0.9779 -0.1764
vn 0.0498 -0.9951 -0.0849
vn 0.1140 -0.9738 -0.1969
vn 0.1129 -0.9778 -0.1764
vn 0.1059 -0.9811 -0.1620
vn 0.0578 -0.9944 -0.0879
vn 0.2015 -0.9245 -0.3235
vn 0.1142 -0.9737 -0.1970
vn 0.2160 -0.9017 -0.3746
vn 0.2014 -0.9245 -0.3237
vn 0.2337 -0.9034 -0.3594
vn 0.1128 -0.9778 -0.1766
vn 0.2017 -0.9245 -0.3234
vn 0.1131 -0.9778 -0.1763
vn 0.1145 -0.9737 -0.1969
vn 0.2997 -0.8241 -0.4806
vn 0.3591 -0.7521 -0.5526
vn 0.2340 -0.9034 -0.3592
vn 0.2992 -0.8243 -0.4807
vn 0.2158 -0.9018 -0.3745
vn 0.3087 -0.7855 -0.5364
vn 0.2989 -0.8244 -0.4807
vn 0.2331 -0.9037 -0.3592
vn 0.2009 -0.9246 -0.3235
vn 0.2995 -0.8243 -0.4805
vn 0.2016 -0.9246 -0.3233
vn 0.2161 -0.9018 -0.3743
vn 0.3924 -0.6694 -0.6308
vn 0.4430 -0.5773 -0.6859
vn 0.3589 -0.7522 -0.5526
vn 0.3921 -0.6696 -0.6308
vn 0.3085 -0.7856 -0.5363
vn 0.3912 -0.6195 -0.6806
vn 0.3926 -0.6691 -0.6310
vn 0.2996 -0.8240 -0.4809
vn 0.3091 -0.7852 -0.5366
vn 0.3923 -0.6694 -0.6309
vn 0.3587 -0.7522 -0.5528
vn 0.2993 -0.8242 -0.4808
vn 0.4633 -0.4783 -0.7461
vn 0.5019 -0.3832 -0.7754
vn 0.4438 -0.5777 -0.6851
vn 0.4638 -0.4776 -0.7461
vn 0.3926 -0.6692 -0.6309
vn 0.3916 -0.6192 -0.6806
vn 0.4636 -0.4777 -0.7462
vn 0.3914 -0.6193 -0.6807
vn 0.4523 -0.4192 -0.7872
vn 0.4638 -0.4777 -0.7462
vn 0.4443 -0.5771 -0.6852
vn 0.3925 -0.6693 -0.6309
vn 0.5091 -0.2418 -0.8260
vn 0.5347 -0.1685 -0.8281
vn 0.5016 -0.3829 -0.7757
vn 0.5093 -0.2414 -0.8260
vn 0.4994 -0.1179 -0.8583
vn 0.5282 -0.1129 -0.8416
vn 0.5091 -0.2417 -0.8260
vn 0.4837 -0.2110 -0.8495
vn 0.4992 -0.1183 -0.8584
vn 0.5095 -0.2416 -0.8259
vn 0.5020 -0.3827 -0.7756
vn 0.4639 -0.4777 -0.7461
vn 0.5094 -0.2415 -0.8259
vn 0.4525 -0.4192 -0.7871
vn 0.4840 -0.2108 -0.8493
vn 0.5094 -0.2412 -0.8261
vn 0.5282 -0.1126 -0.8416
vn 0.5346 -0.1678 -0.8283
vn 0.5092 -0.2418 -0.8260
vn 0.4635 -0.4779 -0.7461
vn 0.4522 -0.4194 -0.7871
vn 0.9798 -0.1996 0.0146
vn 0.9927 -0.1199 0.0148
vn 0.9604 -0.2783 0.0134
vn 0.9927 -0.1200 0.0148
vn 0.9033 -0.4288 0.0137
vn 0.8655 -0.5007 0.0132
vn 0.9604 -0.2783 0.0144
vn 0.7740 -0.6331 0.0119
vn 0.7202 -0.6936 0.0112
vn 0.8655 -0.5008 0.0132
vn 0.7741 -0.6330 0.0120
vn 0.9033 -0.4287 0.0137
vn 0.5995 -0.8003 0.0096
vn 0.5327 -0.8462 0.0087
vn 0.7203 -0.6936 0.0113
vn 0.7202 -0.6937 0.0112
vn 0.7740 -0.6331 0.0120
vn 0.3902 -0.9207 0.0066
vn 0.3143 -0.9493 0.0055
vn 0.5328 -0.8462 0.0086
vn 0.5996 -0.8003 0.0096
vn 0.1578 -0.9875 0.0032
vn 0.0772 -0.9970 -0.0000
vn 0.3142 -0.9493 0.0055
vn 0.1576 -0.9875 0.0033
vn 0.3140 -0.9494 0.0055
vn 0.3900 -0.9208 0.0088
vn -0.1241 -0.9923 -0.0009
vn -0.1242 -0.9923 -0.0009
vn 0.0771 -0.9970 0.0021
vn -0.3205 -0.9472 -0.0028
vn -0.3961 -0.9182 -0.0050
vn -0.5383 -0.8427 -0.0071
vn -0.3205 -0.9472 -0.0038
vn -0.3204 -0.9473 -0.0038
vn -0.1240 -0.9923 -0.0026
vn -0.6048 -0.7963 -0.0082
vn -0.7249 -0.6888 -0.0100
vn -0.6048 -0.7964 -0.0082
vn -0.5383 -0.8427 -0.0072
vn -0.7782 -0.6279 -0.0109
vn -0.8680 -0.4964 -0.0123
vn -0.7248 -0.6889 -0.0100
vn -0.7781 -0.6280 -0.0109
vn -0.6047 -0.7964 -0.0082
vn -0.9050 -0.4253 -0.0130
vn -0.9612 -0.2754 -0.0139
vn -0.9050 -0.4252 -0.0130
vn -0.8681 -0.4963 -0.0124
vn -0.7782 -0.6279 -0.0110
vn -0.9801 -0.1979 -0.0142
vn -0.9927 -0.1200 -0.0145
vn -0.9612 -0.2754 -0.0138
vn -0.9801 -0.1981 -0.0143
vn -0.9612 -0.2755 -0.0140
vn -0.9049 -0.4254 -0.0130
vn -0.9801 -0.1979 -0.0148
vn 0.9929 -0.1184 0.0148
vn 0.9804 -0.1963 0.0152
vn 0.9617 -0.2738 0.0145
vn 0.9057 -0.4238 0.0138
vn 0.9804 -0.1963 0.0147
vn 0.9929 -0.1182 0.0147
vn 0.8689 -0.4949 0.0133
vn 0.7792 -0.6266 0.0121
vn 0.8688 -0.4949 0.0132
vn 0.9057 -0.4238 0.0137
vn 0.9617 -0.2738 0.0144
vn 0.7260 -0.6876 0.0114
vn 0.6061 -0.7953 0.0097
vn 0.7260 -0.6876 0.0113
vn 0.8689 -0.4949 0.0132
vn 0.5396 -0.8419 0.0087
vn 0.3976 -0.9175 0.0067
vn 0.6061 -0.7954 0.0097
vn 0.5397 -0.8418 0.0087
vn 0.6062 -0.7953 0.0097
vn 0.3219 -0.9467 0.0056
vn 0.1256 -0.9921 0.0045
vn 0.3975 -0.9176 0.0067
vn 0.3221 -0.9467 0.0057
vn 0.3977 -0.9175 0.0068
vn 0.5397 -0.8418 0.0088
vn 0.1259 -0.9920 0.0028
vn 0.1258 -0.9920 0.0028
vn 0.3221 -0.9467 0.0045
vn -0.0754 -0.9972 -0.0002
vn -0.1561 -0.9877 -0.0014
vn 0.1258 -0.9921 0.0028
vn -0.3125 -0.9499 -0.0037
vn -0.3885 -0.9214 -0.0071
vn -0.3126 -0.9499 -0.0037
vn -0.1562 -0.9877 -0.0014
vn -0.0756 -0.9971 0.0019
vn -0.5314 -0.8471 -0.0070
vn -0.5982 -0.8013 -0.0081
vn -0.3886 -0.9214 -0.0049
vn -0.5314 -0.8471 -0.0071
vn -0.3887 -0.9213 -0.0049
vn -0.3127 -0.9498 -0.0037
vn -0.7191 -0.6948 -0.0099
vn -0.7730 -0.6343 -0.0108
vn -0.5983 -0.8013 -0.0081
vn -0.7192 -0.6948 -0.0100
vn -0.5983 -0.8012 -0.0081
vn -0.8647 -0.5022 -0.0123
vn -0.9026 -0.4303 -0.0129
vn -0.7730 -0.6344 -0.0108
vn -0.8646 -0.5022 -0.0123
vn -0.7729 -0.6344 -0.0108
vn -0.7190 -0.6949 -0.0100
vn -0.9599 -0.2800 -0.0139
vn -0.9794 -0.2013 -0.0142
vn -0.9599 -0.2799 -0.0139
vn -0.8647 -0.5021 -0.0123
vn -0.9925 -0.1217 -0.0145
vn -0.9794 -0.2012 -0.0143
vn -0.9925 -0.1216 -0.0145
vn -0.9599 -0.2799 -0.0128
vn -0.9944 -0.0007 0.1055
vn -0.9745 -0.0007 0.2245
vn -0.9742 -0.0006 0.2256
vn -0.9943 -0.0007 0.1065
vn -0.9100 -0.0004 0.4147
vn -0.8735 -0.0002 0.4869
vn -0.9745 -0.0006 0.2245
vn -0.9100 -0.0003 0.4147
vn -0.9745 -0.0005 0.2245
vn -0.7843 -0.0001 0.6203
vn -0.7316 0.0001 0.6817
vn -0.8735 -0.0003 0.4868
vn -0.7833 -0.0001 0.6216
vn -0.8727 -0.0003 0.4883
vn -0.9093 -0.0003 0.4161
vn -0.6125 0.0004 0.7905
vn -0.5467 0.0003 0.8374
vn -0.7312 0.0002 0.6822
vn -0.6124 0.0002 0.7905
vn -0.7311 -0.0000 0.6823
vn -0.7838 -0.0000 0.6210
vn -0.4057 0.0005 0.9140
vn -0.3305 0.0005 0.9438
vn -0.5467 0.0003 0.8373
vn -0.6126 0.0002 0.7904
vn -0.1751 0.0008 0.9845
vn -0.0950 0.0009 0.9955
vn -0.3305 0.0006 0.9438
vn -0.1750 0.0009 0.9846
vn -0.3303 0.0007 0.9439
vn -0.4056 0.0005 0.9141
vn 0.0656 0.0010 0.9978
vn 0.1460 0.0011 0.9893
vn 0.0656 0.0011 0.9978
vn 0.3024 0.0011 0.9532
vn 0.3785 0.0012 0.9256
vn 0.1460 0.0010 0.9893
vn 0.3025 0.0013 0.9531
vn 0.1461 0.0012 0.9893
vn 0.5220 0.0013 0.8530
vn 0.5892 0.0012 0.8080
vn 0.3787 0.0013 0.9255
vn 0.5220 0.0012 0.8529
vn 0.3787 0.0011 0.9255
vn 0.3027 0.0011 0.9531
vn 0.7108 0.0014 0.7034
vn 0.7653 0.0013 0.6437
vn 0.5891 0.0014 0.8081
vn 0.7106 0.0013 0.7036
vn 0.5888 0.0012 0.8083
vn 0.5216 0.0012 0.8532
vn 0.8585 0.0011 0.5128
vn 0.8972 0.0012 0.4417
vn 0.7654 0.0012 0.6436
vn 0.8583 0.0013 0.5131
vn 0.7651 0.0013 0.6439
vn 0.9562 0.0011 0.2926
vn 0.9767 0.0009 0.2144
vn 0.8970 0.0012 0.4419
vn 0.9563 0.0011 0.2924
vn 0.8972 0.0011 0.4417
vn 0.8585 0.0013 0.5127
vn 0.9909 0.0009 0.1344
vn 0.9769 0.0010 0.2138
vn 0.9908 0.0009 0.1351
vn 0.9767 0.0010 0.2145
vn 0.9562 0.0010 0.2927
vn -0.6465 0.7140 0.2687
vn -0.6891 0.7136 0.1264
vn -0.6661 0.7300 0.1529
vn -0.6466 0.7139 0.2689
vn -0.6662 0.7299 0.1531
vn -0.6309 0.7075 0.3185
vn -0.6465 0.7140 0.2689
vn -0.6312 0.7071 0.3187
vn -0.5382 0.7177 0.4419
vn -0.6466 0.7139 0.2688
vn -0.7103 0.6902 0.1383
vn -0.6892 0.7135 0.1265
vn -0.6468 0.7140 0.2681
vn -0.7139 0.6810 0.1633
vn -0.7105 0.6902 0.1375
vn -0.6464 0.7139 0.2693
vn -0.6323 0.7057 0.3196
vn -0.7136 0.6810 0.1645
vn -0.6468 0.7139 0.2684
vn -0.5625 0.6912 0.4537
vn -0.6323 0.7062 0.3186
vn -0.4325 0.7129 0.5520
vn -0.5383 0.7176 0.4420
vn -0.4093 0.7100 0.5731
vn -0.4324 0.7130 0.5519
vn -0.4092 0.7101 0.5730
vn -0.2799 0.7184 0.6368
vn -0.4325 0.7131 0.5517
vn -0.4124 0.7048 0.5773
vn -0.5623 0.6913 0.4538
vn -0.4325 0.7129 0.5521
vn -0.2997 0.6914 0.6574
vn -0.4124 0.7045 0.5776
vn -0.4326 0.7129 0.5519
vn -0.6467 0.7139 0.2687
vn -0.5384 0.7176 0.4419
vn -0.5623 0.6911 0.4542
vn -0.1415 0.7132 0.6865
vn -0.2800 0.7182 0.6370
vn -0.0953 0.7136 0.6940
vn -0.1413 0.7132 0.6866
vn -0.0951 0.7137 0.6940
vn 0.0385 0.7190 0.6939
vn -0.1419 0.7134 0.6862
vn -0.0974 0.7017 0.7058
vn -0.3000 0.6918 0.6569
vn -0.1414 0.7133 0.6864
vn 0.0262 0.6922 0.7212
vn -0.0968 0.7016 0.7060
vn -0.1417 0.7132 0.6865
vn -0.2802 0.7183 0.6369
vn -0.1414 0.7132 0.6866
vn -0.2995 0.6916 0.6573
vn -0.4324 0.7129 0.5521
vn 0.1482 0.7123 0.6861
vn 0.0383 0.7191 0.6939
vn 0.2599 0.7187 0.6449
vn 0.1482 0.7121 0.6862
vn 0.2790 0.6920 0.6658
vn 0.0259 0.6920 0.7214
vn 0.1482 0.7124 0.6860
vn -0.1416 0.7134 0.6864
vn 0.0383 0.7192 0.6937
vn 0.1481 0.7123 0.6861
vn 0.0259 0.6922 0.7213
vn -0.1416 0.7133 0.6864
vn 0.4148 0.7136 0.5645
vn 0.3910 0.7107 0.5849
vn 0.4148 0.7137 0.5645
vn 0.3909 0.7107 0.5849
vn 0.5238 0.7185 0.4576
vn 0.4148 0.7135 0.5647
vn 0.3940 0.7050 0.5897
vn 0.2790 0.6919 0.6659
vn 0.4149 0.7137 0.5643
vn 0.5476 0.6921 0.4703
vn 0.3941 0.7053 0.5893
vn 0.4147 0.7137 0.5645
vn 0.2599 0.7188 0.6449
vn 0.4149 0.7138 0.5642
vn 0.2791 0.6923 0.6655
vn 0.1483 0.7124 0.6859
vn 0.6372 0.7150 0.2877
vn 0.6200 0.7086 0.3368
vn 0.6602 0.7310 0.1725
vn 0.6371 0.7151 0.2877
vn 0.6601 0.7311 0.1725
vn 0.6839 0.7147 0.1467
vn 0.6372 0.7150 0.2876
vn 0.6212 0.7073 0.3374
vn 0.5475 0.6921 0.4704
vn 0.6370 0.7152 0.2878
vn 0.7073 0.6823 0.1850
vn 0.6210 0.7074 0.3375
vn 0.6370 0.7150 0.2880
vn 0.7046 0.6914 0.1595
vn 0.7073 0.6822 0.1853
vn 0.6371 0.7150 0.2877
vn 0.6839 0.7146 0.1467
vn 0.7047 0.6914 0.1592
vn 0.6372 0.7149 0.2879
vn 0.5475 0.6920 0.4705
vn 0.4149 0.7136 0.5645
vn 0.6371 0.7150 0.2879
vn 0.5237 0.7185 0.4577
vn -0.9827 -0.0007 0.1851
vn -0.9944 -0.0008 0.1058
vn -0.9826 -0.0006 0.1859
vn -0.9643 -0.0005 0.2647
vn -0.9646 -0.0005 0.2637
vn -0.9646 -0.0006 0.2637
vn -0.9828 -0.0006 0.1849
vn -0.7843 0.0001 0.6203
vn -0.6126 0.0003 0.7904
vn -0.7312 0.0001 0.6822
vn -0.6124 0.0003 0.7905
vn -0.7311 0.0001 0.6823
vn -0.4057 0.0006 0.9140
vn -0.5467 0.0004 0.8373
vn -0.1751 0.0009 0.9845
vn -0.3305 0.0008 0.9438
vn -0.1751 0.0006 0.9846
vn -0.3304 0.0004 0.9438
vn -0.4056 0.0005 0.9140
vn 0.3025 0.0012 0.9532
vn 0.3025 0.0010 0.9532
vn 0.1460 0.0009 0.9893
vn 0.3787 0.0012 0.9255
vn 0.3788 0.0012 0.9255
vn 0.7108 0.0012 0.7034
vn 0.5890 0.0012 0.8081
vn 0.5888 0.0013 0.8083
vn 0.8583 0.0012 0.5132
vn 0.7651 0.0012 0.6439
vn 0.9562 0.0012 0.2926
vn 0.8970 0.0013 0.4419
vn 0.9563 0.0010 0.2924
vn 0.9909 0.0010 0.1347
vn 0.9769 0.0011 0.2138
vn 0.9908 0.0009 0.1354
vn 0.9767 0.0009 0.2145
vn -0.6465 0.7139 0.2689
vn -0.6308 0.7075 0.3185
vn -0.5382 0.7176 0.4420
vn -0.6467 0.7141 0.2681
vn -0.7138 0.6810 0.1633
vn -0.7104 0.6902 0.1375
vn -0.6465 0.7138 0.2693
vn -0.6323 0.7058 0.3196
vn -0.7136 0.6809 0.1645
vn -0.6466 0.7141 0.2683
vn -0.5624 0.6913 0.4536
vn -0.6322 0.7063 0.3185
vn -0.4326 0.7129 0.5520
vn -0.5383 0.7175 0.4420
vn -0.4093 0.7099 0.5731
vn -0.4326 0.7130 0.5517
vn -0.4125 0.7047 0.5773
vn -0.5624 0.6912 0.4539
vn -0.4323 0.7131 0.5519
vn -0.4122 0.7047 0.5775
vn -0.4326 0.7130 0.5519
vn -0.6466 0.7139 0.2687
vn -0.5383 0.7176 0.4418
vn -0.1415 0.7131 0.6866
vn -0.1419 0.7135 0.6862
vn -0.0973 0.7017 0.7058
vn -0.3000 0.6918 0.6568
vn -0.1414 0.7133 0.6865
vn 0.0261 0.6922 0.7212
vn -0.0968 0.7015 0.7060
vn -0.1417 0.7133 0.6864
vn -0.2802 0.7183 0.6368
vn -0.1416 0.7131 0.6867
vn -0.2996 0.6915 0.6573
vn -0.4325 0.7128 0.5522
vn 0.1482 0.7122 0.6862
vn 0.0260 0.6921 0.7214
vn -0.1416 0.7133 0.6865
vn 0.3910 0.7106 0.5850
vn 0.3909 0.7106 0.5849
vn 0.5238 0.7185 0.4577
vn 0.4148 0.7139 0.5642
vn 0.3939 0.7054 0.5892
vn 0.2789 0.6923 0.6655
vn 0.4150 0.7136 0.5645
vn 0.5476 0.6919 0.4704
vn 0.3941 0.7051 0.5894
vn 0.4149 0.7136 0.5644
vn 0.2791 0.6921 0.6657
vn 0.1483 0.7122 0.6861
vn 0.6201 0.7086 0.3368
vn 0.6200 0.7087 0.3367
vn 0.6602 0.7311 0.1725
vn 0.6371 0.7151 0.2876
vn 0.5475 0.6921 0.4703
vn 0.6371 0.7151 0.2878
vn 0.7074 0.6822 0.1850
vn 0.6211 0.7073 0.3375
vn 0.6369 0.7151 0.2880
vn 0.7046 0.6915 0.1595
vn 0.7072 0.6823 0.1853
vn 0.6840 0.7146 0.1467
vn 0.7048 0.6914 0.1591
vn 0.6372 0.7150 0.2878
vn 0.6370 0.7151 0.2878
vn 0.5236 0.7185 0.4577
vn -0.9826 -0.0006 0.1856
vn -0.9943 -0.0006 0.1062
vn -0.9826 -0.0007 0.1856
vn -0.9644 -0.0007 0.2644
vn -0.9943 -0.0007 0.1062
vn -0.9098 -0.0004 0.4150
vn -0.8733 -0.0002 0.4872
vn -0.9645 -0.0005 0.2641
vn -0.9096 -0.0004 0.4154
vn -0.9644 -0.0006 0.2645
vn -0.9826 -0.0007 0.1857
vn -0.7836 -0.0001 0.6213
vn -0.7308 0.0001 0.6826
vn -0.8729 -0.0003 0.4879
vn -0.7840 -0.0000 0.6207
vn -0.9098 -0.0003 0.4150
vn -0.6124 0.0004 0.7905
vn -0.5465 0.0003 0.8374
vn -0.7310 0.0002 0.6823
vn -0.6130 0.0002 0.7901
vn -0.7315 -0.0000 0.6818
vn -0.7842 -0.0000 0.6205
vn -0.5468 0.0004 0.8373
vn -0.4058 0.0005 0.9140
vn -0.5469 0.0003 0.8372
vn -0.6127 0.0002 0.7903
vn -0.0949 0.0009 0.9955
vn -0.1751 0.0007 0.9845
vn -0.3304 0.0005 0.9438
vn 0.1460 0.0012 0.9893
vn 0.3026 0.0010 0.9531
vn 0.1461 0.0009 0.9893
vn 0.0657 0.0010 0.9978
vn 0.5217 0.0013 0.8531
vn 0.5890 0.0012 0.8082
vn 0.3784 0.0012 0.9256
vn 0.5216 0.0011 0.8532
vn 0.3783 0.0011 0.9257
vn 0.3022 0.0011 0.9532
vn 0.7108 0.0013 0.7034
vn 0.7653 0.0012 0.6437
vn 0.5890 0.0013 0.8081
vn 0.5218 0.0012 0.8531
vn 0.8584 0.0012 0.5130
vn 0.8970 0.0013 0.4420
vn 0.7652 0.0012 0.6438
vn 0.8586 0.0011 0.5126
vn 0.7655 0.0012 0.6434
vn 0.7110 0.0012 0.7032
vn 0.9768 0.0011 0.2141
vn 0.8970 0.0011 0.4421
vn 0.9767 0.0010 0.2146
vn 0.9908 0.0011 0.1350
vn 0.9768 0.0010 0.2140
vn 0.9563 0.0012 0.2922
vn -0.6891 0.7135 0.1263
vn -0.6662 0.7300 0.1529
vn -0.6663 0.7299 0.1530
vn -0.6309 0.7075 0.3183
vn -0.6464 0.7140 0.2690
vn -0.6311 0.7071 0.3189
vn -0.5381 0.7176 0.4422
vn -0.6465 0.7139 0.2690
vn -0.7103 0.6902 0.1385
vn -0.6892 0.7135 0.1266
vn -0.6467 0.7136 0.2693
vn -0.7138 0.6807 0.1646
vn -0.7104 0.6900 0.1389
vn -0.6465 0.7140 0.2686
vn -0.6325 0.7058 0.3189
vn -0.7137 0.6811 0.1638
vn -0.5624 0.6911 0.4539
vn -0.6322 0.7062 0.3188
vn -0.5383 0.7176 0.4419
vn -0.4093 0.7100 0.5730
vn -0.4323 0.7130 0.5520
vn -0.4091 0.7101 0.5731
vn -0.2798 0.7184 0.6369
vn -0.4124 0.7045 0.5777
vn -0.5623 0.6910 0.4542
vn -0.4323 0.7129 0.5521
vn -0.2996 0.6913 0.6575
vn -0.4122 0.7046 0.5776
vn -0.6467 0.7139 0.2688
vn -0.4325 0.7130 0.5519
vn -0.5623 0.6912 0.4540
vn -0.6466 0.7140 0.2687
vn -0.1696 0.7121 0.6813
vn -0.2801 0.7183 0.6368
vn -0.0600 0.7190 0.6924
vn -0.0484 0.6922 0.7201
vn -0.2997 0.6918 0.6570
vn -0.1698 0.7119 0.6814
vn -0.2802 0.7182 0.6369
vn -0.1697 0.7120 0.6814
vn -0.2997 0.6916 0.6571
vn 0.1203 0.7133 0.6905
vn -0.0597 0.7189 0.6926
vn 0.0738 0.7137 0.6965
vn 0.1200 0.7135 0.6904
vn 0.0735 0.7139 0.6964
vn 0.2598 0.7188 0.6449
vn 0.1201 0.7137 0.6901
vn 0.0749 0.7019 0.7084
vn -0.0484 0.6923 0.7200
vn 0.1202 0.7133 0.6905
vn 0.2792 0.6919 0.6658
vn 0.0751 0.7014 0.7088
vn 0.1200 0.7135 0.6903
vn -0.1697 0.7121 0.6813
vn -0.0600 0.7191 0.6923
vn 0.1201 0.7134 0.6904
vn -0.0484 0.6921 0.7202
vn -0.1696 0.7120 0.6814
vn 0.4148 0.7137 0.5644
vn 0.2599 0.7188 0.6448
vn 0.3910 0.7107 0.5848
vn 0.3910 0.7106 0.5849
vn 0.4149 0.7135 0.5646
vn 0.3941 0.7051 0.5895
vn 0.2791 0.6920 0.6658
vn 0.4148 0.7138 0.5644
vn 0.5474 0.6922 0.4704
vn 0.3939 0.7053 0.5893
vn 0.2789 0.6921 0.6657
vn 0.1200 0.7134 0.6904
vn 0.6372 0.7149 0.2878
vn 0.5238 0.7184 0.4577
vn 0.6200 0.7085 0.3369
vn 0.6200 0.7086 0.3369
vn 0.6602 0.7310 0.1727
vn 0.6839 0.7147 0.1466
vn 0.6371 0.7149 0.2881
vn 0.6211 0.7072 0.3379
vn 0.5474 0.6919 0.4708
vn 0.7075 0.6821 0.1850
vn 0.6212 0.7072 0.3375
vn 0.6371 0.7152 0.2874
vn 0.7047 0.6915 0.1588
vn 0.7074 0.6823 0.1846
vn 0.6371 0.7150 0.2878
vn 0.4148 0.7138 0.5643
vn 0.5237 0.7186 0.4575
vn 0.5476 0.6921 0.4702
vn 0.4149 0.7138 0.5643
vn -0.0003 1.0000 -0.0010
vn -0.0006 1.0000 -0.0010
vn -0.0005 1.0000 -0.0009
vn -0.0002 1.0000 -0.0009
vn -0.0001 1.0000 -0.0009
vn 0.1920 0.0011 0.9814
vn 0.2734 0.0011 0.9619
vn 0.1099 0.0010 0.9939
vn 0.4287 0.0012 0.9034
vn 0.5027 0.0012 0.8644
vn 0.4286 0.0012 0.9035
vn 0.2733 0.0011 0.9619
vn 0.1919 0.0011 0.9814
vn 0.6386 0.0012 0.7695
vn 0.7007 0.0012 0.7134
vn 0.5025 0.0012 0.8646
vn 0.6388 0.0013 0.7694
vn 0.5028 0.0013 0.8644
vn 0.4288 0.0012 0.9034
vn 0.8091 0.0012 0.5877
vn 0.8554 0.0012 0.5180
vn 0.7008 0.0013 0.7134
vn 0.8091 0.0013 0.5876
vn 0.6387 0.0012 0.7694
vn 0.9292 0.0011 0.3695
vn 0.9569 0.0011 0.2905
vn 0.8553 0.0012 0.5181
vn 0.9293 0.0011 0.3692
vn 0.8555 0.0012 0.5179
vn 0.8092 0.0012 0.5876
vn 0.9917 0.0010 0.1283
vn 0.9990 0.0009 0.0450
vn 0.9568 0.0011 0.2906
vn 0.9918 0.0009 0.1281
vn 0.9569 0.0011 0.2904
vn 0.9293 0.0011 0.3693
vn 0.9926 0.0007 -0.1212
vn 0.9790 0.0006 -0.2037
vn 0.9990 0.0009 0.0447
vn 0.9926 0.0007 -0.1211
vn 0.9990 0.0009 0.0448
vn 0.9320 0.0004 -0.3625
vn 0.8985 0.0003 -0.4391
vn 0.9791 0.0006 -0.2033
vn 0.9321 0.0004 -0.3623
vn 0.9791 0.0006 -0.2032
vn 0.9927 0.0007 -0.1207
vn 0.8133 0.0001 -0.5818
vn 0.7618 -0.0000 -0.6478
vn 0.8983 0.0003 -0.4393
vn 0.8984 0.0003 -0.4393
vn 0.9319 0.0004 -0.3627
vn 0.7055 -0.0001 -0.7087
vn 0.7620 -0.0000 -0.6476
vn 0.8134 0.0001 -0.5817
vn 0.6843 0.0013 0.7292
vn 0.7424 0.0012 0.6700
vn 0.7958 0.0012 0.6056
vn 0.8850 0.0012 0.4656
vn 0.7424 0.0013 0.6700
vn 0.7959 0.0012 0.6054
vn 0.7426 0.0012 0.6698
vn 0.9209 0.0011 0.3898
vn 0.9727 0.0010 0.2322
vn 0.8851 0.0012 0.4654
vn 0.9208 0.0011 0.3900
vn 0.8850 0.0011 0.4656
vn 0.7958 0.0012 0.6055
vn 0.9886 0.0010 0.1504
vn 0.9999 0.0008 -0.0152
vn 0.9726 0.0011 0.2324
vn 0.9887 0.0010 0.1499
vn 0.9727 0.0010 0.2320
vn 0.9209 0.0011 0.3897
vn 0.9951 0.0007 -0.0990
vn 0.9650 0.0006 -0.2622
vn 0.9999 0.0008 -0.0155
vn 0.9951 0.0007 -0.0988
vn 0.9999 0.0008 -0.0153
vn 0.9886 0.0010 0.1503
vn 0.9397 0.0005 -0.3419
vn 0.8703 0.0003 -0.4926
vn 0.9398 0.0005 -0.3417
vn 0.9651 0.0006 -0.2620
vn 0.8261 0.0001 -0.5635
vn 0.7215 -0.0001 -0.6924
vn 0.8703 0.0002 -0.4925
vn 0.8262 0.0002 -0.5634
vn 0.8704 0.0003 -0.4924
vn 0.6610 -0.0002 -0.7504
vn 0.5279 -0.0004 -0.8493
vn 0.7215 -0.0001 -0.6925
vn 0.6612 -0.0001 -0.7502
vn 0.7215 -0.0000 -0.6924
vn 0.8261 0.0002 -0.5635
vn 0.4552 -0.0005 -0.8904
vn 0.3017 -0.0007 -0.9534
vn 0.5280 -0.0003 -0.8492
vn 0.5280 -0.0004 -0.8492
vn 0.6612 -0.0002 -0.7502
vn 0.2209 -0.0008 -0.9753
vn 0.1393 -0.0008 -0.9903
vn 0.3016 -0.0007 -0.9534
vn 0.2208 -0.0007 -0.9753
vn 0.4551 -0.0005 -0.8904
vn 0.2209 -0.0007 -0.9753
vn -0.9346 -0.3554 -0.0135
vn -0.8224 -0.5687 -0.0116
vn -0.4639 -0.8859 -0.0060
vn -0.4640 -0.8858 -0.0060
vn -0.2385 -0.9711 -0.0026
vn -0.9799 0.1990 -0.0147
vn -0.8662 0.4994 -0.0132
vn -0.7751 0.6317 -0.0120
vn -0.7216 0.6922 -0.0113
vn -0.7752 0.6316 -0.0120
vn -0.7215 0.6923 -0.0113
vn -0.1213 0.9926 -0.0027
vn 0.0794 0.9968 0.0003
vn -0.1212 0.9926 -0.0027
vn 0.8850 0.4654 0.0126
vn 0.9706 0.2401 0.0141
vn 0.8850 0.4655 0.0126
vn 0.9706 0.2402 0.0141
vn 0.8849 0.4655 0.0126
vn -0.9999 -0.0009 -0.0147
vn -0.9999 -0.0010 -0.0147
vn -0.0148 0.0010 0.9999
vn 0.9999 0.0007 0.0148
vn 0.0140 -0.3708 -0.9286
vn -0.0140 0.3708 0.9286
vn 0.9999 0.0009 0.0143
vn 0.9999 0.0010 0.0147
vn 0.9999 0.0006 0.0145
vn 0.9999 0.0005 0.0149
vn 0.6932 -0.7206 0.0108
vn 0.9346 0.3554 0.0135
vn 0.8224 0.5687 0.0116
vn 0.2385 0.9711 0.0026
vn 0.2384 0.9712 0.0026
vn 0.0149 -0.0004 -0.9999
vn 0.0143 -0.3114 -0.9502
vn 0.0142 -0.3413 -0.9398
vn 0.0145 -0.2610 -0.9652
vn 0.0145 -0.2406 -0.9705
vn 0.0146 -0.1995 -0.9798
vn 0.0145 -0.2405 -0.9705
vn 0.0143 -0.3113 -0.9502
vn 0.0145 -0.2609 -0.9653
vn 0.0146 -0.1790 -0.9837
vn 0.0146 -0.1997 -0.9798
vn 0.0147 -0.1374 -0.9904
vn 0.0147 -0.1790 -0.9837
vn 0.0145 -0.2407 -0.9705
vn 0.0147 -0.1165 -0.9931
vn 0.0148 -0.0746 -0.9971
vn 0.0148 -0.1163 -0.9931
vn 0.0147 -0.1788 -0.9838
vn 0.0148 -0.1372 -0.9904
vn 0.0148 -0.0534 -0.9985
vn 0.0148 -0.0744 -0.9971
vn 0.0148 -0.0325 -0.9994
vn 0.0148 -0.0536 -0.9985
vn 0.0148 -0.0535 -0.9985
vn 0.0148 -0.0324 -0.9994
vn 0.0148 -0.0745 -0.9971
vn 0.0148 -0.1164 -0.9931
vn 0.0147 -0.1373 -0.9904
vn 0.0147 -0.1166 -0.9931
vn 0.0147 -0.0747 -0.9971
vn 0.0148 -0.0537 -0.9984
vn 0.0146 -0.1893 -0.9818
vn 0.0147 -0.1892 -0.9818
vn 0.0147 -0.1372 -0.9904
vn 0.0144 -0.2611 -0.9652
vn 0.0143 -0.3015 -0.9534
vn 0.0146 -0.1892 -0.9818
vn 0.0143 -0.3213 -0.9469
vn 0.0142 -0.3412 -0.9399
vn 0.0144 -0.3013 -0.9534
vn 0.0143 -0.3214 -0.9469
vn 0.0143 -0.3014 -0.9534
vn 0.0142 -0.3215 -0.9468
vn -0.0142 0.3214 0.9468
vn -0.0142 0.3413 0.9398
vn -0.0143 0.3014 0.9534
vn -0.0144 0.2611 0.9652
vn -0.0145 0.2407 0.9705
vn -0.0143 0.3015 0.9534
vn -0.0145 0.2610 0.9652
vn -0.0146 0.1892 0.9818
vn -0.0147 0.1892 0.9818
vn -0.0145 0.2406 0.9705
vn -0.0146 0.1893 0.9818
vn -0.0147 0.1374 0.9904
vn -0.0148 0.1164 0.9931
vn -0.0148 0.0746 0.9971
vn -0.0147 0.1373 0.9904
vn -0.0148 0.1165 0.9931
vn -0.0147 0.1893 0.9818
vn -0.0148 0.0535 0.9985
vn -0.0148 0.0325 0.9994
vn -0.0148 0.0745 0.9971
vn -0.0148 0.0537 0.9985
vn -0.0148 0.0641 0.9978
vn -0.0147 0.1165 0.9931
vn -0.0148 0.0640 0.9978
vn -0.0148 0.0324 0.9994
vn -0.0147 0.1891 0.9818
vn -0.0148 0.1372 0.9904
vn -0.0143 0.3013 0.9534
vn -0.0145 0.2609 0.9653
vn -0.0143 0.3213 0.9469
vn -0.0143 0.3016 0.9533
vn -0.0145 0.2408 0.9705
vn -0.0144 0.2612 0.9652
vn -0.0142 0.3412 0.9399
vn -0.0142 0.3215 0.9468
vn -0.0144 0.3012 0.9534
vn -0.0143 0.3212 0.9469
vn 0.8836 0.4681 0.0126
vn 0.9162 0.4005 0.0131
vn -0.1850 -0.9827 -0.0018
vn -0.1849 -0.9828 -0.0018
vn -0.2581 -0.9661 -0.0029
vn 0.4680 -0.8837 0.0077
vn 0.1447 -0.6951 -0.7042
vn 0.1446 -0.6951 -0.7042
vn 0.1965 -0.6831 -0.7034
vn 0.2958 -0.6478 -0.7021
vn 0.1964 -0.6831 -0.7034
vn 0.3436 -0.6246 -0.7013
vn 0.2958 -0.6479 -0.7020
vn 0.1965 -0.6832 -0.7033
vn 0.4326 -0.5681 -0.7001
vn 0.3436 -0.6246 -0.7012
vn 0.4741 -0.5348 -0.6994
vn 0.4327 -0.5681 -0.7001
vn 0.2959 -0.6478 -0.7020
vn 0.3437 -0.6246 -0.7012
vn 0.5483 -0.4599 -0.6985
vn 0.5814 -0.4182 -0.6979
vn 0.4742 -0.5348 -0.6994
vn 0.6370 -0.3286 -0.6973
vn 0.6600 -0.2806 -0.6969
vn 0.6370 -0.3287 -0.6973
vn 0.6943 -0.1811 -0.6965
vn 0.6600 -0.2808 -0.6968
vn 0.7060 -0.1292 -0.6963
vn 0.6942 -0.1810 -0.6967
vn 0.6369 -0.3286 -0.6974
vn 0.6599 -0.2806 -0.6970
vn 0.7060 -0.1291 -0.6963
vn 0.6942 -0.1810 -0.6966
vn 0.7059 -0.1291 -0.6964
vn 0.7174 -0.0962 -0.6900
vn 0.7173 -0.1113 -0.6879
vn 0.7175 -0.0960 -0.6899
vn 0.7175 -0.0813 -0.6918
vn 0.7172 -0.1113 -0.6879
vn 0.7175 -0.0517 -0.6946
vn 0.7175 -0.0368 -0.6956
vn 0.7175 -0.0516 -0.6946
vn 0.7175 -0.0812 -0.6918
vn 0.7173 -0.0223 -0.6964
vn 0.7175 -0.0367 -0.6956
vn 0.7173 -0.0224 -0.6964
vn 0.7174 -0.0367 -0.6957
vn 0.7174 -0.0516 -0.6947
vn -0.6387 -0.2818 -0.7161
vn -0.6386 -0.2818 -0.7161
vn -0.5598 -0.4192 -0.7148
vn -0.5266 -0.4608 -0.7144
vn -0.6155 -0.3297 -0.7158
vn -0.5268 -0.4608 -0.7143
vn -0.4108 -0.5688 -0.7126
vn -0.3218 -0.6252 -0.7111
vn -0.2739 -0.6484 -0.7104
vn -0.3218 -0.6252 -0.7110
vn -0.1745 -0.6834 -0.7089
vn -0.2739 -0.6482 -0.7105
vn -0.3218 -0.6251 -0.7112
vn -0.1227 -0.6954 -0.7081
vn -0.1745 -0.6835 -0.7088
vn -0.1226 -0.6954 -0.7081
vn 0.7172 -0.2262 -0.6592
vn 0.7169 -0.2409 -0.6543
vn 0.7171 -0.2263 -0.6592
vn 0.7171 -0.2121 -0.6639
vn 0.7169 -0.2407 -0.6543
vn 0.7172 -0.1836 -0.6722
vn 0.7173 -0.1692 -0.6760
vn 0.7172 -0.1836 -0.6723
vn 0.7170 -0.2263 -0.6593
vn 0.7172 -0.1550 -0.6794
vn 0.7172 -0.1690 -0.6760
vn 0.7171 -0.1551 -0.6794
vn 0.7173 -0.1690 -0.6760
vn 0.7172 -0.1835 -0.6722
vn 0.7169 -0.2616 -0.6462
vn -0.6964 -0.0388 -0.7166
vn -0.6964 -0.0537 -0.7156
vn -0.6964 -0.0235 -0.7173
vn -0.6966 -0.0390 -0.7164
vn -0.6964 -0.0236 -0.7173
vn -0.6967 -0.0835 -0.7125
vn -0.6967 -0.0983 -0.7106
vn -0.6966 -0.0539 -0.7154
vn -0.6966 -0.0833 -0.7126
vn -0.6966 -0.0537 -0.7154
vn -0.6966 -0.0388 -0.7164
vn -0.6964 -0.1123 -0.7088
vn -0.6966 -0.0984 -0.7107
vn -0.6965 -0.1125 -0.7087
vn -0.6966 -0.0981 -0.7108
vn -0.6965 -0.0833 -0.7127
vn 0.7172 -0.1767 -0.6741
vn 0.7173 -0.1767 -0.6740
vn 0.7171 -0.2119 -0.6639
vn 0.7172 -0.1551 -0.6794
vn 0.7170 -0.2121 -0.6640
vn 0.7169 -0.2408 -0.6543
vn 0.7171 -0.2262 -0.6592
vn 0.7173 -0.1768 -0.6739
vn 0.7172 -0.2121 -0.6639
vn 0.7168 -0.2408 -0.6543
vn 0.7171 -0.2261 -0.6592
vn -0.6965 -0.1564 -0.7003
vn -0.6967 -0.1702 -0.6968
vn -0.6968 -0.1848 -0.6931
vn -0.6969 -0.2133 -0.6847
vn -0.6967 -0.1703 -0.6968
vn -0.6967 -0.1847 -0.6932
vn -0.6966 -0.1702 -0.6970
vn -0.6965 -0.1563 -0.7003
vn -0.6969 -0.2275 -0.6801
vn -0.6968 -0.2419 -0.6752
vn -0.6970 -0.2275 -0.6800
vn -0.6970 -0.2133 -0.6846
vn -0.6969 -0.1848 -0.6930
vn -0.6968 -0.2420 -0.6752
vn -0.6970 -0.2273 -0.6801
vn 0.7174 -0.0378 -0.6956
vn 0.7175 -0.0376 -0.6955
vn 0.7175 -0.0525 -0.6946
vn 0.7176 -0.0823 -0.6916
vn 0.7176 -0.0527 -0.6945
vn 0.7175 -0.0971 -0.6897
vn 0.7175 -0.0823 -0.6917
vn 0.7175 -0.0378 -0.6955
vn 0.7175 -0.0527 -0.6946
vn 0.7174 -0.0970 -0.6898
vn 0.7173 -0.1112 -0.6879
vn 0.7175 -0.0822 -0.6917
vn -0.6971 -0.2628 -0.6671
vn -0.6968 -0.2273 -0.6803
vn -0.6970 -0.2274 -0.6801
vn -0.6968 -0.1846 -0.6931
vn -0.6968 -0.2132 -0.6848
vn -0.6967 -0.1702 -0.6969
vn -0.6967 -0.1846 -0.6932
vn -0.6969 -0.2274 -0.6802
vn -0.6968 -0.2132 -0.6849
vn -0.6966 -0.1562 -0.7003
vn 0.7058 0.1290 -0.6966
vn 0.6939 0.1808 -0.6970
vn 0.7057 0.1290 -0.6967
vn 0.6595 0.2805 -0.6974
vn 0.6940 0.1809 -0.6969
vn 0.6366 0.3285 -0.6978
vn 0.6941 0.1809 -0.6968
vn 0.6596 0.2805 -0.6973
vn 0.5807 0.4179 -0.6987
vn 0.6365 0.3284 -0.6979
vn 0.5476 0.4595 -0.6993
vn 0.6365 0.3284 -0.6978
vn 0.4733 0.5343 -0.7004
vn 0.4317 0.5675 -0.7011
vn 0.5476 0.4596 -0.6993
vn 0.4733 0.5343 -0.7003
vn 0.3427 0.6238 -0.7024
vn 0.4317 0.5674 -0.7011
vn 0.4733 0.5342 -0.7004
vn 0.2947 0.6470 -0.7032
vn 0.3426 0.6239 -0.7024
vn 0.1954 0.6822 -0.7046
vn 0.1435 0.6940 -0.7055
vn 0.1953 0.6821 -0.7046
vn 0.1436 0.6940 -0.7055
vn 0.1954 0.6821 -0.7046
vn -0.6965 -0.1124 -0.7087
vn -0.6966 -0.0982 -0.7107
vn -0.6966 -0.0834 -0.7126
vn -0.6965 -0.0538 -0.7155
vn -0.6966 -0.0835 -0.7125
vn -0.6966 -0.0983 -0.7106
vn -0.6966 -0.0388 -0.7165
vn -0.6966 -0.0537 -0.7155
vn -0.6965 -0.0390 -0.7165
vn -0.6966 -0.0835 -0.7126
vn -0.6965 -0.0539 -0.7155
vn -0.1238 0.6938 -0.7095
vn -0.1238 0.6938 -0.7094
vn -0.1756 0.6819 -0.7101
vn -0.2749 0.6465 -0.7117
vn -0.1756 0.6818 -0.7101
vn -0.3228 0.6233 -0.7123
vn -0.2749 0.6464 -0.7117
vn -0.1238 0.6937 -0.7095
vn -0.1756 0.6818 -0.7102
vn -0.4117 0.5668 -0.7136
vn -0.3228 0.6233 -0.7122
vn -0.4532 0.5335 -0.7141
vn -0.4119 0.5667 -0.7136
vn -0.2750 0.6465 -0.7116
vn -0.3229 0.6233 -0.7122
vn -0.5274 0.4585 -0.7153
vn -0.4533 0.5334 -0.7142
vn -0.5605 0.4168 -0.7156
vn -0.5275 0.4587 -0.7151
vn -0.4118 0.5669 -0.7135
vn -0.4533 0.5336 -0.7140
vn -0.6269 0.3056 -0.7167
vn -0.5606 0.4169 -0.7155
vn -0.6268 0.3056 -0.7167
vn -0.5275 0.4586 -0.7152
vn -0.5605 0.4169 -0.7156
vn -0.6268 0.3056 -0.7168
vn -0.6269 0.3057 -0.7166
vn -0.1389 -0.6950 0.7055
vn -0.1908 -0.6833 0.7047
vn -0.1389 -0.6951 0.7054
vn -0.2904 -0.6489 0.7033
vn -0.1907 -0.6832 0.7049
vn -0.1388 -0.6949 0.7055
vn -0.3385 -0.6260 0.7025
vn -0.1908 -0.6833 0.7048
vn -0.2905 -0.6490 0.7032
vn -0.4279 -0.5704 0.7011
vn -0.3384 -0.6261 0.7025
vn -0.2904 -0.6490 0.7032
vn -0.4697 -0.5373 0.7005
vn -0.4280 -0.5704 0.7010
vn -0.5446 -0.4630 0.6993
vn -0.4697 -0.5372 0.7006
vn -0.4280 -0.5703 0.7011
vn -0.5778 -0.4216 0.6988
vn -0.4696 -0.5373 0.7005
vn -0.5445 -0.4631 0.6993
vn -0.6343 -0.3326 0.6978
vn -0.6575 -0.2847 0.6976
vn -0.5778 -0.4216 0.6989
vn -0.6343 -0.3326 0.6979
vn -0.6928 -0.1854 0.6969
vn -0.6575 -0.2848 0.6976
vn -0.7048 -0.1335 0.6967
vn -0.6576 -0.2847 0.6975
vn -0.6929 -0.1854 0.6968
vn -0.7048 -0.1336 0.6967
vn -0.6928 -0.1855 0.6968
vn -0.7174 0.0958 0.6901
vn -0.7173 0.1112 0.6879
vn -0.7175 0.0960 0.6899
vn -0.7173 0.1111 0.6879
vn -0.7175 0.0813 0.6918
vn -0.7175 0.0515 0.6947
vn -0.7175 0.0811 0.6919
vn -0.7175 0.0366 0.6956
vn -0.7175 0.0516 0.6947
vn -0.7174 0.0961 0.6900
vn -0.7174 0.0813 0.6919
vn -0.7173 0.0224 0.6964
vn -0.7175 0.0368 0.6956
vn -0.7174 0.0516 0.6947
vn -0.7174 0.0367 0.6957
vn 0.6945 -0.0781 0.7153
vn 0.6722 -0.1843 0.7171
vn 0.6139 -0.3316 0.7163
vn 0.5245 -0.4622 0.7150
vn 0.2707 -0.6486 0.7114
vn -0.7169 0.2408 0.6543
vn -0.7171 0.2271 0.6589
vn -0.7172 0.2130 0.6635
vn -0.7172 0.2272 0.6588
vn -0.7173 0.1845 0.6719
vn -0.7171 0.2131 0.6636
vn -0.7171 0.2273 0.6589
vn -0.7173 0.1702 0.6756
vn -0.7173 0.1846 0.6719
vn -0.7171 0.1551 0.6794
vn -0.7173 0.1701 0.6757
vn -0.7171 0.2130 0.6636
vn -0.7172 0.1845 0.6720
vn -0.7170 0.1551 0.6796
vn -0.7172 0.1701 0.6758
vn -0.7172 0.1552 0.6794
vn -0.7169 0.2616 0.6462
vn 0.6964 0.0236 0.7173
vn 0.6966 0.0379 0.7165
vn 0.6966 0.0527 0.7155
vn 0.6966 0.0823 0.7127
vn 0.6964 0.0529 0.7157
vn 0.6964 0.0235 0.7173
vn 0.6964 0.0380 0.7166
vn 0.6966 0.0971 0.7108
vn 0.6964 0.1124 0.7088
vn 0.6966 0.0973 0.7108
vn 0.6966 0.0529 0.7155
vn 0.6966 0.0825 0.7127
vn 0.6965 0.1123 0.7087
vn -0.7172 0.1768 0.6741
vn -0.7172 0.1551 0.6794
vn -0.7173 0.1767 0.6739
vn -0.7169 0.2121 0.6641
vn -0.7171 0.2262 0.6592
vn -0.7172 0.2121 0.6638
vn -0.7170 0.2262 0.6594
vn -0.7170 0.2121 0.6640
vn -0.7170 0.2261 0.6593
vn 0.6966 0.1563 0.7003
vn 0.6967 0.1703 0.6969
vn 0.6968 0.1845 0.6931
vn 0.6968 0.1701 0.6968
vn 0.6970 0.2207 0.6823
vn 0.6968 0.1848 0.6930
vn 0.6965 0.1564 0.7003
vn 0.6968 0.1703 0.6968
vn 0.6968 0.2210 0.6824
vn 0.6966 0.1848 0.6932
vn 0.6969 0.2419 0.6752
vn 0.6969 0.2207 0.6823
vn 0.6968 0.2419 0.6752
vn 0.6969 0.2208 0.6823
vn -0.7172 0.0812 0.6921
vn -0.7175 0.0961 0.6899
vn -0.7172 0.1113 0.6879
vn -0.7175 0.0814 0.6918
vn -0.7175 0.0517 0.6946
vn -0.7174 0.0959 0.6901
vn 0.6971 0.2628 0.6671
vn 0.6969 0.2420 0.6752
vn 0.6969 0.2209 0.6823
vn 0.6969 0.2208 0.6824
vn 0.6967 0.2418 0.6754
vn 0.6968 0.1848 0.6931
vn 0.6967 0.1704 0.6968
vn 0.6967 0.1847 0.6932
vn 0.6966 0.1562 0.7003
vn 0.6966 0.1703 0.6969
vn 0.6965 0.1563 0.7003
vn 0.6968 0.1702 0.6968
vn 0.6968 0.1846 0.6931
vn -0.7050 0.1337 0.6964
vn -0.7052 0.1337 0.6963
vn -0.7152 0.0795 0.6943
vn -0.6933 0.1856 0.6964
vn -0.6580 0.2850 0.6970
vn -0.6931 0.1856 0.6965
vn -0.6349 0.3329 0.6972
vn -0.6581 0.2850 0.6969
vn -0.7051 0.1338 0.6963
vn -0.5786 0.4221 0.6979
vn -0.6350 0.3330 0.6971
vn -0.5454 0.4636 0.6983
vn -0.5785 0.4219 0.6981
vn -0.6579 0.2850 0.6971
vn -0.6348 0.3329 0.6973
vn -0.4705 0.5378 0.6996
vn -0.5453 0.4635 0.6985
vn -0.4289 0.5709 0.7001
vn -0.4706 0.5378 0.6995
vn -0.5785 0.4220 0.6980
vn -0.5453 0.4635 0.6984
vn -0.3394 0.6267 0.7015
vn -0.2915 0.6497 0.7021
vn -0.3395 0.6268 0.7013
vn -0.4706 0.5379 0.6994
vn -0.4289 0.5711 0.6999
vn -0.1919 0.6842 0.7036
vn -0.2915 0.6497 0.7020
vn -0.1400 0.6960 0.7042
vn -0.1919 0.6843 0.7035
vn -0.3394 0.6267 0.7014
vn -0.2915 0.6498 0.7020
vn -0.0904 0.7055 0.7029
vn -0.1400 0.6961 0.7041
vn 0.6965 0.1125 0.7087
vn 0.6967 0.0981 0.7107
vn 0.6964 0.0833 0.7128
vn 0.6963 0.0537 0.7157
vn 0.6964 0.0981 0.7109
vn 0.6966 0.0835 0.7126
vn 0.6966 0.0983 0.7107
vn 0.6966 0.0388 0.7164
vn 0.6966 0.0536 0.7154
vn 0.6967 0.0389 0.7163
vn 0.6967 0.0538 0.7154
vn 0.6967 0.0834 0.7125
vn 0.6965 0.0390 0.7165
vn 0.1226 0.6953 0.7082
vn 0.1227 0.6953 0.7081
vn 0.1746 0.6834 0.7088
vn 0.2739 0.6484 0.7104
vn 0.1745 0.6835 0.7088
vn 0.3218 0.6252 0.7110
vn 0.2738 0.6483 0.7104
vn 0.1226 0.6954 0.7081
vn 0.4109 0.5688 0.7125
vn 0.4524 0.5356 0.7130
vn 0.4108 0.5688 0.7125
vn 0.2739 0.6483 0.7105
vn 0.3218 0.6251 0.7111
vn 0.5420 0.4420 0.7148
vn 0.4524 0.5356 0.7131
vn 0.5420 0.4420 0.7147
vn 0.6135 0.3339 0.7157
vn 0.5420 0.4419 0.7148
vn 0.6367 0.2862 0.7160
vn 0.5420 0.4421 0.7147
vn 0.6135 0.3341 0.7155
vn 0.6367 0.2860 0.7161
vn 0.6720 0.1867 0.7166
vn 0.6721 0.1867 0.7166
vn 0.6456 0.7143 -0.2701
vn 0.6876 0.7148 -0.1277
vn 0.6640 0.7317 -0.1540
vn 0.6452 0.7146 -0.2702
vn 0.6637 0.7320 -0.1541
vn 0.6295 0.7082 -0.3197
vn 0.6453 0.7146 -0.2702
vn 0.6298 0.7079 -0.3198
vn 0.5365 0.7184 -0.4428
vn 0.7097 0.6906 -0.1396
vn 0.6873 0.7150 -0.1280
vn 0.6456 0.7142 -0.2703
vn 0.7140 0.6802 -0.1659
vn 0.7099 0.6903 -0.1398
vn 0.6454 0.7146 -0.2697
vn 0.6313 0.7064 -0.3200
vn 0.7139 0.6805 -0.1652
vn 0.6454 0.7145 -0.2703
vn 0.5615 0.6905 -0.4561
vn 0.6309 0.7066 -0.3205
vn 0.4312 0.7125 -0.5536
vn 0.5365 0.7182 -0.4431
vn 0.4079 0.7096 -0.5746
vn 0.4314 0.7127 -0.5531
vn 0.4081 0.7099 -0.5741
vn 0.2789 0.7183 -0.6374
vn 0.4313 0.7128 -0.5531
vn 0.4113 0.7042 -0.5787
vn 0.5615 0.6907 -0.4557
vn 0.4313 0.7125 -0.5535
vn 0.2985 0.6899 -0.6595
vn 0.4112 0.7039 -0.5792
vn 0.5368 0.7182 -0.4428
vn 0.5615 0.6905 -0.4559
vn 0.1488 0.7136 -0.6846
vn 0.2789 0.7181 -0.6377
vn 0.0942 0.7127 -0.6951
vn 0.1485 0.7138 -0.6844
vn 0.0940 0.7130 -0.6948
vn -0.0394 0.7185 -0.6944
vn 0.1488 0.7138 -0.6844
vn 0.0479 0.6902 -0.7220
vn 0.2986 0.6903 -0.6591
vn 0.1488 0.7137 -0.6845
vn 0.2788 0.7182 -0.6376
vn 0.1486 0.7138 -0.6844
vn 0.2984 0.6903 -0.6591
vn -0.1384 0.7095 -0.6910
vn -0.0391 0.7185 -0.6945
vn -0.2609 0.7179 -0.6454
vn -0.1388 0.7097 -0.6907
vn -0.0763 0.7002 -0.7099
vn 0.0476 0.6905 -0.7218
vn -0.1386 0.7094 -0.6910
vn -0.2801 0.6898 -0.6676
vn -0.0762 0.6999 -0.7102
vn -0.1386 0.7092 -0.6913
vn -0.0392 0.7182 -0.6947
vn -0.1385 0.7092 -0.6912
vn 0.0478 0.6900 -0.7222
vn 0.1487 0.7136 -0.6846
vn -0.4160 0.7120 -0.5657
vn -0.2610 0.7178 -0.6455
vn -0.3921 0.7091 -0.5861
vn -0.4159 0.7118 -0.5660
vn -0.3919 0.7090 -0.5863
vn -0.5245 0.7173 -0.4587
vn -0.4162 0.7118 -0.5658
vn -0.3954 0.7033 -0.5908
vn -0.2803 0.6897 -0.6677
vn -0.5489 0.6897 -0.4724
vn -0.3951 0.7034 -0.5909
vn -0.1387 0.7094 -0.6910
vn -0.2611 0.7178 -0.6455
vn -0.4159 0.7120 -0.5657
vn -0.2799 0.6898 -0.6676
vn -0.1384 0.7094 -0.6910
vn -0.6844 0.7139 -0.1481
vn -0.7064 0.6894 -0.1604
vn -0.6385 0.7135 -0.2887
vn -0.5247 0.7175 -0.4581
vn -0.6213 0.7071 -0.3377
vn -0.6382 0.7134 -0.2894
vn -0.6210 0.7069 -0.3385
vn -0.6601 0.7307 -0.1740
vn -0.6603 0.7307 -0.1736
vn -0.6846 0.7137 -0.1481
vn -0.6383 0.7135 -0.2891
vn -0.6223 0.7056 -0.3388
vn -0.5489 0.6896 -0.4723
vn -0.6384 0.7133 -0.2891
vn -0.7099 0.6791 -0.1866
vn -0.6225 0.7055 -0.3388
vn -0.6385 0.7133 -0.2891
vn -0.7066 0.6892 -0.1605
vn -0.7100 0.6791 -0.1867
vn -0.5489 0.6896 -0.4725
vn -0.4159 0.7119 -0.5659
vn -0.5245 0.7175 -0.4584
vn 0.9943 0.0007 -0.1062
vn 0.9742 0.0006 -0.2256
vn 0.9742 0.0006 -0.2257
vn 0.9943 0.0007 -0.1066
vn 0.9101 0.0003 -0.4144
vn 0.9746 0.0005 -0.2241
vn 0.9745 0.0006 -0.2242
vn 0.7836 -0.0000 -0.6213
vn 0.7308 -0.0000 -0.6826
vn 0.8729 0.0002 -0.4878
vn 0.9096 0.0003 -0.4154
vn 0.6125 -0.0003 -0.7905
vn 0.5466 -0.0003 -0.8374
vn 0.6132 -0.0002 -0.7900
vn 0.7317 -0.0000 -0.6816
vn 0.4059 -0.0004 -0.9139
vn 0.3307 -0.0006 -0.9437
vn 0.5470 -0.0002 -0.8372
vn 0.5467 -0.0003 -0.8373
vn 0.1752 -0.0007 -0.9845
vn 0.1748 -0.0008 -0.9846
vn 0.3301 -0.0007 -0.9439
vn 0.4054 -0.0005 -0.9142
vn -0.3785 -0.0011 -0.9256
vn -0.5215 -0.0012 -0.8533
vn -0.3781 -0.0012 -0.9258
vn -0.3021 -0.0011 -0.9533
vn -0.7109 -0.0013 -0.7033
vn -0.7654 -0.0012 -0.6435
vn -0.7107 -0.0013 -0.7035
vn -0.5217 -0.0013 -0.8531
vn -0.8588 -0.0012 -0.5124
vn -0.8974 -0.0012 -0.4413
vn -0.7657 -0.0013 -0.6432
vn -0.8581 -0.0011 -0.5134
vn -0.7649 -0.0012 -0.6442
vn -0.7103 -0.0012 -0.7039
vn -0.9563 -0.0010 -0.2925
vn -0.9768 -0.0010 -0.2143
vn -0.8971 -0.0011 -0.4419
vn -0.9563 -0.0011 -0.2925
vn -0.8971 -0.0012 -0.4417
vn -0.8585 -0.0012 -0.5128
vn -0.9908 -0.0010 -0.1352
vn -0.9907 -0.0010 -0.1359
vn -0.9561 -0.0011 -0.2932
vn 0.6875 0.7148 -0.1281
vn 0.6639 0.7318 -0.1543
vn 0.6637 0.7319 -0.1541
vn 0.6296 0.7081 -0.3197
vn 0.6299 0.7078 -0.3197
vn 0.5369 0.7182 -0.4428
vn 0.6453 0.7146 -0.2699
vn 0.7097 0.6906 -0.1392
vn 0.6874 0.7150 -0.1276
vn 0.6453 0.7143 -0.2709
vn 0.7138 0.6803 -0.1663
vn 0.7097 0.6904 -0.1403
vn 0.6456 0.7145 -0.2698
vn 0.6313 0.7065 -0.3200
vn 0.7140 0.6803 -0.1652
vn 0.5615 0.6906 -0.4558
vn 0.5366 0.7184 -0.4426
vn 0.4080 0.7099 -0.5741
vn 0.4314 0.7125 -0.5534
vn 0.2788 0.7180 -0.6377
vn 0.4309 0.7125 -0.5538
vn 0.4109 0.7039 -0.5794
vn 0.5612 0.6905 -0.4564
vn 0.4314 0.7125 -0.5533
vn 0.2987 0.6899 -0.6594
vn 0.4114 0.7039 -0.5790
vn 0.4310 0.7128 -0.5534
vn 0.6451 0.7147 -0.2703
vn 0.5364 0.7184 -0.4429
vn 0.5616 0.6905 -0.4558
vn 0.1487 0.7138 -0.6843
vn 0.2787 0.7183 -0.6374
vn 0.0941 0.7130 -0.6948
vn 0.0940 0.7126 -0.6952
vn -0.0392 0.7181 -0.6948
vn 0.1486 0.7136 -0.6846
vn 0.0477 0.6900 -0.7222
vn 0.2985 0.6901 -0.6593
vn 0.4313 0.7126 -0.5532
vn 0.2788 0.7182 -0.6375
vn 0.1486 0.7137 -0.6845
vn -0.1386 0.7093 -0.6912
vn -0.0392 0.7183 -0.6947
vn -0.2610 0.7177 -0.6456
vn -0.1387 0.7090 -0.6914
vn -0.0763 0.6995 -0.7106
vn 0.0475 0.6898 -0.7225
vn -0.1388 0.7096 -0.6908
vn -0.2802 0.6899 -0.6674
vn -0.0763 0.7001 -0.7100
vn -0.1385 0.7094 -0.6910
vn -0.0391 0.7184 -0.6945
vn -0.1384 0.7096 -0.6909
vn 0.0479 0.6903 -0.7219
vn 0.1488 0.7139 -0.6843
vn -0.4161 0.7121 -0.5655
vn -0.2611 0.7179 -0.6453
vn -0.3922 0.7092 -0.5858
vn -0.4158 0.7118 -0.5661
vn -0.3918 0.7090 -0.5864
vn -0.5244 0.7173 -0.4588
vn -0.4160 0.7116 -0.5662
vn -0.3953 0.7030 -0.5913
vn -0.2801 0.6893 -0.6681
vn -0.4160 0.7123 -0.5653
vn -0.5489 0.6899 -0.4719
vn -0.3952 0.7037 -0.5904
vn -0.1387 0.7094 -0.6911
vn -0.2799 0.6898 -0.6677
vn -0.6384 0.7135 -0.2888
vn -0.6846 0.7138 -0.1478
vn -0.7065 0.6893 -0.1601
vn -0.6384 0.7135 -0.2889
vn -0.5246 0.7175 -0.4582
vn -0.6212 0.7071 -0.3379
vn -0.6383 0.7133 -0.2895
vn -0.6211 0.7069 -0.3386
vn -0.6602 0.7307 -0.1740
vn -0.6385 0.7134 -0.2888
vn -0.6603 0.7307 -0.1733
vn -0.6846 0.7138 -0.1477
vn -0.6382 0.7133 -0.2895
vn -0.6223 0.7055 -0.3392
vn -0.5489 0.6894 -0.4726
vn -0.7099 0.6792 -0.1866
vn -0.6224 0.7056 -0.3388
vn -0.7064 0.6893 -0.1607
vn -0.7098 0.6792 -0.1869
vn -0.5490 0.6896 -0.4723
vn -0.5245 0.7174 -0.4585
vn 0.9745 0.0006 -0.2244
vn 0.9099 0.0004 -0.4149
vn 0.8733 0.0002 -0.4871
vn 0.7839 -0.0000 -0.6209
vn 0.8732 0.0002 -0.4874
vn 0.7844 0.0001 -0.6202
vn 0.8736 0.0003 -0.4867
vn 0.9100 0.0004 -0.4145
vn 0.5470 -0.0003 -0.8371
vn 0.7314 -0.0001 -0.6819
vn 0.6121 -0.0002 -0.7908
vn 0.7836 0.0001 -0.6213
vn 0.4057 -0.0004 -0.9140
vn 0.5467 -0.0002 -0.8373
vn 0.4056 -0.0005 -0.9140
vn 0.3306 -0.0007 -0.9438
vn -0.1460 -0.0010 -0.9893
vn -0.5889 -0.0012 -0.8082
vn -0.3784 -0.0011 -0.9256
vn -0.3027 -0.0011 -0.9531
vn -0.7652 -0.0012 -0.6438
vn -0.5891 -0.0013 -0.8080
vn -0.5219 -0.0012 -0.8530
vn -0.8582 -0.0012 -0.5134
vn -0.8968 -0.0012 -0.4423
vn -0.8585 -0.0012 -0.5129
vn -0.7653 -0.0012 -0.6436
vn -0.7108 -0.0013 -0.7034
vn -0.9564 -0.0010 -0.2920
vn -0.9769 -0.0010 -0.2138
vn -0.8974 -0.0011 -0.4413
vn -0.8583 -0.0012 -0.5131
vn -0.9908 -0.0009 -0.1352
vn -0.9768 -0.0010 -0.2140
vn -0.9768 -0.0010 -0.2142
vn -0.9563 -0.0010 -0.2924
vn 0.5615 0.6906 -0.4559
vn 0.6309 0.7067 -0.3203
vn 0.5366 0.7185 -0.4426
vn 0.5612 0.6904 -0.4565
vn 0.4310 0.7127 -0.5534
vn 0.1404 0.7123 -0.6877
vn 0.1403 0.7120 -0.6881
vn 0.1403 0.7120 -0.6880
vn 0.0958 0.6998 -0.7079
vn 0.2985 0.6900 -0.6594
vn 0.1405 0.7124 -0.6876
vn -0.0274 0.6903 -0.7230
vn 0.0960 0.7002 -0.7075
vn -0.2610 0.7176 -0.6456
vn -0.0278 0.6903 -0.7230
vn -0.1493 0.7108 -0.6873
vn -0.0276 0.6900 -0.7233
vn -0.4160 0.7122 -0.5655
vn -0.2611 0.7180 -0.6452
vn -0.3921 0.7093 -0.5858
vn -0.1495 0.7107 -0.6874
vn -0.2611 0.7177 -0.6455
vn -0.1493 0.7108 -0.6874
vn -0.6384 0.7134 -0.2889
vn -0.5247 0.7174 -0.4583
vn -0.6213 0.7070 -0.3379
vn -0.5489 0.6895 -0.4726
vn 0.9826 0.0007 -0.1857
vn 0.9943 0.0008 -0.1063
vn 0.9828 0.0006 -0.1848
vn 0.9646 0.0006 -0.2636
vn 0.9944 0.0007 -0.1054
vn 0.9099 0.0003 -0.4149
vn 0.9645 0.0005 -0.2640
vn 0.9644 0.0005 -0.2645
vn 0.9826 0.0006 -0.1857
vn 0.7839 0.0001 -0.6209
vn 0.8732 0.0003 -0.4874
vn 0.4056 -0.0006 -0.9140
vn 0.5467 -0.0004 -0.8373
vn -0.5891 -0.0012 -0.8080
vn -0.7653 -0.0013 -0.6436
vn -0.9769 -0.0010 -0.2137
vn -0.9909 -0.0010 -0.1348
vn -0.9768 -0.0010 -0.2141
vn 0.5615 0.6904 -0.4561
vn 0.6309 0.7065 -0.3205
vn 0.0479 0.6901 -0.7221
vn 0.2986 0.6902 -0.6591
vn -0.2609 0.7179 -0.6455
vn -0.4159 0.7118 -0.5661
vn -0.3920 0.7089 -0.5863
vn -0.5245 0.7173 -0.4588
vn -0.5489 0.6896 -0.4724
vn -0.6383 0.7135 -0.2892
vn -0.6845 0.7138 -0.1482
vn -0.7064 0.6894 -0.1605
vn -0.5489 0.6897 -0.4723
vn -0.7100 0.6791 -0.1865
vn -0.7099 0.6791 -0.1867
vn 0.9944 0.0007 -0.1059
vn 0.9742 0.0005 -0.2256
vn 0.9742 0.0005 -0.2257
vn 0.9101 0.0004 -0.4144
vn 0.9746 0.0006 -0.2241
vn 0.7309 -0.0001 -0.6825
vn 0.8729 0.0003 -0.4878
vn 0.4059 -0.0005 -0.9139
vn 0.5470 -0.0003 -0.8372
vn 0.3301 -0.0006 -0.9439
vn -0.5215 -0.0013 -0.8533
vn -0.7107 -0.0012 -0.7035
vn -0.5217 -0.0013 -0.8532
vn -0.8971 -0.0011 -0.4417
vn -0.9768 -0.0011 -0.2143
vn -0.9907 -0.0009 -0.1359
vn -0.9909 -0.0010 -0.1347
vn -0.9561 -0.0011 -0.2930
vn -0.9908 -0.0009 -0.1357
vn -0.8971 -0.0012 -0.4418
vn -0.8973 -0.0012 -0.4415
vn -0.9564 -0.0011 -0.2922
vn -0.9768 -0.0010 -0.2139
vn -0.7383 -0.0013 -0.6745
vn -0.7383 -0.0012 -0.6745
vn -0.8582 -0.0012 -0.5133
vn -0.7389 -0.0012 -0.6739
vn -0.5893 -0.0013 -0.8079
vn -0.8586 -0.0011 -0.5127
vn -0.8972 -0.0011 -0.4417
vn -0.3407 -0.0012 -0.9402
vn -0.5218 -0.0013 -0.8531
vn -0.5890 -0.0013 -0.8081
vn -0.7387 -0.0013 -0.6741
vn -0.3404 -0.0012 -0.9403
vn -0.1059 -0.0010 -0.9944
vn 0.1352 -0.0008 -0.9908
vn -0.1061 -0.0010 -0.9944
vn -0.3410 -0.0011 -0.9401
vn -0.3410 -0.0012 -0.9401
vn 0.3682 -0.0006 -0.9298
vn 0.1350 -0.0009 -0.9908
vn 0.3686 -0.0005 -0.9296
vn 0.5803 -0.0003 -0.8144
vn 0.3685 -0.0006 -0.9296
vn 0.1354 -0.0008 -0.9908
vn 0.5802 -0.0003 -0.8145
vn 0.3684 -0.0006 -0.9297
vn 0.7311 -0.0001 -0.6822
vn 0.5800 -0.0003 -0.8146
vn 0.5796 -0.0002 -0.8149
vn 0.5796 -0.0003 -0.8149
vn 0.8732 0.0002 -0.4873
vn 0.9097 0.0004 -0.4152
vn 0.7843 0.0001 -0.6203
vn 0.7316 -0.0000 -0.6817
vn 0.9097 0.0004 -0.4153
vn -0.9909 -0.0009 -0.1346
vn -0.8968 -0.0012 -0.4424
vn -0.9766 -0.0010 -0.2149
vn -0.9767 -0.0010 -0.2146
vn -0.9908 -0.0010 -0.1355
vn -0.7650 -0.0012 -0.6441
vn -0.8969 -0.0012 -0.4423
vn -0.8590 -0.0012 -0.5120
vn -0.8976 -0.0012 -0.4409
vn -0.9566 -0.0011 -0.2916
vn -0.7106 -0.0012 -0.7036
vn -0.7651 -0.0012 -0.6439
vn -0.5222 -0.0013 -0.8529
vn -0.5894 -0.0013 -0.8079
vn -0.7111 -0.0012 -0.7031
vn -0.3025 -0.0012 -0.9532
vn -0.3022 -0.0011 -0.9532
vn -0.3783 -0.0011 -0.9257
vn -0.5215 -0.0012 -0.8532
vn 0.1751 -0.0007 -0.9846
vn 0.0949 -0.0008 -0.9955
vn 0.4060 -0.0005 -0.9139
vn 0.3308 -0.0006 -0.9437
vn 0.4056 -0.0006 -0.9141
vn 0.3303 -0.0006 -0.9439
vn 0.1750 -0.0008 -0.9846
vn 0.6130 -0.0002 -0.7901
vn 0.7315 -0.0000 -0.6818
vn 0.5471 -0.0002 -0.8371
vn 0.6122 -0.0002 -0.7907
vn 0.5463 -0.0003 -0.8376
vn 0.4052 -0.0005 -0.9142
vn 0.7837 -0.0000 -0.6212
vn 0.8730 0.0003 -0.4877
vn 0.7309 -0.0001 -0.6824
vn 0.7842 -0.0000 -0.6205
vn 0.7315 -0.0001 -0.6819
vn 0.6129 -0.0002 -0.7901
vn 0.9647 0.0005 -0.2635
vn 0.9096 0.0004 -0.4154
vn 0.9828 0.0006 -0.1845
vn 0.9945 0.0007 -0.1050
vn 0.9647 0.0005 -0.2634
vn 0.9826 0.0007 -0.1858
vn 0.9644 0.0006 -0.2646
vn 0.9825 0.0006 -0.1860
vn -0.9564 -0.0011 -0.2921
vn -0.9909 -0.0010 -0.1346
vn -0.8784 -0.0012 -0.4779
vn -0.9562 -0.0011 -0.2927
vn -0.8787 -0.0011 -0.4774
vn -0.7389 -0.0012 -0.6738
vn -0.7387 -0.0013 -0.6740
vn -0.7388 -0.0013 -0.6740
vn -0.8786 -0.0012 -0.4776
vn -0.5888 -0.0013 -0.8083
vn -0.5216 -0.0012 -0.8532
vn -0.5891 -0.0012 -0.8081
vn -0.7387 -0.0012 -0.6741
vn -0.5220 -0.0012 -0.8529
vn -0.3405 -0.0011 -0.9402
vn -0.1056 -0.0010 -0.9944
vn -0.3408 -0.0012 -0.9401
vn -0.3409 -0.0012 -0.9401
vn -0.1058 -0.0010 -0.9944
vn 0.3681 -0.0006 -0.9298
vn 0.5804 -0.0003 -0.8144
vn 0.3686 -0.0006 -0.9296
vn 0.7581 -0.0000 -0.6522
vn 0.7586 -0.0000 -0.6516
vn 0.7580 0.0001 -0.6522
vn 0.5799 -0.0002 -0.8147
vn 0.5799 -0.0003 -0.8147
vn 0.8730 0.0003 -0.4876
vn 0.7580 -0.0000 -0.6522
vn 0.9745 0.0006 -0.2245
vn 0.9100 0.0004 -0.4147
vn 0.9943 0.0007 -0.1065
vn 0.9742 0.0006 -0.2255
vn -0.7033 0.7064 -0.0796
vn -0.7064 0.7059 -0.0522
vn -0.6998 0.7064 -0.1068
vn -0.7034 0.7064 -0.0796
vn -0.6894 0.7063 -0.1607
vn -0.6997 0.7064 -0.1069
vn -0.6827 0.7063 -0.1873
vn -0.6661 0.7063 -0.2396
vn -0.6564 0.7063 -0.2653
vn -0.6662 0.7063 -0.2396
vn -0.6340 0.7062 -0.3152
vn -0.6565 0.7062 -0.2652
vn -0.6213 0.7062 -0.3395
vn -0.6339 0.7062 -0.3152
vn -0.6564 0.7063 -0.2652
vn -0.5931 0.7062 -0.3866
vn -0.5777 0.7062 -0.4093
vn -0.6339 0.7062 -0.3153
vn -0.6212 0.7062 -0.3396
vn -0.5444 0.7061 -0.4528
vn -0.5777 0.7061 -0.4094
vn -0.5264 0.7061 -0.4736
vn -0.5444 0.7062 -0.4528
vn -0.5932 0.7062 -0.3866
vn -0.5778 0.7062 -0.4093
vn -0.4882 0.7062 -0.5128
vn -0.5264 0.7062 -0.4735
vn -0.4680 0.7062 -0.5313
vn -0.4881 0.7062 -0.5129
vn -0.5443 0.7062 -0.4528
vn -0.5263 0.7062 -0.4736
vn -0.4255 0.7061 -0.5660
vn -0.4679 0.7061 -0.5314
vn -0.4032 0.7061 -0.5821
vn -0.4253 0.7062 -0.5660
vn -0.4881 0.7062 -0.5128
vn -0.4679 0.7062 -0.5314
vn -0.3568 0.7062 -0.6115
vn -0.4031 0.7062 -0.5821
vn -0.3329 0.7062 -0.6249
vn -0.3569 0.7061 -0.6115
vn -0.4254 0.7061 -0.5660
vn -0.4031 0.7061 -0.5821
vn -0.2836 0.7062 -0.6487
vn -0.3329 0.7062 -0.6248
vn -0.2582 0.7063 -0.6592
vn -0.2835 0.7062 -0.6487
vn -0.3569 0.7062 -0.6115
vn -0.2065 0.7062 -0.6772
vn -0.2836 0.7062 -0.6488
vn -0.2582 0.7062 -0.6593
vn -0.2064 0.7063 -0.6772
vn -0.2582 0.7062 -0.6592
vn -0.1800 0.7063 -0.6847
vn -0.1265 0.7063 -0.6965
vn -0.2064 0.7062 -0.6772
vn -0.1800 0.7062 -0.6847
vn -0.1266 0.7062 -0.6966
vn -0.1801 0.7062 -0.6847
vn -0.0994 0.7063 -0.7009
vn -0.0449 0.7063 -0.7065
vn -0.1265 0.7063 -0.6966
vn -0.0449 0.7064 -0.7064
vn -0.0174 0.7064 -0.7076
vn 0.0374 0.7064 -0.7068
vn -0.0175 0.7063 -0.7077
vn 0.0647 0.7064 -0.7048
vn -0.0448 0.7064 -0.7064
vn 0.1191 0.7065 -0.6976
vn 0.0648 0.7064 -0.7048
vn 0.1461 0.7065 -0.6925
vn 0.1992 0.7066 -0.6790
vn 0.1461 0.7065 -0.6924
vn 0.2254 0.7066 -0.6707
vn 0.1992 0.7065 -0.6791
vn 0.1191 0.7064 -0.6977
vn 0.2766 0.7067 -0.6512
vn 0.3017 0.7067 -0.6399
vn 0.2766 0.7066 -0.6513
vn 0.2254 0.7066 -0.6708
vn 0.3503 0.7068 -0.6146
vn 0.3017 0.7067 -0.6400
vn 0.3738 0.7068 -0.6006
vn 0.3503 0.7068 -0.6147
vn 0.3016 0.7067 -0.6400
vn 0.4192 0.7068 -0.5698
vn 0.3739 0.7068 -0.6006
vn 0.4410 0.7069 -0.5531
vn 0.4823 0.7069 -0.5173
vn 0.4409 0.7069 -0.5531
vn 0.5020 0.7070 -0.4981
vn 0.4824 0.7070 -0.5172
vn 0.4192 0.7069 -0.5697
vn 0.4410 0.7069 -0.5530
vn 0.5392 0.7070 -0.4577
vn 0.5022 0.7069 -0.4981
vn 0.5565 0.7070 -0.4363
vn 0.5390 0.7071 -0.4576
vn 0.4823 0.7070 -0.5172
vn 0.5020 0.7070 -0.4980
vn 0.5884 0.7072 -0.3919
vn 0.5564 0.7072 -0.4363
vn 0.6032 0.7073 -0.3687
vn 0.5886 0.7071 -0.3919
vn 0.5392 0.7070 -0.4576
vn 0.5565 0.7071 -0.4363
vn 0.6300 0.7073 -0.3208
vn 0.6033 0.7072 -0.3687
vn 0.6419 0.7073 -0.2961
vn 0.6299 0.7073 -0.3209
vn 0.5885 0.7072 -0.3919
vn 0.6032 0.7072 -0.3687
vn 0.6674 0.7074 -0.2327
vn 0.6419 0.7073 -0.2962
vn 0.6673 0.7075 -0.2327
vn 0.6898 0.7076 -0.1535
vn 0.6898 0.7075 -0.1536
vn 0.7015 0.7075 -0.0859
vn 0.6898 0.7075 -0.1535
vn 0.7043 0.7075 -0.0586
vn 0.7014 0.7076 -0.0859
vn 0.6897 0.7076 -0.1536
vn 0.7064 0.7071 -0.0314
vn 0.7065 0.7071 -0.0314
vn 0.7014 0.7075 -0.0859
vn 0.7042 0.7076 -0.0586
vn -0.9908 -0.0010 -0.1357
vn -0.9672 -0.0010 -0.2541
vn -0.9674 -0.0010 -0.2531
vn -0.8785 -0.0012 -0.4778
vn -0.9673 -0.0010 -0.2536
vn -0.8786 -0.0011 -0.4775
vn -0.7388 -0.0012 -0.6739
vn -0.8783 -0.0012 -0.4780
vn -0.9672 -0.0011 -0.2539
vn -0.9672 -0.0010 -0.2539
vn -0.7384 -0.0013 -0.6743
vn -0.7386 -0.0013 -0.6742
vn -0.5893 -0.0012 -0.8079
vn -0.3406 -0.0012 -0.9402
vn -0.5218 -0.0012 -0.8530
vn 0.6128 -0.0002 -0.7902
vn 0.4055 -0.0005 -0.9141
vn 0.7313 -0.0000 -0.6820
vn 0.7840 0.0001 -0.6207
vn 0.8924 0.0003 -0.4513
vn 0.8921 0.0003 -0.4518
vn 0.8922 0.0003 -0.4517
vn 0.9744 0.0006 -0.2250
vn 0.8922 0.0003 -0.4516
vn 0.9827 0.0006 -0.1853
vn 0.9827 0.0007 -0.1852
vn 0.9645 0.0005 -0.2641
vn 0.8732 0.0003 -0.4873
vn 0.9645 0.0005 -0.2642
vn 0.9827 0.0006 -0.1854
vn 0.7838 -0.0000 -0.6210
vn 0.8731 0.0002 -0.4875
vn 0.7840 0.0001 -0.6208
vn 0.9098 0.0004 -0.4151
vn 0.7312 -0.0000 -0.6821
vn 0.5468 -0.0003 -0.8373
vn -0.7106 -0.0013 -0.7035
vn -0.8786 -0.0012 -0.4775
vn -0.7654 -0.0013 -0.6435
vn -0.9767 -0.0011 -0.2144
vn -0.9908 -0.0010 -0.1354
vn -0.9562 -0.0011 -0.2926
vn -0.8784 -0.0012 -0.4780
vn -0.9908 -0.0009 -0.1354
vn 0.9827 0.0006 -0.1850
vn 0.9944 0.0007 -0.1055
vn 0.9826 0.0006 -0.1858
vn 0.9644 0.0005 -0.2646
vn 0.9943 0.0007 -0.1063
vn 0.9646 0.0006 -0.2639
vn 0.9827 0.0006 -0.1852
vn 0.8731 0.0003 -0.4875
vn 0.9097 0.0004 -0.4154
vn 0.0949 -0.0009 -0.9955
vn -0.3026 -0.0012 -0.9531
vn -0.7652 -0.0013 -0.6437
vn -0.5890 -0.0012 -0.8082
vn -0.8584 -0.0012 -0.5130
vn -0.8970 -0.0012 -0.4420
vn -0.7654 -0.0013 -0.6436
vn -0.9563 -0.0011 -0.2922
vn -0.8973 -0.0011 -0.4415
vn -0.9563 -0.0011 -0.2924
vn -0.8972 -0.0012 -0.4417
vn -0.8585 -0.0012 -0.5127
vn -0.9767 -0.0010 -0.2144
vn 0.9944 0.0007 -0.1056
vn 0.9827 0.0007 -0.1851
vn 0.9644 0.0006 -0.2645
vn 0.9826 0.0006 -0.1855
vn 0.6128 -0.0002 -0.7903
vn 0.7313 -0.0001 -0.6820
vn -0.5216 -0.0013 -0.8532
vn -0.3784 -0.0012 -0.9257
vn -0.8783 -0.0012 -0.4781
vn -0.9672 -0.0010 -0.2540
vn -0.7655 -0.0013 -0.6435
vn -0.9673 -0.0010 -0.2538
vn -0.9674 -0.0011 -0.2534
vn -0.9674 -0.0010 -0.2534
vn -0.9565 -0.0010 -0.2917
vn -0.8975 -0.0012 -0.4411
vn -0.9769 -0.0010 -0.2135
vn -0.8969 -0.0011 -0.4423
vn -0.8972 -0.0012 -0.4416
vn -0.9563 -0.0011 -0.2923
vn -0.3786 -0.0012 -0.9255
vn -0.3786 -0.0011 -0.9256
vn 0.1351 -0.0008 -0.9908
vn 0.3683 -0.0005 -0.9297
vn 0.3683 -0.0006 -0.9297
vn 0.3682 -0.0006 -0.9297
vn 0.1350 -0.0008 -0.9908
vn 0.6132 -0.0003 -0.7900
vn 0.5473 -0.0004 -0.8369
vn 0.6124 -0.0002 -0.7906
vn 0.5465 -0.0003 -0.8375
vn 0.7842 0.0001 -0.6204
vn 0.7834 -0.0000 -0.6216
vn 0.7305 -0.0001 -0.6829
vn 0.6118 -0.0002 -0.7910
vn 0.9094 0.0004 -0.4159
vn 0.8729 0.0003 -0.4880
vn 0.9745 0.0005 -0.2245
vn 0.9099 0.0004 -0.4148
vn 0.9943 0.0007 -0.1067
vn 0.9743 0.0007 -0.2254
vn -0.9907 -0.0010 -0.1361
vn -0.9766 -0.0010 -0.2151
vn -0.9565 -0.0011 -0.2917
vn -0.9908 -0.0009 -0.1350
vn -0.8587 -0.0012 -0.5125
vn -0.7656 -0.0012 -0.6433
vn -0.8581 -0.0012 -0.5135
vn -0.8968 -0.0012 -0.4425
vn -0.7652 -0.0013 -0.6438
vn -0.3782 -0.0012 -0.9257
vn -0.5221 -0.0012 -0.8529
vn -0.5894 -0.0012 -0.8079
vn -0.7111 -0.0013 -0.7031
vn -0.5220 -0.0012 -0.8530
vn -0.0654 -0.0010 -0.9979
vn -0.1458 -0.0011 -0.9893
vn -0.3023 -0.0011 -0.9532
vn 0.3687 -0.0006 -0.9295
vn 0.6128 -0.0003 -0.7902
vn 0.7584 -0.0000 -0.6518
vn 0.6121 -0.0003 -0.7908
vn 0.5462 -0.0004 -0.8376
vn 0.3678 -0.0006 -0.9299
vn 0.7585 -0.0000 -0.6517
vn 0.8927 0.0004 -0.4506
vn 0.8927 0.0003 -0.4506
vn 0.7589 0.0001 -0.6512
vn 0.8919 0.0003 -0.4522
vn 0.7577 -0.0000 -0.6526
vn 0.7578 -0.0000 -0.6525
vn 0.8924 0.0003 -0.4512
vn 0.9944 0.0007 -0.1060
vn 0.9743 0.0007 -0.2253
vn 0.9944 0.0007 -0.1061
vn 0.9743 0.0005 -0.2251
vn -0.9908 -0.0009 -0.1353
vn -0.8586 -0.0012 -0.5126
vn -0.7110 -0.0013 -0.7032
vn -0.5891 -0.0013 -0.8081
vn -0.0655 -0.0011 -0.9979
vn 0.3307 -0.0007 -0.9437
vn 0.3303 -0.0005 -0.9439
vn 0.6132 -0.0002 -0.7899
vn 0.5473 -0.0003 -0.8369
vn 0.4054 -0.0005 -0.9141
vn 0.7834 0.0001 -0.6216
vn 0.7305 -0.0000 -0.6829
vn 0.6118 -0.0003 -0.7910
vn 0.9643 0.0005 -0.2649
vn 0.9644 0.0005 -0.2643
vn 0.9828 0.0007 -0.1849
vn 0.9646 0.0005 -0.2638
vn 0.9099 0.0004 -0.4147
vn 0.9943 0.0007 -0.1069
vn 0.9825 0.0006 -0.1863
vn -0.7652 -0.0012 -0.6437
vn -0.8584 -0.0012 -0.5129
vn -0.8971 -0.0012 -0.4419
vn 0.7839 0.0001 -0.6208
vn 0.9645 0.0006 -0.2642
vn -0.9908 -0.0009 -0.1351
vn -0.8970 -0.0012 -0.4419
vn -0.7107 -0.0012 -0.7034
vn -0.7107 -0.0013 -0.7034
vn 0.9827 0.0006 -0.1855
vn -0.9673 -0.0010 -0.2537
vn -0.9673 -0.0010 -0.2535
vn -0.5890 -0.0013 -0.8082
vn 0.5467 -0.0004 -0.8374
vn 0.8733 0.0003 -0.4873
vn 0.9743 0.0006 -0.2252
vn 0.9744 0.0006 -0.2249
vn -0.8970 -0.0011 -0.4420
vn -0.5892 -0.0012 -0.8080
vn 0.9644 0.0005 -0.2644
vn 0.9645 0.0006 -0.2641
vn 0.9991 0.0008 -0.0434
vn 0.9948 0.0007 -0.1014
vn 0.9804 0.0006 -0.1972
vn 0.9720 0.0006 -0.2351
vn 0.9804 0.0006 -0.1973
vn 0.9948 0.0007 -0.1015
vn 0.9508 0.0005 -0.3097
vn 0.9381 0.0005 -0.3464
vn 0.9720 0.0006 -0.2352
vn 0.9084 0.0003 -0.4180
vn 0.9381 0.0004 -0.3464
vn 0.8915 0.0003 -0.4529
vn 0.8538 0.0002 -0.5206
vn 0.8329 0.0002 -0.5534
vn 0.8538 0.0002 -0.5207
vn 0.9085 0.0004 -0.4180
vn 0.7875 0.0001 -0.6163
vn 0.7631 -0.0000 -0.6463
vn 0.7107 -0.0001 -0.7035
vn 0.6829 -0.0001 -0.7305
vn 0.7876 0.0001 -0.6162
vn 0.6242 -0.0002 -0.7813
vn 0.6828 -0.0001 -0.7306
vn 0.5934 -0.0003 -0.8049
vn 0.5293 -0.0004 -0.8484
vn 0.4959 -0.0004 -0.8684
vn 0.6242 -0.0002 -0.7812
vn 0.4272 -0.0005 -0.9042
vn 0.4960 -0.0004 -0.8683
vn 0.3918 -0.0005 -0.9201
vn 0.3193 -0.0007 -0.9476
vn 0.3918 -0.0006 -0.9200
vn 0.2823 -0.0007 -0.9593
vn 0.3193 -0.0006 -0.9476
vn 0.3918 -0.0005 -0.9200
vn 0.2072 -0.0007 -0.9783
vn 0.3194 -0.0006 -0.9476
vn 0.2824 -0.0006 -0.9593
vn 0.2072 -0.0008 -0.9783
vn 0.1690 -0.0008 -0.9856
vn 0.0922 -0.0009 -0.9957
vn 0.1691 -0.0008 -0.9856
vn 0.0535 -0.0009 -0.9986
vn -0.0240 -0.0010 -0.9997
vn -0.0628 -0.0010 -0.9980
vn -0.1399 -0.0010 -0.9902
vn -0.1782 -0.0011 -0.9840
vn -0.2539 -0.0011 -0.9672
vn -0.2912 -0.0011 -0.9567
vn -0.3645 -0.0012 -0.9312
vn -0.2912 -0.0012 -0.9566
vn -0.4004 -0.0012 -0.9164
vn -0.4701 -0.0012 -0.8826
vn -0.4003 -0.0012 -0.9164
vn -0.5040 -0.0012 -0.8637
vn -0.5694 -0.0013 -0.8220
vn -0.6009 -0.0013 -0.7993
vn -0.5694 -0.0013 -0.8221
vn -0.6610 -0.0012 -0.7504
vn -0.6009 -0.0012 -0.7993
vn -0.6896 -0.0012 -0.7242
vn -0.6610 -0.0013 -0.7504
vn -0.7437 -0.0012 -0.6686
vn -0.6896 -0.0012 -0.7241
vn -0.7690 -0.0012 -0.6392
vn -0.7436 -0.0012 -0.6686
vn -0.6896 -0.0013 -0.7242
vn -0.8273 -0.0012 -0.5618
vn -0.8869 -0.0012 -0.4619
vn -0.8273 -0.0012 -0.5617
vn -0.9275 -0.0011 -0.3739
vn -0.9413 -0.0011 -0.3377
vn -0.8869 -0.0012 -0.4620
vn -0.9695 -0.0010 -0.2449
vn -0.9914 -0.0009 -0.1307
vn -0.9695 -0.0011 -0.2450
vn -0.9914 -0.0010 -0.1308
vn -0.9695 -0.0010 -0.2450
vn -0.9914 -0.0009 -0.1308
vn -0.9973 -0.0009 -0.0729
vn 0.0007 -1.0000 0.0007
vn 0.0007 -1.0000 0.0011
vn 0.0007 -1.0000 0.0013
vn 0.0008 -1.0000 0.0006
vn 0.0002 -1.0000 0.0009
vn 0.0014 -1.0000 0.0009
vn 0.0007 -1.0000 0.0005
vn 0.0009 -1.0000 0.0005
vn 0.0008 -1.0000 0.0013
vn 0.0007 -1.0000 0.0008
vn 0.0010 -1.0000 0.0008
vn -0.0001 -1.0000 0.0010
vn -0.0000 -1.0000 0.0008
vn 0.0006 -1.0000 0.0011
vn 0.0013 -1.0000 0.0011
vn 0.0011 -1.0000 0.0008
vn 0.0011 -1.0000 0.0006
vn 0.0006 -1.0000 0.0010
vn 0.0014 -1.0000 0.0010
vn 0.0004 -1.0000 0.0008
vn 0.0009 -1.0000 0.0006
vn 0.0007 -1.0000 0.0006
vn 0.0017 -1.0000 0.0008
vn 0.0005 -1.0000 0.0008
vn 0.0010 -1.0000 0.0011
vn 0.0015 -1.0000 0.0010
vn 0.0010 -1.0000 0.0001
vn 0.0018 -1.0000 0.0010
vn 0.0010 -1.0000 0.0014
vn 0.0010 -1.0000 0.0007
vn 0.0013 -1.0000 0.0007
vn 0.0015 -1.0000 0.0009
vn -0.0001 -1.0000 0.0009
vn 0.0012 -1.0000 0.0007
vn -0.9991 -0.0008 0.0434
vn -0.9966 -0.0007 0.0821
vn -0.9927 -0.0007 0.1207
vn -0.9804 -0.0006 0.1973
vn -0.9720 -0.0006 0.2351
vn -0.9804 -0.0006 0.1972
vn -0.9446 -0.0005 0.3281
vn -0.9720 -0.0006 0.2352
vn -0.9002 -0.0003 0.4356
vn -0.8538 -0.0002 0.5206
vn -0.9002 -0.0003 0.4355
vn -0.8329 -0.0002 0.5534
vn -0.8538 -0.0002 0.5207
vn -0.7875 -0.0001 0.6163
vn -0.9002 -0.0004 0.4355
vn -0.7631 -0.0000 0.6463
vn -0.7876 -0.0001 0.6162
vn -0.6969 0.0001 0.7171
vn -0.7630 -0.0000 0.6464
vn -0.6969 0.0001 0.7172
vn -0.6242 0.0002 0.7812
vn -0.5934 0.0003 0.8049
vn -0.6242 0.0002 0.7813
vn -0.5293 0.0004 0.8484
vn -0.4959 0.0004 0.8684
vn -0.5293 0.0003 0.8484
vn -0.4096 0.0005 0.9123
vn -0.3194 0.0006 0.9476
vn -0.4960 0.0004 0.8683
vn -0.2823 0.0007 0.9593
vn -0.2824 0.0007 0.9593
vn -0.3193 0.0006 0.9476
vn -0.1881 0.0008 0.9821
vn -0.1882 0.0008 0.9821
vn -0.0922 0.0009 0.9957
vn -0.0535 0.0009 0.9986
vn 0.0240 0.0010 0.9997
vn 0.0628 0.0010 0.9980
vn 0.1399 0.0010 0.9902
vn 0.1782 0.0011 0.9840
vn 0.1399 0.0011 0.9902
vn 0.2539 0.0011 0.9672
vn 0.1783 0.0010 0.9840
vn 0.2913 0.0011 0.9566
vn 0.3645 0.0012 0.9312
vn 0.2912 0.0012 0.9566
vn 0.4003 0.0012 0.9164
vn 0.2912 0.0011 0.9566
vn 0.4701 0.0012 0.8826
vn 0.4004 0.0012 0.9164
vn 0.5040 0.0012 0.8637
vn 0.5694 0.0012 0.8220
vn 0.5041 0.0012 0.8637
vn 0.6009 0.0013 0.7993
vn 0.5694 0.0013 0.8221
vn 0.6610 0.0012 0.7504
vn 0.6009 0.0012 0.7993
vn 0.6896 0.0012 0.7242
vn 0.6610 0.0013 0.7504
vn 0.7436 0.0013 0.6686
vn 0.7690 0.0012 0.6392
vn 0.7436 0.0012 0.6686
vn 0.6896 0.0013 0.7242
vn 0.8162 0.0012 0.5778
vn 0.8380 0.0012 0.5456
vn 0.8162 0.0012 0.5777
vn 0.7437 0.0012 0.6686
vn 0.8778 0.0012 0.4790
vn 0.8381 0.0012 0.5456
vn 0.8957 0.0012 0.4446
vn 0.9275 0.0011 0.3739
vn 0.8957 0.0011 0.4447
vn 0.9413 0.0011 0.3376
vn 0.9274 0.0011 0.3740
vn 0.8778 0.0012 0.4791
vn 0.8957 0.0012 0.4447
vn 0.9646 0.0010 0.2638
vn 0.9413 0.0011 0.3377
vn 0.9741 0.0010 0.2261
vn 0.9646 0.0010 0.2637
vn 0.9914 0.0009 0.1308
vn 0.9973 0.0009 0.0729
vn 0.9914 0.0009 0.1307
vn -0.0014 1.0000 -0.0010
vn -0.0009 1.0000 -0.0011
vn -0.0008 1.0000 -0.0008
vn -0.0008 1.0000 -0.0011
vn -0.0009 1.0000 -0.0008
vn -0.0005 1.0000 -0.0011
vn -0.0005 1.0000 -0.0008
vn -0.0007 1.0000 -0.0008
vn -0.0007 1.0000 -0.0007
vn -0.0007 1.0000 -0.0013
vn -0.0010 1.0000 -0.0011
vn -0.0011 1.0000 -0.0011
vn -0.0007 1.0000 -0.0012
vn -0.0007 1.0000 -0.0003
vn -0.0009 1.0000 -0.0013
vn -0.0005 1.0000 -0.0010
vn -0.0010 1.0000 -0.0007
vn -0.0004 1.0000 -0.0011
vn -0.0006 1.0000 -0.0008
vn -0.0008 1.0000 -0.0012
vn -0.0006 1.0000 -0.0007
vn -0.0008 1.0000 -0.0003
vn -0.0008 1.0000 -0.0004
vn -0.0003 1.0000 -0.0011
vn -0.0011 1.0000 -0.0008
vn -0.0008 1.0000 -0.0005
vn 0.0001 1.0000 -0.0009
vn -0.0015 1.0000 -0.0010
vn -0.0009 1.0000 -0.0012
vn -0.0006 1.0000 -0.0012
vn -0.0013 1.0000 -0.0007
vn -0.0017 1.0000 -0.0010
vn -0.0014 1.0000 -0.0009
vn -0.0012 1.0000 -0.0008
vn -0.0010 1.0000 -0.0013
vn -0.0004 1.0000 -0.0008
vn -0.0002 1.0000 -0.0010
vn -0.0001 1.0000 -0.0008
vn -0.0014 1.0000 -0.0007
vn -0.0013 1.0000 -0.0008
vn -0.0011 1.0000 -0.0007
vn 0.9768 0.0010 0.2141
vn 0.8970 0.0012 0.4420
vn 0.9563 0.0011 0.2925
vn 0.9768 0.0010 0.2142
vn 0.7653 0.0012 0.6436
vn 0.8971 0.0012 0.4418
vn 0.7107 0.0012 0.7035
vn 0.7652 0.0012 0.6437
vn 0.8584 0.0012 0.5129
vn 0.5217 0.0012 0.8531
vn 0.5218 0.0012 0.8530
vn 0.5891 0.0013 0.8081
vn 0.3025 0.0011 0.9532
vn -0.3684 0.0006 0.9297
vn -0.0950 0.0008 0.9955
vn -0.5802 0.0003 0.8144
vn -0.3685 0.0006 0.9296
vn -0.5801 0.0003 0.8146
vn -0.7312 -0.0000 0.6822
vn -0.3683 0.0006 0.9297
vn -0.7840 -0.0001 0.6208
vn -0.8732 -0.0003 0.4873
vn -0.7312 -0.0000 0.6821
vn -0.7313 -0.0000 0.6821
vn -0.5802 0.0003 0.8145
vn -0.9097 -0.0004 0.4153
vn -0.9743 -0.0006 0.2251
vn -0.8732 -0.0003 0.4874
vn -0.9098 -0.0004 0.4151
vn -0.9744 -0.0006 0.2249
vn -0.9944 -0.0007 0.1059
vn -0.9744 -0.0006 0.2250
vn 0.9673 0.0010 0.2535
vn 0.9673 0.0010 0.2538
vn 0.8971 0.0011 0.4417
vn -0.8923 -0.0003 0.4515
vn -0.8921 -0.0003 0.4518
vn -0.8922 -0.0003 0.4517
vn -0.7839 -0.0001 0.6209
vn 0.9908 0.0009 0.1352
vn 0.9673 0.0010 0.2537
vn 0.8971 0.0012 0.4417
vn 0.7386 0.0012 0.6742
vn 0.7387 0.0012 0.6741
vn 0.5559 0.0012 0.8313
vn 0.7387 0.0013 0.6741
vn 0.8585 0.0012 0.5129
vn 0.5559 0.0012 0.8312
vn 0.5558 0.0013 0.8313
vn 0.3786 0.0012 0.9256
vn 0.1461 0.0010 0.9893
vn 0.3025 0.0011 0.9531
vn -0.3304 0.0006 0.9438
vn -0.1751 0.0008 0.9846
vn -0.5801 0.0003 0.8145
vn -0.7582 -0.0000 0.6520
vn -0.5802 0.0002 0.8144
vn -0.3306 0.0006 0.9438
vn -0.8922 -0.0003 0.4516
vn -0.8923 -0.0003 0.4514
vn -0.9744 -0.0006 0.2247
vn -0.9944 -0.0007 0.1058
vn 0.9909 0.0009 0.1348
vn 0.9768 0.0010 0.2143
vn 0.8971 0.0012 0.4419
vn 0.0655 0.0010 0.9978
vn 0.3024 0.0012 0.9532
vn -0.1752 0.0008 0.9845
vn -0.3683 0.0005 0.9297
vn -0.3684 0.0005 0.9297
vn -0.7583 -0.0000 0.6520
vn -0.7582 -0.0000 0.6521
vn -0.9645 -0.0006 0.2641
vn -0.9827 -0.0006 0.1853
vn -0.8922 -0.0003 0.4515
vn -0.9645 -0.0006 0.2642
vn -0.9826 -0.0006 0.1855
vn -0.9644 -0.0006 0.2643
vn 0.9907 0.0010 0.1359
vn 0.9671 0.0010 0.2544
vn 0.9672 0.0010 0.2540
vn 0.9672 0.0009 0.2540
vn 0.9908 0.0009 0.1356
vn 0.8968 0.0011 0.4425
vn 0.8581 0.0012 0.5135
vn 0.8973 0.0012 0.4414
vn 0.9674 0.0010 0.2532
vn 0.9674 0.0011 0.2532
vn 0.7656 0.0012 0.6433
vn 0.7111 0.0012 0.7031
vn 0.7657 0.0013 0.6432
vn 0.8974 0.0011 0.4413
vn 0.5896 0.0012 0.8077
vn 0.5224 0.0012 0.8527
vn 0.7113 0.0012 0.7029
vn 0.5882 0.0013 0.8087
vn 0.7101 0.0013 0.7041
vn 0.7647 0.0013 0.6444
vn 0.3027 0.0012 0.9531
vn 0.3782 0.0012 0.9257
vn 0.5215 0.0012 0.8533
vn 0.0655 0.0010 0.9979
vn 0.1459 0.0011 0.9893
vn 0.3023 0.0012 0.9532
vn -0.6127 0.0003 0.7903
vn -0.5468 0.0003 0.8373
vn -0.7314 -0.0000 0.6820
vn -0.7841 -0.0001 0.6206
vn -0.6128 0.0002 0.7902
vn -0.6125 0.0003 0.7905
vn -0.5466 0.0004 0.8374
vn -0.8730 -0.0003 0.4878
vn -0.9095 -0.0004 0.4156
vn -0.7837 -0.0001 0.6212
vn -0.9647 -0.0006 0.2634
vn -0.9828 -0.0006 0.1846
vn -0.9101 -0.0004 0.4144
vn -0.9645 -0.0005 0.2639
vn -0.9099 -0.0004 0.4149
vn -0.9944 -0.0007 0.1061
vn -0.9826 -0.0005 0.1855
vn -0.9644 -0.0005 0.2643
vn 0.9908 0.0009 0.1353
vn 0.9672 0.0011 0.2539
vn 0.8968 0.0012 0.4425
vn 0.9671 0.0011 0.2543
vn 0.8973 0.0011 0.4414
vn 0.7650 0.0013 0.6440
vn 0.7105 0.0013 0.7037
vn 0.8582 0.0013 0.5132
vn 0.7659 0.0012 0.6430
vn 0.8589 0.0012 0.5121
vn 0.8975 0.0012 0.4411
vn 0.7109 0.0012 0.7033
vn 0.5894 0.0012 0.8079
vn 0.7656 0.0012 0.6434
vn 0.3789 0.0012 0.9254
vn 0.3028 0.0011 0.9530
vn 0.5221 0.0012 0.8529
vn 0.3780 0.0012 0.9258
vn 0.5213 0.0013 0.8534
vn 0.5885 0.0012 0.8085
vn -0.3303 0.0006 0.9439
vn -0.4055 0.0005 0.9141
vn -0.1750 0.0008 0.9846
vn -0.5465 0.0003 0.8375
vn -0.6124 0.0002 0.7906
vn -0.4054 0.0005 0.9141
vn -0.5469 0.0004 0.8372
vn -0.4059 0.0006 0.9139
vn -0.3307 0.0006 0.9437
vn -0.7583 -0.0000 0.6519
vn -0.7578 -0.0000 0.6525
vn -0.8919 -0.0003 0.4521
vn -0.7585 -0.0000 0.6517
vn -0.5471 0.0003 0.8371
vn -0.8926 -0.0003 0.4508
vn -0.7588 -0.0000 0.6513
vn -0.9647 -0.0005 0.2634
vn -0.8926 -0.0003 0.4509
vn -0.9643 -0.0006 0.2649
vn -0.8919 -0.0004 0.4522
vn -0.8919 -0.0003 0.4522
vn -0.9943 -0.0008 0.1068
vn -0.9825 -0.0007 0.1862
vn -0.9944 -0.0007 0.1057
vn -0.9827 -0.0005 0.1852
vn -0.9645 -0.0005 0.2640
vn 0.9907 0.0009 0.1360
vn 0.9672 0.0011 0.2540
vn 0.9908 0.0010 0.1356
vn 0.9671 0.0011 0.2544
vn 0.7657 0.0012 0.6432
vn 0.8588 0.0012 0.5124
vn 0.8973 0.0011 0.4413
vn 0.5896 0.0013 0.8077
vn 0.7113 0.0013 0.7029
vn 0.0655 0.0009 0.9978
vn -0.1752 0.0007 0.9845
vn -0.6125 0.0002 0.7905
vn -0.7836 -0.0001 0.6212
vn -0.9746 -0.0006 0.2241
vn -0.9746 -0.0006 0.2242
vn -0.9743 -0.0006 0.2253
vn -0.9826 -0.0006 0.1858
vn -0.9943 -0.0007 0.1064
vn -0.9827 -0.0006 0.1851
vn -0.9645 -0.0006 0.2640
vn -0.9096 -0.0003 0.4155
vn -0.8730 -0.0003 0.4876
vn -0.9644 -0.0005 0.2645
vn -0.7842 -0.0001 0.6206
vn -0.7314 -0.0000 0.6819
vn -0.8734 -0.0003 0.4870
vn -0.7841 -0.0000 0.6206
vn -0.8733 -0.0002 0.4871
vn -0.7312 0.0001 0.6821
vn -0.5466 0.0003 0.8374
vn 0.7109 0.0013 0.7033
vn 0.7654 0.0012 0.6435
vn 0.5892 0.0013 0.8080
vn 0.5891 0.0012 0.8080
vn 0.5219 0.0012 0.8530
vn 0.7652 0.0013 0.6438
vn 0.7107 0.0013 0.7035
vn 0.9674 0.0011 0.2534
vn 0.9672 0.0010 0.2539
vn 0.8970 0.0012 0.4421
vn 0.8970 0.0011 0.4420
vn 0.9908 0.0010 0.1353
vn 0.9673 0.0011 0.2535
vn -0.9743 -0.0006 0.2252
vn -0.9943 -0.0007 0.1063
vn -0.9744 -0.0006 0.2246
vn -0.9099 -0.0004 0.4148
vn -0.8731 -0.0003 0.4875
vn -0.7839 -0.0000 0.6209
vn -0.7313 -0.0000 0.6820
vn -0.7840 -0.0001 0.6207
vn -0.1352 0.0008 0.9908
vn -0.1351 0.0008 0.9908
vn 0.3407 0.0012 0.9402
vn 0.3408 0.0012 0.9401
vn 0.1461 0.0011 0.9893
vn 0.7386 0.0012 0.6741
vn 0.3409 0.0012 0.9401
vn 0.8786 0.0012 0.4775
vn 0.9563 0.0011 0.2922
vn 0.8784 0.0012 0.4780
vn 0.7385 0.0012 0.6743
vn 0.8785 0.0012 0.4777
vn 0.9767 0.0010 0.2147
vn 0.9561 0.0011 0.2929
vn 0.8786 0.0012 0.4776
vn -0.9827 -0.0006 0.1855
vn -0.9097 -0.0004 0.4152
vn -0.9826 -0.0006 0.1857
vn -0.8733 -0.0003 0.4871
vn -0.9098 -0.0004 0.4149
vn -0.7313 0.0001 0.6821
vn -0.3304 0.0006 0.9439
vn -0.5468 0.0003 0.8372
vn 0.5891 0.0012 0.8081
vn 0.8583 0.0012 0.5131
vn 0.7106 0.0012 0.7036
vn 0.9673 0.0010 0.2536
vn 0.8971 0.0011 0.4418
vn 0.8971 0.0011 0.4419
vn 0.9768 0.0010 0.2144
vn 0.9563 0.0011 0.2923
vn 0.9909 0.0009 0.1349
vn 0.8784 0.0012 0.4779
vn 0.8787 0.0012 0.4774
vn 0.7389 0.0012 0.6738
vn 0.8785 0.0012 0.4778
vn 0.7387 0.0012 0.6740
vn 0.3406 0.0012 0.9402
vn 0.1059 0.0010 0.9944
vn 0.3410 0.0012 0.9401
vn 0.5220 0.0012 0.8530
vn 0.1058 0.0010 0.9944
vn -0.3305 0.0007 0.9438
vn -0.0951 0.0009 0.9955
vn -0.7581 -0.0000 0.6521
vn -0.5800 0.0003 0.8146
vn -0.4055 0.0006 0.9141
vn -0.7584 -0.0000 0.6518
vn -0.5804 0.0003 0.8143
vn -0.8734 -0.0002 0.4871
vn -0.8731 -0.0003 0.4876
vn -0.7580 -0.0000 0.6522
vn -0.9645 -0.0005 0.2642
vn -0.9944 -0.0007 0.1054
vn -0.9828 -0.0007 0.1848
vn 0.7022 0.7077 0.0783
vn 0.7052 0.7072 0.0509
vn 0.7021 0.7077 0.0783
vn 0.7053 0.7071 0.0509
vn 0.6985 0.7077 0.1056
vn 0.6883 0.7077 0.1594
vn 0.6986 0.7077 0.1055
vn 0.6815 0.7078 0.1860
vn 0.6882 0.7078 0.1593
vn 0.7021 0.7078 0.0783
vn 0.6985 0.7078 0.1055
vn 0.6650 0.7079 0.2382
vn 0.6815 0.7078 0.1859
vn 0.6552 0.7079 0.2639
vn 0.6650 0.7078 0.2382
vn 0.6329 0.7078 0.3139
vn 0.6553 0.7078 0.2639
vn 0.6202 0.7078 0.3382
vn 0.6327 0.7079 0.3139
vn 0.6649 0.7079 0.2383
vn 0.5920 0.7078 0.3853
vn 0.5766 0.7079 0.4080
vn 0.5919 0.7080 0.3853
vn 0.6200 0.7079 0.3383
vn 0.5432 0.7079 0.4514
vn 0.5766 0.7079 0.4079
vn 0.5252 0.7079 0.4722
vn 0.5432 0.7079 0.4515
vn 0.5920 0.7079 0.3853
vn 0.4871 0.7079 0.5115
vn 0.5253 0.7079 0.4722
vn 0.4668 0.7079 0.5300
vn 0.4869 0.7080 0.5116
vn 0.5431 0.7080 0.4515
vn 0.5251 0.7080 0.4723
vn 0.4242 0.7080 0.5647
vn 0.4667 0.7080 0.5301
vn 0.4019 0.7080 0.5807
vn 0.4243 0.7079 0.5647
vn 0.4870 0.7079 0.5115
vn 0.4668 0.7079 0.5301
vn 0.3558 0.7079 0.6102
vn 0.4020 0.7079 0.5807
vn 0.3318 0.7079 0.6235
vn 0.3557 0.7079 0.6102
vn 0.4242 0.7079 0.5647
vn 0.4020 0.7079 0.5808
vn 0.2824 0.7079 0.6474
vn 0.3317 0.7079 0.6236
vn 0.2570 0.7079 0.6579
vn 0.2052 0.7078 0.6759
vn 0.2053 0.7079 0.6759
vn 0.2571 0.7079 0.6579
vn 0.1789 0.7078 0.6834
vn 0.1253 0.7078 0.6952
vn 0.2052 0.7079 0.6758
vn 0.1788 0.7079 0.6833
vn 0.1254 0.7078 0.6952
vn 0.0983 0.7078 0.6996
vn 0.0437 0.7077 0.7051
vn 0.0982 0.7078 0.6996
vn 0.0437 0.7077 0.7052
vn 0.0982 0.7077 0.6996
vn 0.0163 0.7077 0.7064
vn -0.0386 0.7076 0.7055
vn 0.0162 0.7077 0.7063
vn -0.0385 0.7077 0.7055
vn 0.0163 0.7077 0.7063
vn -0.0659 0.7077 0.7035
vn -0.1203 0.7076 0.6963
vn -0.1472 0.7076 0.6911
vn -0.0386 0.7077 0.7055
vn -0.0660 0.7077 0.7035
vn -0.2004 0.7075 0.6777
vn -0.1472 0.7076 0.6912
vn -0.2265 0.7075 0.6695
vn -0.2003 0.7076 0.6776
vn -0.1203 0.7077 0.6962
vn -0.2778 0.7074 0.6499
vn -0.2266 0.7075 0.6694
vn -0.3029 0.7074 0.6386
vn -0.2266 0.7075 0.6695
vn -0.3514 0.7074 0.6133
vn -0.3028 0.7074 0.6387
vn -0.3750 0.7073 0.5992
vn -0.3515 0.7073 0.6133
vn -0.4203 0.7072 0.5685
vn -0.3749 0.7073 0.5993
vn -0.4421 0.7072 0.5517
vn -0.4204 0.7072 0.5685
vn -0.3515 0.7073 0.6134
vn -0.3750 0.7073 0.5993
vn -0.4836 0.7071 0.5159
vn -0.4421 0.7072 0.5518
vn -0.5033 0.7071 0.4968
vn -0.4836 0.7072 0.5158
vn -0.4203 0.7073 0.5684
vn -0.4421 0.7073 0.5517
vn -0.5403 0.7070 0.4563
vn -0.5033 0.7071 0.4967
vn -0.5576 0.7070 0.4350
vn -0.5402 0.7071 0.4563
vn -0.4835 0.7072 0.5158
vn -0.5032 0.7071 0.4967
vn -0.5896 0.7070 0.3906
vn -0.5575 0.7070 0.4351
vn -0.6044 0.7069 0.3674
vn -0.5898 0.7069 0.3905
vn -0.5577 0.7070 0.4350
vn -0.6311 0.7068 0.3196
vn -0.6044 0.7069 0.3675
vn -0.6430 0.7068 0.2949
vn -0.6311 0.7068 0.3195
vn -0.5897 0.7069 0.3905
vn -0.6640 0.7067 0.2441
vn -0.6431 0.7068 0.2948
vn -0.6730 0.7067 0.2182
vn -0.6640 0.7067 0.2442
vn -0.6879 0.7066 0.1655
vn -0.6939 0.7066 0.1387
vn -0.6879 0.7067 0.1655
vn -0.7026 0.7065 0.0846
vn -0.7054 0.7065 0.0573
vn -0.6880 0.7066 0.1655
vn -0.7076 0.7059 0.0301
vn -0.7054 0.7065 0.0572
vn -0.7026 0.7066 0.0846
vn 0.9769 0.0010 0.2139
vn 0.9767 0.0010 0.2148
vn 0.9561 0.0010 0.2930
vn 0.9907 0.0009 0.1357
vn 0.8969 0.0012 0.4422
vn 0.9562 0.0011 0.2929
vn 0.9564 0.0010 0.2920
vn 0.7112 0.0013 0.7030
vn 0.7651 0.0011 0.6439
vn 0.8583 0.0011 0.5131
vn 0.5889 0.0012 0.8082
vn 0.5216 0.0013 0.8532
vn 0.7105 0.0013 0.7036
vn 0.3783 0.0012 0.9257
vn 0.3025 0.0012 0.9531
vn -0.1354 0.0008 0.9908
vn -0.4059 0.0005 0.9139
vn -0.5803 0.0003 0.8144
vn -0.4054 0.0006 0.9141
vn -0.3302 0.0006 0.9439
vn -0.1349 0.0008 0.9909
vn -0.7838 -0.0001 0.6210
vn -0.5800 0.0002 0.8146
vn -0.8924 -0.0003 0.4513
vn -0.7842 -0.0001 0.6205
vn -0.9828 -0.0006 0.1848
vn -0.9826 -0.0006 0.1860
vn -0.9643 -0.0005 0.2648
vn -0.9943 -0.0008 0.1066
vn 0.9671 0.0010 0.2542
vn 0.9907 0.0009 0.1359
vn 0.9675 0.0011 0.2528
vn 0.9675 0.0010 0.2528
vn 0.9909 0.0010 0.1343
vn 0.9671 0.0010 0.2543
vn 0.8782 0.0012 0.4783
vn 0.8790 0.0012 0.4768
vn 0.9676 0.0010 0.2526
vn 0.7650 0.0012 0.6440
vn 0.7105 0.0012 0.7037
vn 0.8783 0.0012 0.4781
vn 0.8784 0.0011 0.4780
vn 0.5893 0.0013 0.8079
vn 0.7111 0.0013 0.7031
vn 0.5893 0.0012 0.8079
vn 0.7110 0.0012 0.7031
vn 0.3028 0.0011 0.9531
vn 0.5221 0.0013 0.8529
vn 0.3780 0.0011 0.9258
vn 0.5213 0.0012 0.8533
vn 0.5886 0.0012 0.8084
vn 0.1459 0.0010 0.9893
vn 0.3023 0.0011 0.9532
vn -0.5805 0.0003 0.8143
vn -0.7579 -0.0000 0.6524
vn -0.9095 -0.0003 0.4158
vn -0.9746 -0.0006 0.2240
vn -0.9102 -0.0003 0.4142
vn -0.8737 -0.0003 0.4865
vn -0.9944 -0.0007 0.1056
vn 0.9766 0.0010 0.2149
vn 0.9909 0.0010 0.1349
vn 0.8784 0.0011 0.4779
vn 0.8784 0.0012 0.4778
vn 0.9767 0.0010 0.2144
vn 0.7390 0.0012 0.6737
vn 0.8788 0.0012 0.4773
vn 0.5214 0.0012 0.8533
vn 0.7383 0.0012 0.6745
vn 0.7384 0.0013 0.6743
vn 0.5219 0.0013 0.8530
vn 0.1057 0.0010 0.9944
vn 0.1061 0.0010 0.9944
vn -0.1753 0.0008 0.9845
vn -0.5798 0.0003 0.8147
vn -0.4053 0.0005 0.9142
vn -0.3301 0.0006 0.9439
vn -0.8920 -0.0003 0.4521
vn -0.7309 -0.0000 0.6825
vn -0.7841 -0.0001 0.6207
vn -0.9743 -0.0006 0.2254
vn -0.9745 -0.0006 0.2246
vn -0.9943 -0.0007 0.1066
vn -0.8735 -0.0002 0.4868
vn -0.8733 -0.0002 0.4873
vn -0.9098 -0.0003 0.4151
vn -0.7313 0.0001 0.6820
vn -0.8733 -0.0003 0.4873
vn -0.7311 -0.0000 0.6822
vn -0.5464 0.0003 0.8375
vn 0.3022 0.0012 0.9533
vn 0.1457 0.0010 0.9893
vn 0.5889 0.0013 0.8082
vn 0.7649 0.0013 0.6441
vn 0.7104 0.0013 0.7038
vn 0.7657 0.0011 0.6432
vn 0.7112 0.0012 0.7029
vn 0.9564 0.0011 0.2921
vn 0.9908 0.0010 0.1355
vn 0.9766 0.0010 0.2150
vn 0.9561 0.0010 0.2932
vn -0.6886 0.7140 0.1265
vn -0.6650 0.7310 0.1527
vn -0.6464 0.7139 0.2692
vn -0.6649 0.7311 0.1530
vn -0.6307 0.7076 0.3187
vn -0.6467 0.7139 0.2684
vn -0.6312 0.7074 0.3181
vn -0.5380 0.7183 0.4411
vn -0.7109 0.6896 0.1383
vn -0.6885 0.7141 0.1265
vn -0.7150 0.6795 0.1644
vn -0.7109 0.6895 0.1382
vn -0.6323 0.7060 0.3190
vn -0.7151 0.6795 0.1642
vn -0.5627 0.6904 0.4547
vn -0.6321 0.7062 0.3190
vn -0.4324 0.7128 0.5522
vn -0.5378 0.7181 0.4417
vn -0.4091 0.7100 0.5732
vn -0.4092 0.7102 0.5729
vn -0.2800 0.7190 0.6361
vn -0.4323 0.7131 0.5520
vn -0.4123 0.7045 0.5776
vn -0.5625 0.6906 0.4547
vn -0.2999 0.6907 0.6581
vn -0.4125 0.7044 0.5776
vn -0.4325 0.7131 0.5518
vn -0.5378 0.7183 0.4414
vn -0.4325 0.7128 0.5521
vn -0.5627 0.6903 0.4548
vn -0.6466 0.7138 0.2690
vn -0.1414 0.7134 0.6863
vn -0.2798 0.7191 0.6361
vn -0.0952 0.7142 0.6934
vn -0.1416 0.7130 0.6867
vn -0.0953 0.7137 0.6939
vn 0.0380 0.7194 0.6935
vn -0.0969 0.7012 0.7064
vn -0.2995 0.6910 0.6579
vn -0.1418 0.7137 0.6860
vn 0.0263 0.6919 0.7215
vn -0.0972 0.7016 0.7059
vn -0.1416 0.7132 0.6865
vn -0.2800 0.7189 0.6362
vn -0.2997 0.6910 0.6578
vn -0.4325 0.7130 0.5518
vn 0.1483 0.7121 0.6862
vn 0.0381 0.7196 0.6934
vn 0.2599 0.7192 0.6444
vn 0.2790 0.6916 0.6663
vn 0.0266 0.6916 0.7218
vn 0.1481 0.7124 0.6859
vn -0.1416 0.7134 0.6863
vn 0.0379 0.7199 0.6931
vn 0.1482 0.7120 0.6863
vn 0.0264 0.6912 0.7222
vn 0.2599 0.7196 0.6440
vn 0.3909 0.7110 0.5845
vn 0.4147 0.7135 0.5647
vn 0.3907 0.7107 0.5850
vn 0.5232 0.7190 0.4574
vn 0.3940 0.7049 0.5897
vn 0.2789 0.6913 0.6666
vn 0.4147 0.7140 0.5641
vn 0.5477 0.6917 0.4707
vn 0.3940 0.7054 0.5892
vn 0.1484 0.7123 0.6860
vn 0.2599 0.7194 0.6441
vn 0.2789 0.6915 0.6664
vn 0.5233 0.7192 0.4571
vn 0.6199 0.7087 0.3368
vn 0.6198 0.7088 0.3368
vn 0.6589 0.7323 0.1722
vn 0.6373 0.7149 0.2877
vn 0.6592 0.7320 0.1722
vn 0.6835 0.7150 0.1466
vn 0.6213 0.7071 0.3376
vn 0.5479 0.6912 0.4712
vn 0.6372 0.7152 0.2873
vn 0.7087 0.6808 0.1849
vn 0.6213 0.7074 0.3370
vn 0.6373 0.7148 0.2880
vn 0.7055 0.6906 0.1594
vn 0.7088 0.6805 0.1856
vn 0.6833 0.7152 0.1469
vn 0.7054 0.6907 0.1593
vn 0.5478 0.6914 0.4711
vn 0.6373 0.7149 0.2878
vn 0.5235 0.7190 0.4571
vn -0.9646 -0.0006 0.2636
vn -0.9100 -0.0003 0.4146
vn -0.9827 -0.0006 0.1852
vn -0.8729 -0.0002 0.4879
vn -0.9095 -0.0003 0.4157
vn -0.6125 0.0003 0.7904
vn -0.3307 0.0006 0.9438
vn 0.5887 0.0012 0.8083
vn 0.3404 0.0012 0.9403
vn 0.3411 0.0011 0.9400
vn 0.7102 0.0012 0.7040
vn 0.7648 0.0013 0.6443
vn 0.5884 0.0012 0.8086
vn 0.5894 0.0013 0.8079
vn 0.8788 0.0012 0.4771
vn 0.7657 0.0013 0.6431
vn 0.9769 0.0010 0.2137
vn 0.9909 0.0010 0.1345
vn 0.9564 0.0011 0.2920
vn 0.9562 0.0011 0.2928
vn 0.9908 0.0009 0.1355
vn -0.6466 0.7140 0.2685
vn -0.6886 0.7141 0.1261
vn -0.6651 0.7311 0.1524
vn -0.6650 0.7310 0.1531
vn -0.6308 0.7075 0.3187
vn -0.6467 0.7139 0.2686
vn -0.6311 0.7074 0.3182
vn -0.5380 0.7183 0.4412
vn -0.7109 0.6896 0.1379
vn -0.6886 0.7141 0.1262
vn -0.6464 0.7140 0.2691
vn -0.7149 0.6796 0.1645
vn -0.7108 0.6897 0.1385
vn -0.6465 0.7139 0.2688
vn -0.7150 0.6795 0.1643
vn -0.6466 0.7138 0.2693
vn -0.5626 0.6902 0.4550
vn -0.6321 0.7060 0.3194
vn -0.4323 0.7128 0.5523
vn -0.5377 0.7181 0.4418
vn -0.4090 0.7100 0.5733
vn -0.4325 0.7132 0.5516
vn -0.4092 0.7104 0.5726
vn -0.2799 0.7192 0.6359
vn -0.4325 0.7134 0.5513
vn -0.4125 0.7049 0.5770
vn -0.5626 0.6909 0.4540
vn -0.4324 0.7126 0.5525
vn -0.2995 0.6906 0.6583
vn -0.4124 0.7041 0.5781
vn -0.4324 0.7130 0.5520
vn -0.5377 0.7183 0.4415
vn -0.5627 0.6904 0.4546
vn -0.0953 0.7140 0.6936
vn -0.1415 0.7133 0.6864
vn -0.0952 0.7141 0.6936
vn 0.0381 0.7198 0.6932
vn -0.0971 0.7013 0.7062
vn -0.2997 0.6911 0.6577
vn -0.1417 0.7130 0.6867
vn 0.0263 0.6912 0.7222
vn -0.0972 0.7009 0.7066
vn -0.2800 0.7190 0.6362
vn -0.2997 0.6909 0.6579
vn 0.1483 0.7124 0.6860
vn 0.0381 0.7198 0.6931
vn 0.2599 0.7195 0.6441
vn 0.2789 0.6914 0.6665
vn 0.0264 0.6914 0.7220
vn 0.0380 0.7196 0.6933
vn 0.1483 0.7123 0.6860
vn 0.0266 0.6915 0.7218
vn 0.4150 0.7135 0.5646
vn 0.2599 0.7192 0.6443
vn 0.5233 0.7193 0.4569
vn 0.4150 0.7135 0.5645
vn 0.3942 0.7050 0.5896
vn 0.2791 0.6913 0.6665
vn 0.4144 0.7137 0.5648
vn 0.5474 0.6914 0.4714
vn 0.3936 0.7051 0.5899
vn 0.2598 0.7195 0.6441
vn 0.1482 0.7123 0.6860
vn 0.5236 0.7190 0.4571
vn 0.6202 0.7085 0.3368
vn 0.6372 0.7149 0.2880
vn 0.6590 0.7321 0.1724
vn 0.6834 0.7151 0.1470
vn 0.6214 0.7071 0.3374
vn 0.5480 0.6913 0.4710
vn 0.6373 0.7151 0.2874
vn 0.7088 0.6807 0.1849
vn 0.6214 0.7073 0.3371
vn 0.6371 0.7148 0.2884
vn 0.7053 0.6906 0.1599
vn 0.7087 0.6806 0.1861
vn 0.6372 0.7150 0.2875
vn 0.6834 0.7152 0.1465
vn 0.7054 0.6908 0.1589
vn 0.5480 0.6914 0.4708
vn 0.4146 0.7138 0.5644
vn 0.5232 0.7193 0.4571
vn -0.9944 -0.0009 0.1054
vn -0.9646 -0.0005 0.2636
vn -0.9095 -0.0004 0.4157
vn -0.8731 -0.0002 0.4876
vn -0.9096 -0.0003 0.4154
vn -0.7311 0.0001 0.6822
vn 0.3026 0.0011 0.9531
vn 0.0656 0.0009 0.9978
vn 0.3026 0.0012 0.9531
vn 0.7652 0.0013 0.6437
vn 0.7107 0.0013 0.7034
vn 0.7649 0.0012 0.6442
vn 0.7103 0.0012 0.7039
vn 0.5885 0.0013 0.8085
vn 0.8972 0.0011 0.4416
vn 0.9674 0.0010 0.2534
vn 0.8974 0.0011 0.4412
vn 0.8588 0.0012 0.5123
vn 0.7657 0.0012 0.6431
vn 0.9909 0.0010 0.1346
vn 0.9675 0.0011 0.2530
vn 0.9672 0.0009 0.2539
vn -0.6465 0.7138 0.2692
vn -0.6308 0.7075 0.3188
vn -0.5379 0.7183 0.4412
vn -0.7107 0.6897 0.1385
vn -0.5377 0.7182 0.4418
vn -0.4089 0.7100 0.5733
vn -0.5627 0.6909 0.4540
vn -0.2800 0.7189 0.6363
vn -0.0953 0.7141 0.6936
vn 0.0380 0.7198 0.6932
vn -0.1415 0.7133 0.6865
vn 0.0381 0.7197 0.6932
vn 0.0265 0.6915 0.7219
vn 0.4148 0.7139 0.5641
vn 0.3908 0.7111 0.5845
vn 0.5233 0.7194 0.4568
vn 0.4144 0.7136 0.5648
vn 0.6589 0.7323 0.1723
vn 0.6591 0.7320 0.1725
vn 0.6835 0.7150 0.1470
vn 0.6214 0.7072 0.3374
vn 0.6373 0.7150 0.2874
vn 0.7053 0.6907 0.1599
vn 0.6372 0.7151 0.2875
vn 0.7054 0.6908 0.1588
vn -0.9827 -0.0007 0.1853
vn -0.9827 -0.0007 0.1854
vn -0.9643 -0.0005 0.2649
vn -0.9825 -0.0006 0.1861
vn -0.6128 0.0002 0.7903
vn 0.1457 0.0011 0.9893
vn 0.7385 0.0012 0.6742
vn 0.7391 0.0013 0.6736
vn 0.7382 0.0013 0.6745
vn 0.8783 0.0011 0.4781
vn 0.8783 0.0011 0.4780
vn 0.7384 0.0012 0.6743
vn 0.8789 0.0011 0.4770
vn 0.9673 0.0011 0.2537
vn -0.6465 0.7139 0.2692
vn -0.6307 0.7075 0.3187
vn -0.6321 0.7061 0.3190
vn -0.4324 0.7129 0.5522
vn -0.5377 0.7182 0.4417
vn -0.4090 0.7100 0.5732
vn -0.1416 0.7130 0.6868
vn -0.1414 0.7132 0.6865
vn -0.0969 0.7011 0.7064
vn -0.2799 0.7189 0.6362
vn 0.1482 0.7125 0.6858
vn -0.1416 0.7135 0.6862
vn 0.0380 0.7200 0.6930
vn 0.1482 0.7120 0.6864
vn 0.3909 0.7110 0.5846
vn 0.4146 0.7136 0.5647
vn 0.3907 0.7108 0.5849
vn 0.5232 0.7191 0.4573
vn 0.5478 0.6917 0.4707
vn 0.4149 0.7137 0.5644
vn 0.6199 0.7088 0.3368
vn 0.6374 0.7148 0.2877
vn 0.6592 0.7320 0.1721
vn 0.6836 0.7150 0.1467
vn 0.5479 0.6913 0.4712
vn 0.6372 0.7151 0.2873
vn 0.6213 0.7074 0.3371
vn 0.7053 0.6908 0.1593
s 0
usemtl material1500.001
f 28//1 1//1 2//2
f 27//3 2//4 3//5
f 27//6 28//1 2//2
f 26//7 3//8 4//9
f 26//10 27//6 3//11
f 25//12 4//13 5//14
f 25//15 26//16 4//17
f 24//18 5//14 6//19
f 24//18 25//12 5//14
f 23//20 6//19 7//21
f 23//20 24//18 6//19
f 22//22 7//21 8//23
f 22//24 23//20 7//21
f 21//25 8//26 9//27
f 21//28 22//24 8//26
f 20//29 9//30 10//31
f 20//32 21//25 9//27
f 19//33 10//34 11//35
f 19//36 20//29 10//31
f 18//37 11//38 12//39
f 18//40 19//36 11//41
f 17//42 12//43 13//44
f 17//42 18//40 12//43
f 16//45 13//46 14//47
f 16//45 17//48 13//46
f 15//47 16//49 14//47
f 31//50 56//51 44//50
f 32//52 55//53 56//54
f 32//55 56//56 31//50
f 33//57 54//58 55//59
f 33//57 55//59 32//55
f 34//60 53//61 54//62
f 34//60 54//63 33//64
f 35//65 52//66 53//67
f 35//68 53//69 34//70
f 36//71 51//72 52//73
f 36//74 52//75 35//76
f 37//77 50//78 51//79
f 37//80 51//81 36//82
f 38//83 49//84 50//85
f 38//86 50//87 37//80
f 39//88 48//89 49//84
f 39//88 49//90 38//91
f 40//92 47//93 48//94
f 40//95 48//89 39//88
f 41//96 47//96 40//95
f 42//97 46//98 47//99
f 42//100 47//101 41//101
f 43//102 45//103 46//98
f 43//102 46//98 42//100
f 30//104 29//104 45//105
f 30//104 45//105 43//102
f 84//106 62//106 63//106
f 83//106 61//106 62//106
f 83//106 62//106 84//106
f 85//106 63//106 64//106
f 85//106 84//106 63//106
f 82//106 60//106 61//106
f 82//106 61//106 83//106
f 86//106 64//106 65//106
f 86//106 85//106 64//106
f 81//106 59//106 60//106
f 81//106 60//106 82//106
f 87//106 65//106 66//106
f 87//106 66//106 67//106
f 87//106 86//106 65//106
f 80//106 59//106 81//106
f 88//106 67//106 68//106
f 88//106 87//106 67//106
f 79//106 59//106 80//106
f 89//106 88//106 68//106
f 69//106 89//106 68//106
f 78//106 59//106 79//106
f 90//106 89//106 69//106
f 77//107 59//107 78//107
f 70//106 91//106 90//106
f 70//106 90//106 69//106
f 71//106 92//106 91//106
f 71//106 91//106 70//106
f 72//106 92//106 71//106
f 72//106 93//106 92//106
f 73//106 93//106 72//106
f 73//106 94//106 93//106
f 73//106 95//106 94//106
f 73//106 96//106 95//106
f 73//106 97//106 96//106
f 58//106 75//106 74//106
f 58//106 76//106 75//106
f 58//106 77//106 76//106
f 58//106 59//106 77//106
f 57//106 98//106 97//106
f 57//106 99//106 98//106
f 57//106 74//106 99//106
f 57//106 58//106 74//106
f 57//106 97//106 73//106
f 104//108 105//108 106//108
f 107//108 102//108 103//108
f 107//108 103//108 104//108
f 107//108 104//108 106//108
f 108//109 102//109 107//109
f 109//110 101//110 102//110
f 109//109 102//109 108//109
f 100//109 101//109 109//109
f 116//111 113//111 114//111
f 116//111 114//111 115//111
f 125//112 126//112 110//112
f 123//111 110//111 111//111
f 123//111 111//111 112//111
f 123//111 112//111 113//111
f 123//113 124//113 125//113
f 123//111 113//111 116//111
f 123//111 125//111 110//111
f 122//111 123//111 116//111
f 120//111 116//111 117//111
f 120//111 121//111 122//111
f 120//111 122//111 116//111
f 119//111 117//111 118//111
f 119//111 120//111 117//111
f 128//114 135//114 136//114
f 128//114 136//114 127//114
f 129//115 135//115 128//115
f 130//116 133//116 134//116
f 130//117 134//117 135//117
f 130//114 135//114 129//114
f 131//118 132//118 133//118
f 131//115 133//115 130//115
f 137//119 139//119 140//119
f 138//119 139//119 137//119
f 151//120 148//120 149//120
f 151//108 149//108 150//108
f 152//120 148//120 151//120
f 153//110 146//110 147//110
f 153//121 147//121 148//121
f 153//109 148//109 152//109
f 154//109 145//109 146//109
f 154//108 146//108 153//108
f 155//122 145//122 154//122
f 156//121 143//121 144//121
f 156//109 144//109 145//109
f 156//109 145//109 155//109
f 141//108 142//108 143//108
f 141//108 143//108 156//108
f 159//123 157//123 158//123
f 160//123 157//123 159//123
f 174//114 172//114 173//114
f 175//124 170//124 171//124
f 175//117 171//117 172//117
f 175//114 172//114 174//114
f 176//114 170//114 175//114
f 161//114 170//114 176//114
f 169//114 170//114 161//114
f 162//117 167//117 168//117
f 162//115 168//115 169//115
f 162//114 169//114 161//114
f 163//125 167//125 162//125
f 164//114 166//114 167//114
f 164//126 167//126 163//126
f 165//114 166//114 164//114
f 178//115 185//115 186//115
f 178//114 186//114 177//114
f 179//127 185//127 178//127
f 180//115 183//115 184//115
f 180//128 184//128 185//128
f 180//117 185//117 179//117
f 181//114 182//114 183//114
f 181//114 183//114 180//114
f 213//111 188//111 214//111
f 215//111 188//111 189//111
f 215//111 214//111 188//111
f 212//111 188//111 213//111
f 216//111 215//111 189//111
f 211//129 188//129 212//129
f 217//111 189//111 190//111
f 217//111 216//111 189//111
f 218//111 190//111 191//111
f 218//111 217//111 190//111
f 219//111 218//111 191//111
f 192//111 219//111 191//111
f 220//111 219//111 192//111
f 193//111 221//111 220//111
f 193//111 220//111 192//111
f 187//111 208//111 207//111
f 187//111 209//111 208//111
f 187//129 210//129 209//129
f 187//130 211//130 210//130
f 187//111 188//111 211//111
f 206//111 187//111 207//111
f 194//111 222//111 221//111
f 194//111 221//111 193//111
f 195//111 223//111 222//111
f 195//111 222//111 194//111
f 203//111 205//111 204//111
f 203//111 206//111 205//111
f 203//111 187//111 206//111
f 196//111 224//111 223//111
f 196//111 223//111 195//111
f 197//111 224//111 196//111
f 197//111 225//111 224//111
f 202//111 203//111 204//111
f 202//111 204//111 229//111
f 198//111 225//111 197//111
f 198//111 226//111 225//111
f 201//111 202//111 229//111
f 201//111 229//111 228//111
f 199//111 226//111 198//111
f 199//111 227//111 226//111
f 200//111 227//111 199//111
f 200//111 201//111 228//111
f 200//111 228//111 227//111
f 236//108 234//108 235//108
f 237//108 232//108 233//108
f 237//120 233//120 234//120
f 237//109 234//109 236//109
f 238//131 232//131 237//131
f 239//120 232//120 238//120
f 231//108 232//108 239//108
f 230//108 231//108 239//108
f 274//106 273//106 240//106
f 272//106 256//106 240//106
f 272//106 240//106 273//106
f 275//106 274//106 240//106
f 271//106 256//106 272//106
f 276//106 275//106 240//106
f 270//106 255//106 256//106
f 270//106 256//106 271//106
f 269//106 254//106 255//106
f 269//106 255//106 270//106
f 268//106 254//106 269//106
f 253//106 254//106 268//106
f 267//106 253//106 268//106
f 241//106 277//106 276//106
f 241//106 278//106 277//106
f 241//106 279//106 278//106
f 241//106 280//106 279//106
f 241//106 276//106 240//106
f 252//106 267//106 266//106
f 252//106 253//106 267//106
f 281//106 280//106 241//106
f 251//106 266//106 265//106
f 251//106 252//106 266//106
f 250//106 265//106 264//106
f 250//106 251//106 265//106
f 249//106 250//106 264//106
f 249//106 264//106 263//106
f 242//106 282//106 281//106
f 242//106 257//106 282//106
f 242//106 281//106 241//106
f 248//106 249//106 263//106
f 248//106 263//106 262//106
f 243//106 258//106 257//106
f 243//106 257//106 242//106
f 247//106 262//106 261//106
f 247//106 248//106 262//106
f 244//106 258//106 243//106
f 244//106 259//106 258//106
f 246//106 261//106 260//106
f 246//106 247//106 261//106
f 245//106 259//106 244//106
f 245//106 260//106 259//106
f 245//106 246//106 260//106
f 284//132 297//133 283//133
f 284//132 310//134 297//133
f 285//135 309//136 310//134
f 285//135 310//134 284//137
f 286//138 308//139 309//136
f 286//138 309//136 285//135
f 287//140 307//141 308//139
f 287//142 308//143 286//144
f 288//145 306//146 307//147
f 288//145 307//147 287//148
f 289//149 305//150 306//151
f 289//149 306//151 288//152
f 290//153 304//154 305//150
f 290//155 305//156 289//157
f 291//158 303//159 304//160
f 291//161 304//154 290//153
f 292//162 302//163 303//164
f 292//162 303//164 291//161
f 293//165 301//166 302//167
f 293//165 302//167 292//168
f 294//169 300//170 301//171
f 294//169 301//171 293//165
f 295//172 299//173 300//170
f 295//172 300//170 294//169
f 296//174 298//174 299//175
f 296//174 299//176 295//172
f 338//177 312//178 311//178
f 338//177 311//178 313//179
f 337//180 313//179 314//181
f 337//180 338//177 313//179
f 336//182 314//183 315//184
f 336//182 337//185 314//183
f 335//186 315//187 316//188
f 335//186 336//189 315//187
f 334//190 316//188 317//191
f 334//190 335//186 316//188
f 333//192 317//191 318//193
f 333//192 334//190 317//191
f 332//194 318//193 319//195
f 332//194 333//192 318//193
f 331//196 319//197 320//198
f 331//196 332//199 319//197
f 330//200 320//201 321//202
f 330//200 331//203 320//201
f 329//204 321//202 322//205
f 329//206 330//207 321//208
f 328//209 322//205 323//210
f 328//211 329//212 322//213
f 327//214 323//215 324//216
f 327//214 328//211 323//215
f 326//217 324//216 325//217
f 326//217 327//218 324//219
f 347//106 345//106 344//106
f 347//106 346//106 345//106
f 348//106 344//106 343//106
f 348//106 347//106 344//106
f 349//106 342//106 341//106
f 349//106 343//106 342//106
f 349//106 348//106 343//106
f 350//106 349//106 341//106
f 351//106 341//106 340//106
f 351//106 350//106 341//106
f 352//106 340//106 339//106
f 352//106 351//106 340//106
f 353//106 364//106 363//106
f 353//106 339//106 364//106
f 353//106 352//106 339//106
f 354//106 353//106 363//106
f 356//220 358//220 357//220
f 356//106 359//106 358//106
f 356//106 360//106 359//106
f 356//106 361//106 360//106
f 355//106 362//106 361//106
f 355//106 363//106 362//106
f 355//106 361//106 356//106
f 355//106 354//106 363//106
f 372//221 373//221 374//222
f 371//223 374//224 375//225
f 371//226 372//221 374//227
f 370//228 375//225 376//229
f 370//230 371//231 375//232
f 369//233 376//234 377//235
f 369//236 370//237 376//238
f 368//239 377//240 378//241
f 368//242 369//243 377//244
f 367//245 378//246 366//247
f 367//245 368//248 378//249
f 365//247 367//245 366//247
f 383//250 389//251 386//250
f 384//252 388//242 389//251
f 384//252 389//251 383//250
f 385//244 387//253 388//242
f 385//235 388//248 384//254
f 379//255 387//255 385//256
f 380//257 392//258 387//259
f 380//237 387//259 379//260
f 381//261 390//262 391//261
f 381//263 391//263 392//264
f 381//265 392//266 380//267
f 382//262 390//262 381//263
f 393//268 397//269 394//268
f 405//270 396//271 397//272
f 405//273 397//274 393//275
f 406//276 395//277 396//278
f 406//279 396//280 405//281
f 402//282 395//282 406//283
f 403//284 400//285 395//286
f 403//287 395//277 402//277
f 404//288 399//289 400//285
f 404//290 400//291 403//292
f 401//293 398//293 399//294
f 401//293 399//294 404//295
f 419//296 407//297 408//290
f 419//289 420//297 407//297
f 418//298 408//299 409//300
f 418//301 419//294 408//299
f 417//277 409//300 410//277
f 417//277 410//286 411//276
f 417//302 418//285 409//287
f 416//303 411//304 412//270
f 416//271 417//282 411//305
f 415//306 412//307 413//308
f 415//272 416//271 412//270
f 414//308 415//269 413//308
f 422//309 421//309 423//310
f 436//311 423//310 424//312
f 436//311 422//309 423//313
f 435//314 424//315 425//316
f 435//317 436//311 424//312
f 434//318 425//316 426//319
f 434//318 435//314 425//316
f 433//320 426//321 427//322
f 433//320 434//318 426//319
f 432//322 433//320 427//322
f 431//323 427//324 428//325
f 431//323 432//324 427//324
f 430//326 428//325 429//326
f 430//326 431//327 428//325
f 444//328 445//329 446//329
f 444//328 446//329 447//330
f 443//331 447//330 448//332
f 443//331 444//328 447//330
f 442//333 448//332 449//334
f 442//333 443//331 448//332
f 441//335 449//336 450//337
f 441//335 442//333 449//338
f 440//339 450//337 451//340
f 440//339 441//341 450//337
f 439//342 451//340 452//343
f 439//342 440//344 451//340
f 437//345 452//343 438//345
f 437//345 439//342 452//343
f 460//346 461//347 462//347
f 460//348 462//347 463//349
f 459//350 463//349 464//351
f 459//352 460//348 463//353
f 458//354 464//355 465//356
f 458//354 459//352 464//351
f 457//357 465//358 466//359
f 457//357 458//354 465//358
f 456//360 466//359 467//361
f 456//360 457//362 466//359
f 455//363 467//364 468//365
f 455//363 456//366 467//364
f 453//367 468//365 454//367
f 453//367 455//363 468//365
f 469//368 470//368 471//369
f 484//369 469//368 471//369
f 483//370 471//369 472//371
f 483//370 484//369 471//369
f 482//372 472//373 473//374
f 482//372 483//375 472//376
f 481//377 473//374 474//378
f 481//377 482//372 473//374
f 480//379 474//378 475//380
f 480//379 481//381 474//378
f 479//382 475//380 476//383
f 479//382 480//379 475//380
f 478//384 476//385 477//384
f 478//384 479//386 476//383
f 488//387 487//387 486//387
f 485//387 488//387 486//387
f 492//388 491//389 498//389
f 492//390 498//391 504//392
f 493//393 504//394 503//395
f 493//396 492//390 504//397
f 494//398 503//399 502//400
f 494//401 493//402 503//403
f 495//404 502//405 501//406
f 495//407 494//408 502//409
f 496//410 501//411 500//412
f 496//413 495//414 501//415
f 497//416 500//417 499//418
f 497//419 496//420 500//412
f 490//421 499//422 489//421
f 490//423 497//424 499//425
f 507//426 509//427 508//427
f 507//428 510//429 509//430
f 506//431 511//432 510//433
f 506//434 510//435 507//428
f 505//436 512//437 511//438
f 505//436 511//432 506//439
f 516//440 515//441 522//441
f 516//442 522//443 528//444
f 517//445 528//446 527//447
f 517//448 516//442 528//449
f 518//450 527//451 526//452
f 518//453 517//445 527//447
f 519//454 526//455 525//456
f 519//457 518//458 526//459
f 520//460 525//461 524//462
f 520//463 519//464 525//456
f 521//465 524//466 523//467
f 521//468 520//463 524//469
f 514//470 523//471 513//470
f 514//472 521//473 523//471
f 531//474 533//475 532//475
f 531//474 534//474 533//476
f 531//477 535//478 534//477
f 530//479 536//480 535//481
f 530//482 535//483 531//484
f 529//485 536//485 530//486
f 539//487 538//487 537//487
f 539//487 537//487 540//487
f 542//488 541//488 544//488
f 543//489 542//489 544//489
f 551//490 546//491 545//492
f 551//493 545//492 552//492
f 550//494 547//495 546//496
f 550//497 546//498 551//499
f 549//500 548//500 547//501
f 549//500 547//502 550//503
f 555//504 558//504 560//505
f 556//506 555//507 560//506
f 557//508 559//508 553//475
f 557//509 560//505 559//509
f 557//509 556//510 560//510
f 554//511 557//509 553//511
f 567//512 562//513 561//514
f 567//515 561//514 568//514
f 566//516 563//516 562//517
f 566//518 564//519 563//518
f 566//520 562//521 567//522
f 565//523 564//523 566//524
f 571//525 574//526 576//527
f 572//528 571//529 576//528
f 573//530 576//531 575//532
f 573//533 572//527 576//527
f 570//534 575//535 569//534
f 570//534 573//536 575//537
f 579//538 578//538 577//538
f 579//539 577//539 580//539
f 583//387 582//387 581//387
f 583//387 581//387 584//387
f 585//540 586//540 589//541
f 591//542 589//543 588//544
f 591//545 585//546 589//547
f 592//548 588//549 587//550
f 592//551 591//552 588//553
f 590//514 592//554 587//514
f 601//555 593//556 594//556
f 603//557 593//556 601//558
f 600//559 603//560 601//561
f 604//562 603//560 600//563
f 599//564 604//562 600//563
f 605//565 604//566 599//567
f 598//568 605//569 599//570
f 606//571 605//572 598//573
f 597//574 606//575 598//573
f 607//576 606//571 597//577
f 596//578 607//579 597//574
f 608//580 607//579 596//578
f 595//581 608//582 596//583
f 602//584 608//585 595//584
f 615//586 609//587 610//587
f 615//588 610//589 613//590
f 616//591 613//592 612//593
f 616//594 615//595 613//596
f 614//597 612//598 611//597
f 614//599 616//600 612//601
f 625//602 617//603 618//603
f 627//604 617//603 625//605
f 624//606 627//604 625//602
f 628//607 627//604 624//608
f 623//609 628//610 624//611
f 629//612 628//610 623//609
f 622//613 629//614 623//615
f 630//616 629//617 622//618
f 621//619 630//620 622//621
f 631//622 630//623 621//624
f 620//625 631//626 621//627
f 632//628 631//629 620//630
f 619//631 632//632 620//633
f 626//631 632//634 619//631
f 635//487 634//487 633//487
f 635//635 633//635 636//635
f 640//636 639//636 638//636
f 637//636 640//636 638//636
f 644//637 643//638 650//638
f 644//639 650//640 656//639
f 655//641 644//642 656//643
f 645//644 644//645 655//646
f 654//647 645//648 655//649
f 646//650 645//651 654//652
f 653//653 646//654 654//655
f 647//656 646//657 653//658
f 652//659 647//660 653//661
f 648//662 647//663 652//664
f 651//665 648//666 652//664
f 649//667 648//668 651//669
f 641//670 649//671 651//672
f 642//673 649//674 641//673
f 659//675 662//675 664//676
f 660//677 664//678 663//679
f 660//680 659//681 664//682
f 661//683 663//684 657//685
f 661//686 660//687 663//688
f 658//689 661//690 657//689
f 680//691 667//692 674//692
f 668//693 667//692 680//694
f 679//695 668//696 680//694
f 669//697 668//693 679//698
f 678//699 669//697 679//698
f 670//700 669//701 678//702
f 677//703 670//704 678//705
f 671//706 670//707 677//708
f 676//709 671//710 677//711
f 672//712 671//713 676//712
f 673//714 676//709 675//715
f 673//716 672//717 676//717
f 666//718 675//719 665//718
f 666//720 673//714 675//721
f 684//722 683//723 686//723
f 684//724 686//725 688//726
f 685//727 688//728 687//729
f 685//730 684//724 688//726
f 682//731 687//732 681//731
f 682//733 685//734 687//735
f 690//736 689//736 692//736
f 691//736 690//736 692//736
f 695//737 694//737 693//737
f 695//737 693//737 696//737
f 703//738 697//739 698//739
f 703//740 698//741 701//742
f 704//743 700//743 699//744
f 704//745 701//746 700//745
f 704//747 703//748 701//749
f 702//750 704//751 699//750
f 707//752 709//731 708//731
f 707//752 710//752 709//753
f 707//754 711//728 710//754
f 706//755 712//756 711//757
f 706//758 711//759 707//760
f 705//761 712//756 706//762
f 713//763 714//763 717//764
f 719//765 717//766 716//767
f 719//768 713//769 717//770
f 720//771 716//772 715//773
f 720//774 719//775 716//776
f 718//773 720//777 715//773
f 723//778 725//689 724//689
f 723//779 726//780 725//781
f 722//782 727//783 726//784
f 722//785 726//786 723//787
f 721//788 728//788 727//789
f 721//675 727//790 722//785
f 730//791 729//791 732//791
f 731//791 730//791 732//791
f 735//636 734//636 733//636
f 735//636 733//636 736//636
f 744//792 738//793 737//792
f 743//794 739//795 738//796
f 743//797 738//798 744//799
f 742//800 740//801 739//802
f 742//803 739//804 743//805
f 741//763 740//763 742//806
f 755//807 745//808 746//808
f 755//809 746//808 753//810
f 756//811 753//812 752//813
f 756//814 755//815 753//816
f 757//817 752//818 751//819
f 757//820 756//821 752//822
f 758//823 751//824 750//825
f 758//826 757//817 751//819
f 759//827 750//825 749//828
f 759//829 758//826 750//830
f 760//831 749//832 748//833
f 760//834 759//835 749//836
f 754//837 748//833 747//837
f 754//837 760//831 748//833
f 767//838 762//838 761//750
f 767//839 763//840 762//839
f 767//841 761//750 768//750
f 766//842 764//843 763//746
f 766//844 763//845 767//838
f 765//741 764//741 766//846
f 777//847 769//848 770//848
f 779//849 769//850 777//851
f 776//852 779//853 777//854
f 780//855 779//853 776//852
f 775//856 780//855 776//857
f 781//858 780//859 775//860
f 774//861 781//862 775//856
f 782//863 781//864 774//865
f 773//866 782//867 774//868
f 783//869 782//870 773//871
f 772//872 783//869 773//871
f 784//873 783//874 772//875
f 771//876 784//873 772//875
f 778//877 784//878 771//877
f 786//736 785//736 788//736
f 787//736 786//736 788//736
usemtl material1449.001
f 817//879 791//880 792//881
f 817//882 792//883 793//884
f 817//885 793//886 794//887
f 817//888 804//889 791//890
f 817//891 805//892 804//893
f 817//894 806//895 805//896
f 817//897 807//898 806//899
f 818//900 794//901 795//902
f 818//903 795//904 796//905
f 818//906 808//907 807//908
f 818//909 809//910 808//911
f 818//912 817//913 794//914
f 818//915 807//916 817//913
f 819//917 796//918 797//919
f 819//920 810//921 809//922
f 819//923 811//924 810//925
f 819//926 818//915 796//905
f 819//926 809//927 818//915
f 820//928 797//929 798//930
f 820//931 798//932 799//933
f 820//934 812//935 811//936
f 820//937 819//938 797//919
f 820//934 811//936 819//926
f 821//939 799//940 800//941
f 821//942 800//943 801//944
f 821//945 813//946 812//947
f 821//948 814//949 813//950
f 821//951 820//952 799//953
f 821//954 812//955 820//956
f 822//957 790//958 789//959
f 822//960 801//961 802//962
f 822//963 802//964 803//965
f 822//966 803//967 790//968
f 822//963 815//969 814//970
f 822//963 816//971 815//972
f 822//973 789//974 816//975
f 822//976 814//977 821//978
f 822//976 821//942 801//979
f 825//980 850//981 838//980
f 826//982 850//982 825//983
f 827//984 849//985 850//986
f 827//987 850//988 826//989
f 828//990 848//991 849//992
f 828//993 849//994 827//995
f 829//996 847//997 848//998
f 829//999 848//1000 828//1001
f 830//1002 846//1003 847//1004
f 830//1005 847//1006 829//1007
f 831//1008 845//1009 846//1010
f 831//1011 846//1012 830//1013
f 832//1014 844//1015 845//1016
f 832//1017 845//1016 831//1011
f 833//1018 843//1019 844//1020
f 833//1021 844//1022 832//1023
f 834//1024 842//1025 843//1026
f 834//1027 843//1028 833//1029
f 835//1030 841//1031 842//1032
f 835//1030 842//1032 834//1033
f 836//1034 840//1035 841//1036
f 836//1037 841//1038 835//1039
f 837//1040 839//1041 840//1042
f 837//1043 840//1044 836//1045
f 824//1046 823//1046 839//1047
f 824//1048 839//1049 837//1050
f 879//1051 853//1052 854//1053
f 879//1054 854//1055 855//1056
f 879//1057 855//1058 856//901
f 879//879 866//1059 853//880
f 879//1060 867//1061 866//1062
f 879//1063 868//1064 867//1065
f 879//1066 869//1067 868//1068
f 880//903 856//1069 857//904
f 880//900 857//902 858//1070
f 880//1071 870//1072 869//1073
f 880//915 871//1074 870//1075
f 880//909 879//885 856//1076
f 880//1077 869//1078 879//888
f 881//1079 858//918 859//1080
f 881//1081 859//1082 860//1083
f 881//1084 872//1085 871//1086
f 881//1084 873//1087 872//1088
f 881//1089 880//915 858//905
f 881//1090 871//1091 880//1077
f 882//1092 860//1093 861//1094
f 882//1095 874//1096 873//1097
f 882//1098 881//1089 860//1099
f 882//1100 873//1087 881//1084
f 883//1101 861//1102 862//1103
f 883//942 862//943 863//944
f 883//1104 875//1105 874//1106
f 883//1107 876//1108 875//1109
f 883//954 882//1110 861//1111
f 883//1112 874//1113 882//1092
f 884//976 852//1114 851//1115
f 884//1116 863//1117 864//1118
f 884//1119 864//1120 865//1121
f 884//1122 865//1123 852//1124
f 884//1125 877//1126 876//1127
f 884//1128 878//1129 877//1130
f 884//1131 851//1132 878//1133
f 884//1116 876//1134 883//1135
f 884//1136 883//1137 863//1138
f 887//1139 912//1140 900//1139
f 888//1141 911//1142 912//1143
f 888//1144 912//1145 887//1146
f 889//1147 910//1148 911//1149
f 889//1150 911//987 888//1151
f 890//1152 909//1153 910//1154
f 890//1155 910//1156 889//1157
f 891//1158 908//1159 909//996
f 891//1160 909//1161 890//1162
f 892//1163 907//1164 908//1005
f 892//1165 908//1166 891//1167
f 893//1016 906//1014 907//1011
f 893//1168 907//1169 892//1012
f 894//1170 905//1171 906//1014
f 894//1015 906//1014 893//1016
f 895//1172 904//1173 905//1174
f 895//1019 905//1175 894//1020
f 896//1176 903//1177 904//1178
f 896//1032 904//1179 895//1028
f 897//1180 903//1180 896//1181
f 898//1182 901//1183 902//1182
f 898//1184 902//1185 903//1186
f 898//1187 903//1188 897//1189
f 899//1190 885//1191 901//1192
f 899//1193 901//1194 898//1195
f 886//1196 885//1196 899//1197
f 941//1198 915//1052 916//1055
f 941//1054 916//1199 917//1056
f 941//1198 917//1058 918//901
f 941//1200 928//1201 915//890
f 941//1202 929//1203 928//1204
f 941//888 930//1064 929//1205
f 941//1066 931//1067 930//1068
f 942//903 918//1069 919//904
f 942//900 919//902 920//1206
f 942//1207 932//1072 931//1073
f 942//1208 933//1209 932//1210
f 942//909 941//885 918//1076
f 942//1211 931//1212 941//882
f 943//1213 920//905 921//1214
f 943//1215 921//1082 922//1083
f 943//1216 934//1217 933//1086
f 943//1218 942//903 920//905
f 943//1218 933//1219 942//915
f 944//1220 922//1093 923//1094
f 944//1221 935//1222 934//1223
f 944//1224 936//1225 935//1226
f 944//1227 943//1218 922//1099
f 944//1227 934//1228 943//1213
f 945//1135 923//1229 924//1230
f 945//942 924//943 925//944
f 945//1135 937//1231 936//1232
f 945//1107 938//1108 937//1109
f 945//1233 944//1234 923//1111
f 945//1112 936//1235 944//1236
f 946//1237 914//1238 913//1115
f 946//1119 925//1239 926//1118
f 946//1119 926//1120 927//1121
f 946//1240 927//1241 914//1242
f 946//1243 939//1244 938//1245
f 946//1246 940//1247 939//1248
f 946//1249 913//1250 940//1251
f 946//1252 938//1253 945//1112
f 946//1254 945//1255 925//979
f 949//1256 974//1257 962//1256
f 950//1258 974//1258 949//1259
f 951//1142 973//1260 974//1261
f 951//1262 974//988 950//1263
f 952//1264 972//1265 973//1266
f 952//1267 973//1268 951//1269
f 953//1153 971//997 972//1270
f 953//1161 972//1271 952//1156
f 954//1159 970//1272 971//1273
f 954//1274 971//1167 953//1275
f 955//1164 969//1276 970//1163
f 955//1277 970//1010 954//1278
f 956//1279 968//1015 969//1280
f 956//1014 969//1016 955//1011
f 957//1281 967//1172 968//1282
f 957//1283 968//1284 956//1023
f 958//1178 966//1285 967//1286
f 958//1287 967//1288 957//1289
f 959//1290 965//1291 966//1025
f 959//1292 966//1293 958//1294
f 960//1295 964//1296 965//1297
f 960//1298 965//1299 959//1300
f 961//1301 963//1302 964//1303
f 961//1301 964//1304 960//1305
f 948//1306 947//1306 963//1307
f 948//1308 963//1309 961//1310
f 1007//1311 1008//1312 1022//1313
f 1006//1314 1022//1315 1021//1316
f 1006//1314 1007//1317 1022//1315
f 1005//1318 1021//1319 1020//1320
f 1005//1318 1006//1314 1021//1316
f 1004//1321 1020//1322 1019//1323
f 1004//1321 1005//1324 1020//1320
f 1003//1325 1019//1323 1018//1326
f 1003//1325 1004//1321 1019//1327
f 1002//1328 1018//1326 1017//1329
f 1002//1328 1003//1330 1018//1326
f 1001//1331 1002//1332 1017//1329
f 1001//1331 1017//1329 1016//1333
f 1000//1334 1001//1331 1016//1335
f 1000//1334 1016//1333 1015//1336
f 999//1337 1000//1334 1015//1336
f 999//1337 1015//1336 1014//1338
f 998//1339 999//1337 1014//1338
f 998//1339 1014//1338 1013//1340
f 997//1341 998//1339 1013//1342
f 997//1341 1013//1340 1012//1343
f 996//1344 997//1341 1012//1343
f 996//1344 1012//1343 1011//1345
f 995//1346 996//1344 1011//1347
f 995//1346 1011//1345 1010//1348
f 1023//1349 1010//1350 1009//1351
f 994//1352 995//1353 1010//1354
f 994//1352 1010//1348 1023//1355
f 994//1352 1023//1349 1024//1356
f 994//1352 1024//1357 1025//1358
f 994//1352 1025//1359 1026//1360
f 993//1361 994//1352 1026//1360
f 993//1361 1026//1362 1027//1363
f 993//1361 1027//1363 1028//1364
f 993//1361 1028//1364 1029//1365
f 993//1361 1029//1365 1030//1366
f 993//1361 1030//1367 1031//1368
f 993//1361 1031//1368 1032//1369
f 993//1361 1032//1369 1033//1370
f 1048//1371 1036//1372 1037//1373
f 992//1374 993//1361 1033//1375
f 992//1374 1033//1376 1034//1377
f 992//1378 1034//1379 1035//1380
f 992//1381 1035//1382 1036//1383
f 992//1374 1036//1384 1048//1385
f 991//1386 992//1374 1048//1385
f 991//1386 1048//1371 1047//1387
f 990//1388 1047//1387 1046//1389
f 990//1390 991//1386 1047//1391
f 989//1392 1046//1389 1045//1393
f 989//1392 990//1394 1046//1389
f 988//1395 1045//1393 1044//1396
f 988//1395 989//1397 1045//1398
f 987//1399 1044//1396 1043//1400
f 987//1399 988//1395 1044//1401
f 986//1402 1043//1403 1042//1404
f 986//1402 987//1405 1043//1403
f 985//1406 1042//1404 1041//1407
f 985//1406 986//1402 1042//1404
f 984//1408 1041//1407 1040//1409
f 984//1408 985//1406 1041//1407
f 983//1410 984//1408 1040//1411
f 983//1412 1040//1409 1039//1413
f 978//1414 1039//1415 1038//1416
f 982//1417 983//1412 1039//1415
f 982//1417 1039//1415 978//1414
f 981//1418 978//1414 977//1419
f 981//1418 982//1417 978//1414
f 980//1420 977//1419 976//1421
f 980//1422 981//1418 977//1419
f 979//1423 976//1421 975//1424
f 979//1423 980//1422 976//1425
f 1112//1426 1114//1427 1113//1428
f 1112//1426 1126//1429 1114//1427
f 1111//1430 1125//1431 1126//1432
f 1111//1430 1126//1433 1112//1434
f 1110//1435 1124//1436 1125//1437
f 1110//1435 1125//1437 1111//1438
f 1109//1439 1123//1440 1124//1441
f 1109//1439 1124//1441 1110//1442
f 1108//1443 1123//1444 1109//1445
f 1108//1443 1122//1446 1123//1444
f 1107//1447 1122//1448 1108//1449
f 1107//1447 1121//1450 1122//1451
f 1106//1452 1121//1450 1107//1447
f 1106//1453 1120//1454 1121//1450
f 1105//1455 1120//1456 1106//1453
f 1105//1455 1119//1457 1120//1454
f 1101//1458 1119//1457 1105//1455
f 1101//1459 1118//1460 1119//1457
f 1104//1461 1101//1458 1105//1462
f 1102//1463 1118//1464 1101//1465
f 1103//1466 1118//1467 1102//1468
f 1100//1469 1118//1467 1103//1466
f 1100//1469 1117//1470 1118//1467
f 1098//1471 1117//1470 1100//1469
f 1098//1471 1100//1469 1099//1472
f 1098//1471 1116//1473 1117//1470
f 1097//1474 1116//1475 1098//1471
f 1097//1474 1115//1476 1116//1473
f 1050//1477 1049//1478 1115//1479
f 1096//1480 1051//1481 1050//1477
f 1096//1482 1052//1483 1051//1484
f 1096//1485 1053//1486 1052//1487
f 1096//1485 1115//1476 1097//1474
f 1096//1485 1050//1488 1115//1476
f 1095//1489 1054//1490 1053//1486
f 1095//1489 1055//1491 1054//1492
f 1095//1489 1056//1493 1055//1491
f 1095//1494 1057//1495 1056//1496
f 1095//1494 1058//1497 1057//1498
f 1095//1489 1059//1499 1058//1497
f 1095//1489 1060//1500 1059//1501
f 1095//1489 1053//1502 1096//1485
f 1077//1503 1064//1504 1063//1505
f 1094//1506 1061//1507 1060//1508
f 1094//1509 1062//1510 1061//1511
f 1094//1506 1063//1505 1062//1512
f 1094//1506 1060//1513 1095//1514
f 1094//1506 1077//1515 1063//1516
f 1093//1517 1076//1518 1077//1519
f 1093//1520 1077//1519 1094//1506
f 1092//1521 1075//1522 1076//1518
f 1092//1521 1076//1518 1093//1520
f 1091//1523 1074//1524 1075//1522
f 1091//1525 1075//1526 1092//1521
f 1090//1527 1073//1528 1074//1529
f 1090//1527 1074//1524 1091//1525
f 1089//1530 1072//1531 1073//1528
f 1089//1530 1073//1528 1090//1527
f 1088//1532 1071//1533 1072//1531
f 1088//1534 1072//1535 1089//1536
f 1087//1537 1070//1538 1071//1533
f 1087//1537 1071//1533 1088//1532
f 1086//1539 1070//1538 1087//1540
f 1086//1541 1069//1542 1070//1538
f 1085//1543 1069//1542 1086//1541
f 1085//1543 1068//1544 1069//1542
f 1084//1545 1068//1544 1085//1543
f 1084//1545 1067//1546 1068//1544
f 1083//1547 1066//1548 1067//1546
f 1083//1547 1067//1549 1084//1545
f 1079//1550 1065//1551 1066//1548
f 1079//1552 1066//1553 1083//1547
f 1082//1554 1079//1552 1083//1555
f 1080//1556 1065//1551 1079//1550
f 1081//1557 1065//1558 1080//1559
f 1078//1560 1065//1561 1081//1562
f 1130//114 1127//114 1128//114
f 1130//114 1129//114 1127//114
f 1183//1563 1169//1563 1182//1563
f 1170//1563 1169//1563 1183//1563
f 1184//1563 1170//1563 1183//1563
f 1171//1563 1170//1563 1184//1563
f 1185//1563 1171//1563 1184//1563
f 1172//1563 1171//1563 1185//1563
f 1186//1563 1172//1563 1185//1563
f 1173//1563 1172//1563 1186//1563
f 1187//1563 1173//1563 1186//1563
f 1174//1563 1173//1563 1187//1563
f 1188//1563 1174//1563 1187//1563
f 1175//1563 1174//1563 1188//1563
f 1189//1563 1175//1563 1188//1563
f 1176//1563 1175//1563 1189//1563
f 1190//1563 1176//1563 1189//1563
f 1177//1563 1176//1563 1190//1563
f 1191//1563 1177//1563 1190//1563
f 1178//1563 1177//1563 1191//1563
f 1192//1563 1178//1563 1191//1563
f 1179//1563 1178//1563 1192//1563
f 1193//1563 1179//1563 1192//1563
f 1180//1563 1179//1563 1193//1563
f 1196//1563 1206//1563 1207//1563
f 1197//1564 1196//1564 1207//1564
f 1198//1565 1197//1565 1207//1565
f 1199//1566 1198//1566 1207//1566
f 1200//1567 1199//1567 1207//1567
f 1156//1563 1181//1563 1195//1563
f 1156//1563 1195//1563 1205//1563
f 1131//1563 1157//1563 1156//1563
f 1132//1563 1156//1563 1205//1563
f 1132//1568 1131//1568 1156//1568
f 1133//1563 1204//1563 1203//1563
f 1133//1565 1205//1565 1204//1565
f 1133//1565 1132//1565 1205//1565
f 1134//1563 1203//1563 1202//1563
f 1134//1563 1133//1563 1203//1563
f 1135//1569 1134//1569 1202//1569
f 1136//1570 1202//1570 1201//1570
f 1136//1571 1135//1571 1202//1571
f 1137//1565 1200//1565 1207//1565
f 1137//1572 1201//1572 1200//1572
f 1137//1569 1136//1569 1201//1569
f 1153//1563 1154//1563 1155//1563
f 1153//1563 1155//1563 1168//1563
f 1143//1563 1159//1563 1158//1563
f 1152//1563 1168//1563 1167//1563
f 1152//1563 1153//1563 1168//1563
f 1208//1573 1138//1573 1137//1573
f 1208//1565 1139//1565 1138//1565
f 1208//1569 1140//1569 1139//1569
f 1208//1565 1141//1565 1140//1565
f 1208//1563 1209//1563 1141//1563
f 1208//1569 1137//1565 1207//1569
f 1144//1563 1160//1563 1159//1563
f 1144//1563 1159//1563 1143//1563
f 1151//1563 1167//1563 1166//1563
f 1151//1563 1152//1563 1167//1563
f 1145//1563 1160//1563 1144//1563
f 1145//1563 1161//1563 1160//1563
f 1150//1563 1151//1563 1166//1563
f 1150//1563 1166//1563 1165//1563
f 1146//1563 1162//1563 1161//1563
f 1146//1563 1161//1563 1145//1563
f 1149//1563 1165//1563 1164//1563
f 1149//1563 1150//1563 1165//1563
f 1147//1563 1162//1563 1146//1563
f 1147//1563 1163//1563 1162//1563
f 1148//1563 1164//1563 1163//1563
f 1148//1563 1149//1563 1164//1563
f 1148//1563 1163//1563 1147//1563
f 1131//1563 1142//1563 1143//1563
f 1131//1563 1143//1563 1158//1563
f 1131//1563 1158//1563 1157//1563
f 1194//1563 1195//1563 1193//1563
f 1193//1563 1195//1563 1180//1563
f 1180//1563 1195//1563 1181//1563
f 1244//1574 1246//1575 1243//1576
f 1245//1577 1246//1578 1244//1579
f 1242//1580 1259//1581 1246//1582
f 1242//1580 1246//1582 1245//1577
f 1240//1583 1242//1580 1241//1584
f 1240//1583 1258//1585 1259//1581
f 1240//1583 1259//1581 1242//1580
f 1239//1586 1257//1587 1258//1588
f 1239//1589 1258//1585 1240//1583
f 1238//1590 1257//1591 1239//1586
f 1238//1590 1256//1592 1257//1587
f 1237//1593 1256//1594 1238//1590
f 1237//1593 1255//1595 1256//1592
f 1236//1596 1255//1595 1237//1593
f 1236//1596 1254//1597 1255//1598
f 1235//1599 1254//1600 1236//1601
f 1235//1599 1253//1602 1254//1597
f 1234//1603 1253//1604 1235//1599
f 1234//1605 1252//1606 1253//1602
f 1233//1607 1252//1606 1234//1605
f 1233//1608 1251//1609 1252//1606
f 1232//1610 1251//1609 1233//1607
f 1232//1610 1250//1611 1251//1609
f 1231//1612 1250//1613 1232//1610
f 1231//1612 1249//1614 1250//1611
f 1230//1615 1249//1614 1231//1616
f 1230//1617 1248//1618 1249//1614
f 1260//1619 1247//1620 1248//1618
f 1229//1621 1248//1618 1230//1622
f 1229//1621 1260//1623 1248//1618
f 1229//1624 1261//1625 1260//1626
f 1229//1627 1262//1628 1261//1629
f 1229//1621 1263//1630 1262//1628
f 1228//1631 1264//1632 1263//1633
f 1228//1634 1263//1635 1229//1621
f 1228//1636 1265//1637 1264//1638
f 1228//1639 1266//1640 1265//1641
f 1228//1634 1267//1642 1266//1640
f 1228//1636 1268//1643 1267//1642
f 1228//1636 1269//1644 1268//1643
f 1228//1634 1270//1645 1269//1646
f 1287//1647 1274//1648 1273//1649
f 1227//1650 1270//1645 1228//1651
f 1227//1652 1271//1653 1270//1654
f 1227//1655 1272//1656 1271//1653
f 1227//1657 1273//1658 1272//1659
f 1227//1650 1287//1660 1273//1661
f 1226//1662 1286//1663 1287//1660
f 1226//1662 1287//1664 1227//1655
f 1225//1665 1285//1666 1286//1667
f 1225//1668 1286//1663 1226//1662
f 1221//1669 1284//1670 1285//1666
f 1221//1669 1285//1666 1225//1665
f 1224//1671 1221//1672 1225//1673
f 1222//1674 1284//1675 1221//1676
f 1223//1677 1284//1678 1222//1674
f 1220//1679 1283//1680 1284//1681
f 1220//1679 1284//1681 1223//1682
f 1218//1683 1220//1679 1219//1684
f 1218//1683 1282//1685 1283//1686
f 1218//1683 1283//1680 1220//1679
f 1217//1687 1282//1685 1218//1683
f 1217//1687 1281//1688 1282//1689
f 1216//1690 1281//1688 1217//1687
f 1216//1690 1280//1691 1281//1688
f 1215//1692 1280//1691 1216//1690
f 1215//1692 1279//1693 1280//1691
f 1214//1694 1279//1693 1215//1692
f 1214//1695 1278//1696 1279//1697
f 1213//1698 1278//1696 1214//1699
f 1213//1700 1277//1701 1278//1702
f 1212//1703 1277//1704 1213//1705
f 1212//1706 1276//1707 1277//1704
f 1211//1708 1276//1709 1212//1710
f 1211//1711 1275//1712 1276//1709
f 1210//1713 1275//1714 1211//1708
f 1326//1563 1310//1563 1311//1563
f 1325//1563 1309//1563 1310//1563
f 1325//1563 1310//1563 1326//1563
f 1327//1563 1311//1563 1312//1563
f 1327//1563 1326//1563 1311//1563
f 1324//1563 1308//1563 1309//1563
f 1324//1563 1309//1563 1325//1563
f 1328//1563 1312//1563 1313//1563
f 1328//1563 1327//1563 1312//1563
f 1323//1563 1307//1563 1308//1563
f 1323//1563 1308//1563 1324//1563
f 1329//1563 1313//1563 1314//1563
f 1329//1563 1328//1563 1313//1563
f 1322//1563 1306//1563 1307//1563
f 1322//1563 1307//1563 1323//1563
f 1330//1563 1314//1563 1315//1563
f 1330//1563 1329//1563 1314//1563
f 1321//1563 1305//1563 1306//1563
f 1321//1563 1306//1563 1322//1563
f 1331//1563 1315//1563 1316//1563
f 1331//1563 1330//1563 1315//1563
f 1320//1563 1304//1563 1305//1563
f 1320//1563 1305//1563 1321//1563
f 1318//1563 1331//1563 1316//1563
f 1318//1563 1316//1563 1317//1563
f 1319//1563 1304//1563 1320//1563
f 1319//1563 1303//1563 1304//1563
f 1302//1563 1303//1563 1319//1563
f 1343//1563 1302//1563 1319//1563
f 1301//1563 1302//1563 1343//1563
f 1342//1563 1301//1563 1343//1563
f 1300//1563 1301//1563 1342//1563
f 1341//1563 1300//1563 1342//1563
f 1299//1563 1300//1563 1341//1563
f 1340//1563 1299//1563 1341//1563
f 1298//1563 1299//1563 1340//1563
f 1339//1563 1298//1563 1340//1563
f 1297//1563 1298//1563 1339//1563
f 1338//1563 1297//1563 1339//1563
f 1296//1563 1297//1563 1338//1563
f 1337//1563 1296//1563 1338//1563
f 1295//1563 1296//1563 1337//1563
f 1336//1563 1295//1563 1337//1563
f 1294//1563 1295//1563 1336//1563
f 1335//1563 1294//1563 1336//1563
f 1293//1563 1294//1563 1335//1563
f 1334//1563 1293//1563 1335//1563
f 1292//1563 1293//1563 1334//1563
f 1333//1563 1292//1563 1334//1563
f 1291//1568 1292//1568 1333//1568
f 1332//1568 1291//1568 1333//1568
f 1290//1563 1291//1563 1332//1563
f 1288//1563 1290//1563 1332//1563
f 1289//1563 1290//1563 1288//1563
f 1488//1715 1379//1715 1378//1715
f 1489//1715 1379//1715 1488//1715
f 1489//1715 1380//1715 1379//1715
f 1487//1715 1488//1715 1378//1715
f 1487//1715 1378//1715 1377//1715
f 1490//1715 1380//1715 1489//1715
f 1490//1715 1381//1715 1380//1715
f 1486//1715 1487//1715 1377//1715
f 1486//1715 1377//1715 1376//1715
f 1491//1715 1381//1715 1490//1715
f 1491//1715 1382//1715 1381//1715
f 1485//1715 1486//1715 1376//1715
f 1485//1715 1376//1715 1375//1715
f 1492//1715 1382//1715 1491//1715
f 1492//1715 1383//1715 1382//1715
f 1484//1715 1485//1715 1375//1715
f 1484//1715 1375//1715 1374//1715
f 1493//1715 1383//1715 1492//1715
f 1493//1715 1384//1715 1383//1715
f 1483//1715 1374//1715 1373//1715
f 1483//1715 1484//1715 1374//1715
f 1494//1715 1384//1715 1493//1715
f 1494//1715 1385//1715 1384//1715
f 1386//1715 1385//1715 1494//1715
f 1482//1715 1373//1715 1372//1715
f 1482//1715 1483//1715 1373//1715
f 1409//1716 1482//1716 1410//1716
f 1411//1717 1410//1717 1482//1717
f 1408//1716 1482//1716 1409//1716
f 1412//1716 1482//1716 1372//1716
f 1412//1718 1411//1718 1482//1718
f 1495//1715 1386//1715 1494//1715
f 1407//1717 1482//1717 1408//1717
f 1413//1715 1412//1715 1372//1715
f 1414//1716 1413//1716 1372//1716
f 1499//1715 1405//1715 1404//1715
f 1499//1715 1406//1715 1405//1715
f 1501//1719 1415//1719 1414//1719
f 1501//1720 1416//1720 1415//1720
f 1501//1715 1414//1715 1372//1715
f 1403//1715 1499//1715 1404//1715
f 1417//1715 1416//1715 1501//1715
f 1387//1715 1386//1715 1495//1715
f 1371//1715 1501//1715 1372//1715
f 1402//1720 1499//1720 1403//1720
f 1418//1715 1417//1715 1501//1715
f 1401//1721 1499//1721 1402//1721
f 1419//1720 1418//1720 1501//1720
f 1400//1722 1499//1722 1401//1722
f 1496//1715 1387//1715 1495//1715
f 1500//1715 1499//1715 1400//1715
f 1500//1716 1421//1716 1420//1716
f 1500//1716 1422//1716 1421//1716
f 1500//1716 1423//1716 1422//1716
f 1500//1717 1424//1717 1423//1717
f 1500//1723 1425//1723 1424//1723
f 1500//1724 1400//1725 1425//1725
f 1518//1715 1501//1715 1371//1715
f 1388//1715 1387//1715 1496//1715
f 1370//1715 1518//1715 1371//1715
f 1497//1715 1388//1715 1496//1715
f 1517//1715 1518//1715 1370//1715
f 1389//1715 1388//1715 1497//1715
f 1369//1715 1517//1715 1370//1715
f 1498//1715 1389//1715 1497//1715
f 1516//1715 1517//1715 1369//1715
f 1390//1715 1389//1715 1498//1715
f 1368//1715 1516//1715 1369//1715
f 1481//1715 1390//1715 1498//1715
f 1461//1726 1481//1726 1462//1726
f 1460//1715 1481//1715 1461//1715
f 1464//1727 1463//1727 1480//1727
f 1459//1717 1481//1717 1460//1717
f 1465//1728 1464//1728 1480//1728
f 1458//1715 1481//1715 1459//1715
f 1466//1716 1465//1716 1480//1716
f 1457//1716 1481//1716 1458//1716
f 1515//1715 1516//1715 1368//1715
f 1467//1716 1466//1716 1480//1716
f 1468//1715 1467//1715 1480//1715
f 1469//1715 1468//1715 1480//1715
f 1391//1720 1456//1720 1455//1720
f 1391//1715 1457//1715 1456//1715
f 1391//1715 1481//1715 1457//1715
f 1391//1715 1390//1715 1481//1715
f 1367//1715 1515//1715 1368//1715
f 1478//1720 1453//1720 1452//1720
f 1478//1715 1454//1715 1453//1715
f 1478//1715 1455//1715 1454//1715
f 1478//1715 1452//1715 1477//1715
f 1478//1715 1391//1715 1455//1715
f 1476//1720 1478//1720 1477//1720
f 1479//1729 1470//1729 1469//1729
f 1479//1730 1471//1730 1470//1730
f 1479//1718 1472//1718 1471//1718
f 1479//1731 1473//1731 1472//1731
f 1479//1716 1474//1716 1473//1716
f 1479//1722 1475//1722 1474//1722
f 1479//1716 1469//1716 1480//1716
f 1514//1715 1515//1715 1367//1715
f 1392//1715 1391//1715 1478//1715
f 1366//1715 1514//1715 1367//1715
f 1531//1715 1392//1715 1478//1715
f 1513//1715 1514//1715 1366//1715
f 1393//1715 1392//1715 1531//1715
f 1365//1715 1513//1715 1366//1715
f 1532//1715 1393//1715 1531//1715
f 1512//1715 1513//1715 1365//1715
f 1394//1715 1393//1715 1532//1715
f 1364//1715 1512//1715 1365//1715
f 1533//1715 1394//1715 1532//1715
f 1511//1715 1512//1715 1364//1715
f 1395//1715 1394//1715 1533//1715
f 1395//1716 1533//1716 1534//1716
f 1363//1715 1511//1715 1364//1715
f 1510//1716 1511//1716 1363//1716
f 1396//1715 1395//1715 1534//1715
f 1396//1715 1534//1715 1535//1715
f 1362//1715 1510//1715 1363//1715
f 1509//1715 1510//1715 1362//1715
f 1397//1715 1396//1715 1535//1715
f 1397//1715 1535//1715 1536//1715
f 1361//1715 1509//1715 1362//1715
f 1508//1715 1509//1715 1361//1715
f 1398//1715 1397//1715 1536//1715
f 1398//1715 1536//1715 1537//1715
f 1360//1715 1508//1715 1361//1715
f 1507//1715 1508//1715 1360//1715
f 1399//1715 1398//1715 1537//1715
f 1399//1715 1537//1715 1538//1715
f 1359//1715 1507//1715 1360//1715
f 1344//1715 1399//1715 1538//1715
f 1344//1715 1538//1715 1522//1715
f 1358//1715 1506//1715 1507//1715
f 1358//1715 1507//1715 1359//1715
f 1523//1715 1344//1715 1522//1715
f 1345//1715 1344//1715 1523//1715
f 1357//1715 1505//1715 1506//1715
f 1357//1715 1506//1715 1358//1715
f 1524//1715 1345//1715 1523//1715
f 1435//1716 1519//1716 1436//1716
f 1437//1715 1436//1715 1519//1715
f 1520//1732 1435//1732 1434//1732
f 1520//1715 1519//1715 1435//1715
f 1438//1715 1437//1715 1519//1715
f 1433//1733 1520//1733 1434//1733
f 1439//1728 1438//1728 1519//1728
f 1432//1715 1520//1715 1433//1715
f 1440//1716 1439//1716 1519//1716
f 1346//1715 1345//1715 1524//1715
f 1356//1715 1504//1715 1505//1715
f 1356//1715 1505//1715 1357//1715
f 1525//1715 1346//1715 1524//1715
f 1431//1715 1520//1715 1432//1715
f 1441//1734 1440//1734 1519//1734
f 1430//1715 1520//1715 1431//1715
f 1429//1724 1520//1724 1430//1724
f 1502//1720 1445//1720 1444//1720
f 1502//1717 1446//1717 1445//1717
f 1502//1725 1443//1725 1442//1725
f 1502//1716 1444//1716 1443//1716
f 1447//1721 1446//1721 1502//1721
f 1347//1715 1346//1715 1525//1715
f 1347//1715 1525//1715 1526//1715
f 1355//1715 1504//1715 1356//1715
f 1355//1715 1503//1715 1504//1715
f 1521//1716 1450//1716 1449//1716
f 1521//1716 1451//1716 1450//1716
f 1521//1717 1426//1717 1451//1717
f 1521//1728 1427//1728 1426//1728
f 1521//1735 1428//1735 1427//1735
f 1348//1715 1347//1715 1526//1715
f 1348//1715 1526//1715 1527//1715
f 1354//1715 1502//1715 1503//1715
f 1354//1715 1503//1715 1355//1715
f 1349//1715 1348//1715 1527//1715
f 1349//1715 1527//1715 1528//1715
f 1353//1716 1448//1716 1447//1716
f 1353//1717 1449//1717 1448//1717
f 1353//1715 1447//1715 1502//1715
f 1353//1715 1502//1715 1354//1715
f 1353//1715 1521//1715 1449//1715
f 1350//1715 1349//1715 1528//1715
f 1350//1715 1528//1715 1529//1715
f 1352//1715 1521//1715 1353//1715
f 1352//1715 1530//1715 1521//1715
f 1351//1715 1529//1715 1530//1715
f 1351//1715 1350//1715 1529//1715
f 1351//1715 1530//1715 1352//1715
f 1478//1715 1476//1715 1479//1715
f 1476//1721 1475//1721 1479//1721
f 1480//1715 1463//1715 1481//1715
f 1463//1715 1462//1715 1481//1715
f 1482//1716 1406//1716 1499//1716
f 1482//1716 1407//1716 1406//1716
f 1500//1715 1420//1715 1501//1715
f 1420//1715 1419//1715 1501//1715
f 1502//1715 1441//1715 1519//1715
f 1502//1736 1442//1736 1441//1736
f 1520//1715 1428//1715 1521//1715
f 1520//1723 1429//1723 1428//1723
f 1540//1737 1539//1738 1543//1739
f 1612//1740 1543//1739 1542//1741
f 1612//1740 1540//1742 1543//1739
f 1555//1743 1541//1744 1544//1745
f 1611//1746 1542//1741 1541//1744
f 1611//1747 1612//1740 1542//1741
f 1610//1748 1541//1744 1555//1743
f 1610//1748 1611//1747 1541//1744
f 1609//1749 1555//1750 1554//1751
f 1609//1749 1610//1748 1555//1752
f 1608//1753 1609//1749 1554//1751
f 1608//1754 1554//1751 1553//1755
f 1607//1756 1608//1754 1553//1757
f 1607//1758 1553//1755 1552//1759
f 1606//1760 1607//1758 1552//1759
f 1606//1760 1552//1759 1551//1761
f 1605//1762 1606//1760 1551//1761
f 1605//1763 1551//1764 1550//1765
f 1604//1766 1550//1765 1549//1767
f 1604//1766 1605//1762 1550//1765
f 1603//1768 1549//1769 1548//1770
f 1603//1768 1604//1766 1549//1769
f 1602//1771 1548//1772 1547//1773
f 1602//1771 1603//1768 1548//1772
f 1601//1774 1547//1773 1546//1775
f 1601//1776 1602//1771 1547//1777
f 1556//1778 1546//1775 1545//1779
f 1600//1780 1556//1781 1557//1782
f 1600//1783 1557//1784 1558//1785
f 1600//1786 1558//1787 1559//1788
f 1600//1786 1601//1774 1546//1775
f 1600//1786 1546//1775 1556//1789
f 1599//1790 1559//1791 1560//1792
f 1599//1793 1560//1792 1561//1794
f 1599//1793 1561//1794 1562//1795
f 1599//1793 1562//1795 1563//1796
f 1599//1793 1563//1796 1564//1797
f 1599//1790 1564//1798 1565//1799
f 1599//1790 1565//1799 1566//1800
f 1599//1790 1600//1786 1559//1788
f 1584//1801 1569//1802 1570//1803
f 1598//1804 1566//1800 1567//1805
f 1598//1804 1567//1805 1568//1806
f 1598//1807 1568//1808 1569//1802
f 1598//1807 1599//1793 1566//1809
f 1598//1807 1569//1802 1584//1801
f 1597//1810 1584//1801 1583//1811
f 1597//1812 1598//1807 1584//1801
f 1596//1813 1583//1811 1582//1814
f 1596//1813 1597//1812 1583//1815
f 1595//1816 1582//1817 1581//1818
f 1595//1816 1596//1813 1582//1814
f 1594//1819 1581//1820 1580//1821
f 1594//1819 1595//1822 1581//1820
f 1593//1823 1580//1821 1579//1824
f 1593//1823 1594//1819 1580//1825
f 1592//1826 1579//1824 1578//1827
f 1592//1828 1593//1823 1579//1824
f 1591//1829 1578//1830 1577//1831
f 1591//1829 1592//1828 1578//1830
f 1590//1832 1591//1829 1577//1833
f 1590//1834 1577//1831 1576//1835
f 1589//1836 1590//1832 1576//1837
f 1589//1836 1576//1835 1575//1838
f 1588//1839 1589//1840 1575//1838
f 1588//1839 1575//1838 1574//1841
f 1587//1842 1588//1839 1574//1843
f 1587//1842 1574//1843 1573//1844
f 1586//1845 1587//1846 1573//1844
f 1586//1845 1573//1844 1572//1847
f 1585//1848 1586//1849 1572//1847
f 1585//1850 1572//1851 1571//1852
f 1615//1853 1623//1853 1622//1853
f 1615//1853 1614//1853 1623//1853
f 1616//1854 1614//1854 1615//1854
f 1617//1045 1614//1045 1616//1045
f 1618//1855 1614//1855 1617//1855
f 1619//1856 1614//1857 1618//1857
f 1620//1858 1614//1858 1619//1858
f 1621//1859 1614//1860 1620//1859
f 1614//1861 1621//1862 1613//1862
f 1624//1863 1627//1863 1626//1863
f 1624//1863 1625//1863 1627//1863
f 1635//1864 1638//1864 1634//1864
f 1633//1865 1634//1865 1638//1865
f 1636//1866 1638//1866 1635//1866
f 1632//1867 1633//1868 1638//1868
f 1637//1869 1638//1870 1636//1869
f 1630//1871 1638//1872 1637//1872
f 1629//1873 1638//1873 1630//1873
f 1628//1864 1629//1864 1630//1864
f 1631//1874 1632//1875 1638//1874
f 1649//1876 1648//1876 1640//1876
f 1647//1563 1639//1563 1640//1563
f 1647//1877 1640//1877 1648//1877
f 1650//1563 1640//1563 1641//1563
f 1650//1568 1649//1568 1640//1568
f 1646//1878 1639//1878 1647//1878
f 1651//1879 1650//1879 1641//1879
f 1645//1571 1639//1571 1646//1571
f 1652//1880 1651//1880 1641//1880
f 1670//1568 1639//1568 1645//1568
f 1653//1568 1652//1568 1641//1568
f 1669//1563 1639//1563 1670//1563
f 1654//1881 1653//1881 1641//1881
f 1668//1882 1639//1882 1669//1882
f 1667//1883 1639//1883 1668//1883
f 1642//1570 1655//1570 1654//1570
f 1642//1884 1656//1884 1655//1884
f 1642//1563 1654//1563 1641//1563
f 1657//1563 1656//1563 1642//1563
f 1658//1881 1657//1881 1642//1881
f 1643//1885 1659//1885 1658//1885
f 1643//1886 1660//1886 1659//1886
f 1643//1886 1661//1886 1660//1886
f 1643//1568 1658//1568 1642//1568
f 1644//1887 1662//1887 1661//1887
f 1644//1568 1663//1568 1662//1568
f 1644//1888 1664//1888 1663//1888
f 1644//1565 1665//1565 1664//1565
f 1644//1563 1666//1563 1665//1563
f 1644//1881 1667//1881 1666//1881
f 1644//1563 1639//1563 1667//1563
f 1644//1563 1661//1563 1643//1563
f 1673//1268 1681//1268 1680//1268
f 1673//1268 1672//1268 1681//1268
f 1674//1889 1672//1890 1673//1890
f 1675//1891 1672//1892 1674//1893
f 1676//1894 1672//1894 1675//1894
f 1677//1895 1672//1895 1676//1895
f 1678//1896 1672//1897 1677//1896
f 1679//1898 1672//1899 1678//1898
f 1672//1900 1679//1901 1671//1901
f 1682//1902 1685//1902 1684//1902
f 1682//1902 1683//1902 1685//1902
f 1693//1903 1696//1904 1692//1904
f 1691//1905 1692//1905 1696//1905
f 1694//1906 1696//1906 1693//1906
f 1690//1907 1691//1908 1696//1908
f 1695//1909 1696//1909 1694//1909
f 1688//1910 1696//1910 1695//1910
f 1687//1911 1696//1911 1688//1911
f 1686//1911 1687//1911 1688//1911
f 1689//1912 1690//1912 1696//1912
f 1707//1563 1702//1563 1697//1563
f 1707//1913 1706//1913 1702//1913
f 1705//1568 1702//1568 1706//1568
f 1708//1887 1707//1887 1697//1887
f 1704//1568 1702//1568 1705//1568
f 1709//1563 1708//1563 1697//1563
f 1703//1569 1702//1569 1704//1569
f 1710//1878 1709//1878 1697//1878
f 1728//1568 1702//1568 1703//1568
f 1711//1572 1710//1572 1697//1572
f 1727//1565 1702//1565 1728//1565
f 1712//1566 1711//1566 1697//1566
f 1713//1877 1712//1877 1697//1877
f 1701//1563 1725//1563 1724//1563
f 1701//1877 1726//1877 1725//1877
f 1701//1572 1727//1572 1726//1572
f 1701//1563 1702//1563 1727//1563
f 1700//1570 1721//1570 1720//1570
f 1700//1563 1722//1563 1721//1563
f 1700//1876 1723//1876 1722//1876
f 1700//1914 1724//1914 1723//1914
f 1700//1563 1701//1563 1724//1563
f 1699//1566 1717//1566 1716//1566
f 1699//1881 1718//1881 1717//1881
f 1699//1568 1719//1568 1718//1568
f 1699//1915 1720//1915 1719//1915
f 1699//1563 1700//1563 1720//1563
f 1698//1572 1714//1572 1713//1572
f 1698//1915 1715//1915 1714//1915
f 1698//1916 1716//1916 1715//1916
f 1698//1563 1713//1563 1697//1563
f 1698//1563 1699//1563 1716//1563
f 1731//106 1739//106 1738//106
f 1731//106 1730//106 1739//106
f 1732//106 1730//106 1731//106
f 1733//106 1730//106 1732//106
f 1734//106 1730//106 1733//106
f 1735//106 1730//106 1734//106
f 1736//106 1730//106 1735//106
f 1737//106 1730//106 1736//106
f 1730//106 1737//106 1729//106
f 1740//114 1743//114 1742//114
f 1740//114 1741//114 1743//114
f 1751//111 1754//111 1750//111
f 1749//111 1750//111 1754//111
f 1752//111 1754//111 1751//111
f 1748//111 1749//111 1754//111
f 1753//111 1754//111 1752//111
f 1746//111 1754//111 1753//111
f 1745//111 1754//111 1746//111
f 1744//111 1745//111 1746//111
f 1747//111 1748//111 1754//111
f 1765//1569 1758//1569 1759//1569
f 1765//1917 1764//1917 1758//1917
f 1763//1568 1758//1568 1764//1568
f 1766//1571 1765//1571 1759//1571
f 1762//1565 1758//1565 1763//1565
f 1767//1918 1766//1918 1759//1563
f 1761//1568 1758//1568 1762//1568
f 1757//1563 1758//1563 1761//1563
f 1768//1565 1767//1565 1759//1565
f 1786//1563 1757//1563 1761//1563
f 1785//1878 1757//1878 1786//1878
f 1784//1885 1757//1885 1785//1885
f 1760//1568 1769//1568 1768//1568
f 1760//1563 1770//1563 1769//1563
f 1760//1568 1768//1568 1759//1568
f 1771//1563 1770//1563 1760//1563
f 1783//1883 1757//1883 1784//1883
f 1772//1878 1771//1878 1760//1878
f 1773//1563 1772//1563 1760//1563
f 1756//1571 1783//1571 1782//1571
f 1756//1565 1757//1565 1783//1565
f 1781//1563 1756//1563 1782//1563
f 1774//1878 1773//1878 1760//1878
f 1780//1568 1756//1568 1781//1568
f 1755//1565 1775//1565 1774//1565
f 1755//1568 1776//1568 1775//1568
f 1755//1565 1777//1565 1776//1565
f 1755//1568 1778//1568 1777//1568
f 1755//1568 1779//1568 1778//1568
f 1755//1563 1780//1563 1779//1563
f 1755//1563 1774//1563 1760//1563
f 1755//1563 1756//1563 1780//1563
f 1788//1919 1787//1920 1806//1921
f 1791//1922 1790//1923 1789//1924
f 1797//1925 1796//1926 1798//1927
f 1807//1928 1806//1929 1805//1930
f 1807//1931 1788//1932 1806//1933
f 1808//1934 1805//1935 1804//1936
f 1808//1937 1807//1938 1805//1939
f 1809//1940 1804//1941 1803//1942
f 1809//1943 1808//1934 1804//1944
f 1810//1945 1803//1946 1802//1947
f 1810//1948 1809//1949 1803//1950
f 1811//1951 1802//1952 1801//1953
f 1811//1954 1810//1955 1802//1956
f 1812//1957 1800//1958 1799//1959
f 1812//1960 1801//1961 1800//1962
f 1812//1963 1811//1964 1801//1965
f 1813//1966 1789//1967 1788//1968
f 1813//1969 1792//1970 1791//1971
f 1813//1972 1788//1973 1807//1974
f 1813//1975 1791//1976 1789//1977
f 1814//1978 1807//1928 1808//1979
f 1814//1980 1792//1981 1813//1982
f 1814//1983 1813//1984 1807//1928
f 1815//1985 1793//1986 1792//1987
f 1815//1988 1808//1989 1809//1949
f 1815//1990 1792//1991 1814//1992
f 1815//1993 1814//1983 1808//1994
f 1816//1995 1794//1996 1793//1997
f 1816//1998 1809//1999 1810//2000
f 1816//2001 1793//2002 1815//2003
f 1816//2004 1815//2005 1809//2006
f 1817//2007 1795//2008 1794//2009
f 1817//2010 1816//2011 1810//2012
f 1817//2013 1810//2014 1811//2015
f 1817//2016 1794//2017 1816//2018
f 1818//2019 1796//2020 1795//2021
f 1818//2022 1799//2023 1798//2024
f 1818//2025 1812//2026 1799//2027
f 1818//2028 1795//2029 1817//2030
f 1818//2028 1811//2031 1812//2032
f 1818//2033 1798//2034 1796//2035
f 1818//2036 1817//2037 1811//2038
f 1829//2039 1828//2040 1830//2041
f 1842//2042 1820//2043 1819//2044
f 1842//2045 1841//2046 1840//2047
f 1842//2048 1819//2049 1841//2050
f 1843//2051 1840//2052 1839//2053
f 1843//2054 1842//2055 1840//2056
f 1844//2057 1839//2058 1838//2059
f 1844//2060 1843//2061 1839//2062
f 1845//2063 1838//2064 1837//2065
f 1845//2066 1844//2067 1838//2068
f 1846//2069 1837//2070 1836//2071
f 1846//2072 1845//2073 1837//2074
f 1847//2075 1835//2076 1834//2077
f 1847//2078 1836//2079 1835//2080
f 1847//2075 1846//2072 1836//2081
f 1848//2082 1820//2083 1842//2084
f 1849//2085 1842//2086 1843//2087
f 1849//2088 1848//2089 1842//2090
f 1850//2091 1843//2061 1844//2060
f 1850//2091 1849//2092 1843//2093
f 1851//2094 1850//2095 1844//2096
f 1851//2097 1844//2098 1845//2099
f 1852//2100 1845//2101 1846//2102
f 1852//2103 1851//2104 1845//2105
f 1853//2106 1834//2107 1833//2108
f 1853//2109 1846//2110 1847//2111
f 1853//2112 1847//2113 1834//2114
f 1853//2115 1852//2116 1846//2069
f 1854//2117 1821//2118 1820//2119
f 1854//2120 1820//2121 1848//2122
f 1855//2123 1848//2124 1849//2125
f 1855//2126 1854//2127 1848//2128
f 1856//2129 1849//2130 1850//2131
f 1856//2132 1855//2133 1849//2134
f 1857//2135 1850//2136 1851//2137
f 1857//2138 1856//2129 1850//2131
f 1858//2139 1857//2140 1851//2141
f 1858//2142 1851//2143 1852//2144
f 1859//2145 1833//2146 1832//2147
f 1859//2148 1853//2149 1833//2150
f 1859//2151 1852//2152 1853//2153
f 1859//2154 1858//2155 1852//2156
f 1860//2157 1821//2158 1854//2159
f 1861//2160 1860//2161 1854//2120
f 1861//2162 1854//2163 1855//2164
f 1862//2165 1861//2166 1855//2167
f 1862//2168 1855//2133 1856//2169
f 1862//2170 1856//2171 1857//2172
f 1863//2173 1862//2174 1857//2140
f 1864//2175 1863//2176 1857//2135
f 1864//2177 1857//2178 1858//2179
f 1865//2180 1864//2177 1858//2181
f 1865//2182 1831//2183 1830//2184
f 1865//2180 1832//2185 1831//2186
f 1865//2187 1859//2188 1832//2189
f 1865//2190 1858//2191 1859//2192
f 1866//2193 1822//2194 1821//2195
f 1866//2196 1823//2197 1822//2198
f 1866//2199 1821//2200 1860//2201
f 1867//2202 1823//2203 1866//2204
f 1867//2205 1824//2206 1823//2207
f 1867//2208 1866//2209 1860//2157
f 1867//2210 1860//2211 1861//2212
f 1868//2213 1825//2214 1824//2215
f 1868//2213 1867//2216 1861//2217
f 1868//2218 1824//2219 1867//2220
f 1868//2218 1861//2212 1862//2221
f 1869//2222 1862//2223 1863//2224
f 1869//2222 1826//2225 1825//2226
f 1869//2227 1868//2228 1862//2229
f 1869//2230 1825//2231 1868//2232
f 1870//2233 1826//2234 1869//2235
f 1870//2236 1863//2237 1864//2238
f 1870//2239 1827//2240 1826//2241
f 1870//2242 1869//2243 1863//2244
f 1871//2245 1865//2246 1830//2247
f 1871//2245 1828//2248 1827//2249
f 1871//2250 1864//2251 1865//2252
f 1871//2253 1827//2254 1870//2255
f 1871//2256 1870//2257 1864//2258
f 1871//2259 1830//2260 1828//2261
f 1873//2262 1872//2263 1891//2264
f 1876//2265 1875//2266 1874//2267
f 1882//2268 1881//2269 1883//2270
f 1892//2271 1891//2272 1890//2273
f 1892//2274 1873//2275 1891//2276
f 1893//2277 1890//2278 1889//2279
f 1893//2280 1892//2281 1890//2282
f 1894//2283 1889//2284 1888//2285
f 1894//2286 1893//2287 1889//2288
f 1895//2289 1888//2290 1887//2291
f 1895//2292 1894//2293 1888//2294
f 1896//2295 1887//2296 1886//2297
f 1896//2298 1895//2299 1887//2300
f 1897//2301 1885//2302 1884//2303
f 1897//2304 1886//2305 1885//2306
f 1897//2307 1896//2308 1886//2309
f 1898//2310 1874//2311 1873//2312
f 1898//2313 1877//2314 1876//2315
f 1898//2316 1873//2317 1892//2318
f 1898//2319 1876//2320 1874//2321
f 1899//2322 1892//2323 1893//2324
f 1899//2325 1877//2326 1898//2327
f 1899//2328 1898//2329 1892//2330
f 1900//2331 1878//2332 1877//2333
f 1900//2334 1893//2335 1894//2336
f 1900//2337 1877//2338 1899//2339
f 1900//2340 1899//2341 1893//2342
f 1901//2343 1879//2344 1878//2345
f 1901//2346 1894//2347 1895//2348
f 1901//2349 1900//2350 1894//2351
f 1901//2352 1878//2353 1900//2354
f 1902//2355 1880//2356 1879//2357
f 1902//2358 1901//2359 1895//2360
f 1902//2361 1895//2362 1896//2363
f 1902//2364 1879//2365 1901//2366
f 1903//2367 1881//2368 1880//2369
f 1903//2370 1884//2371 1883//2372
f 1903//2373 1897//2374 1884//2375
f 1903//2376 1880//2377 1902//2378
f 1903//2379 1896//2380 1897//2381
f 1903//2382 1883//2383 1881//2384
f 1903//2385 1902//2386 1896//2387
f 1907//114 1904//114 1905//114
f 1907//114 1906//114 1904//114
f 1911//108 1908//108 1909//108
f 1911//108 1910//108 1908//108
f 1928//2388 1912//2389 1913//2389
f 1928//2388 1914//2390 1912//2391
f 1929//2392 1915//2393 1914//2394
f 1929//2392 1914//2394 1928//2388
f 1930//2395 1916//2396 1915//2397
f 1930//2398 1915//2393 1929//2399
f 1931//2400 1917//2401 1916//2402
f 1931//2400 1916//2403 1930//2404
f 1932//2405 1918//2406 1917//2407
f 1932//2405 1917//2407 1931//2408
f 1933//2409 1919//2410 1918//2411
f 1933//2412 1918//2413 1932//2414
f 1934//2415 1920//2416 1919//2417
f 1934//2416 1921//2418 1920//2416
f 1934//2415 1919//2417 1933//2409
f 1935//2419 1922//2420 1921//2421
f 1935//2419 1921//2422 1934//2423
f 1936//2424 1923//2425 1922//2420
f 1936//2426 1922//2427 1935//2419
f 1937//2428 1924//2429 1923//2430
f 1937//2431 1923//2430 1936//2432
f 1938//2433 1925//2434 1924//2429
f 1938//2435 1924//2436 1937//2437
f 1939//2438 1926//2439 1925//2440
f 1939//2441 1925//2442 1938//2443
f 1927//2439 1926//2439 1939//2444
f 1954//2445 1967//2446 1955//2445
f 1953//2447 1966//2448 1967//2449
f 1953//2447 1967//2449 1954//2450
f 1952//2451 1965//2452 1966//2448
f 1952//2453 1966//2454 1953//2455
f 1951//2456 1964//2457 1965//2452
f 1951//2458 1965//2452 1952//2459
f 1950//2460 1963//2461 1964//2462
f 1950//2463 1964//2464 1951//2458
f 1949//2465 1962//2466 1963//2467
f 1949//2468 1963//2469 1950//2470
f 1948//2471 1962//2472 1949//2473
f 1947//2474 1961//2475 1962//2476
f 1947//2474 1962//2476 1948//2471
f 1946//2477 1960//2478 1961//2475
f 1946//2479 1961//2480 1947//2481
f 1945//2482 1959//2483 1960//2484
f 1945//2485 1960//2486 1946//2487
f 1944//2488 1958//2489 1959//2490
f 1944//2491 1959//2492 1945//2482
f 1943//2493 1957//2494 1958//2495
f 1943//2496 1958//2497 1944//2498
f 1942//2499 1956//2500 1957//2494
f 1942//2501 1957//2494 1943//2502
f 1941//2503 1940//2503 1956//2504
f 1941//2505 1956//2504 1942//2506
f 1969//108 1971//108 1970//108
f 1969//108 1968//108 1971//108
f 1972//114 1975//114 1974//114
f 1973//114 1972//114 1974//114
f 1976//2507 2003//2508 1990//2507
f 1977//2509 2003//2509 1976//2510
f 1978//2511 2002//2512 2003//2513
f 1978//2514 2003//2513 1977//2515
f 1979//2516 2001//2517 2002//2518
f 1979//2519 2002//2520 1978//2521
f 1980//2522 2000//2523 2001//2524
f 1980//2525 2001//2526 1979//2527
f 1981//2528 1999//2529 2000//2530
f 1981//2528 2000//2530 1980//2531
f 1982//2532 1998//2533 1999//2534
f 1982//2535 1999//2536 1981//2537
f 1983//2538 1997//2539 1998//2533
f 1983//2540 1998//2533 1982//2532
f 1984//2541 1996//2542 1997//2543
f 1984//2544 1997//2545 1983//2538
f 1985//2546 1995//2547 1996//2548
f 1985//2549 1996//2550 1984//2551
f 1986//2552 1994//2553 1995//2554
f 1986//2555 1995//2556 1985//2557
f 1987//2558 1993//2559 1994//2560
f 1987//2561 1994//2562 1986//2555
f 1988//2563 1992//2564 1993//2565
f 1988//2566 1993//2567 1987//2568
f 1989//2569 1991//2569 1992//2570
f 1989//2571 1992//2572 1988//2573
f 2032//2574 2004//2575 2005//2576
f 2032//2577 2005//2578 2006//2579
f 2032//2580 2006//2581 2007//2582
f 2032//2583 2018//2584 2004//2585
f 2032//2586 2019//2587 2018//2588
f 2032//2589 2020//2590 2019//2591
f 2032//2592 2021//2593 2020//2594
f 2033//2595 2007//2596 2008//2597
f 2033//2598 2008//2599 2009//2600
f 2033//2601 2022//2602 2021//2603
f 2033//2604 2023//2605 2022//2606
f 2033//2607 2032//2608 2007//2609
f 2033//2595 2021//2610 2032//2577
f 2034//2611 2009//2612 2010//2613
f 2034//2614 2010//2615 2011//2616
f 2034//2617 2024//2618 2023//2619
f 2034//2620 2025//2621 2024//2622
f 2034//2623 2033//2607 2009//2624
f 2034//2625 2023//2626 2033//2627
f 2035//2628 2011//2629 2012//2630
f 2035//2631 2026//2632 2025//2633
f 2035//2634 2034//2635 2011//2636
f 2035//2637 2025//2638 2034//2639
f 2036//2640 2012//2630 2013//2641
f 2036//2642 2013//2643 2014//2644
f 2036//2645 2027//2646 2026//2647
f 2036//2648 2028//2649 2027//2650
f 2036//2651 2035//2637 2012//2652
f 2036//2653 2026//2654 2035//2655
f 2037//2656 2014//2644 2015//2657
f 2037//2656 2015//2657 2016//2658
f 2037//2659 2016//2660 2017//2661
f 2037//2662 2029//2663 2028//2664
f 2037//2665 2030//2666 2029//2667
f 2037//2668 2031//2669 2030//2670
f 2037//2671 2017//2672 2031//2673
f 2037//2674 2028//2675 2036//2676
f 2037//2677 2036//2651 2014//2678
f 2039//2679 2052//2680 2038//2680
f 2039//2681 2065//2682 2052//2510
f 2040//2511 2064//2512 2065//2683
f 2040//2511 2065//2684 2039//2685
f 2041//2686 2063//2517 2064//1909
f 2041//2519 2064//2520 2040//2521
f 2042//2687 2062//2523 2063//2688
f 2042//2689 2063//2690 2041//2527
f 2043//2691 2061//2529 2062//2692
f 2043//2528 2062//2530 2042//2531
f 2044//2693 2060//2533 2061//2694
f 2044//2695 2061//2696 2043//2697
f 2045//2538 2059//2539 2060//2533
f 2045//2540 2060//2533 2044//2532
f 2046//2698 2058//2542 2059//2539
f 2046//2699 2059//2700 2045//2538
f 2047//2546 2057//2547 2058//2701
f 2047//2549 2058//2702 2046//2551
f 2048//2703 2056//2553 2057//2704
f 2048//2555 2057//2705 2047//2557
f 2049//1871 2055//2559 2056//2560
f 2049//2706 2056//2707 2048//2555
f 2050//2708 2054//2564 2055//2709
f 2050//2710 2055//2567 2049//2568
f 2051//2711 2053//2711 2054//2712
f 2051//2713 2054//2714 2050//2573
f 2094//2574 2066//2575 2067//2576
f 2094//2715 2067//2578 2068//2716
f 2094//2580 2068//2581 2069//2717
f 2094//2583 2080//2584 2066//2585
f 2094//2718 2081//2719 2080//2720
f 2094//2721 2082//2722 2081//2723
f 2094//2724 2083//2725 2082//2726
f 2095//2727 2069//2728 2070//2729
f 2095//2598 2070//2599 2071//2600
f 2095//2730 2084//2731 2083//2732
f 2095//2733 2085//2605 2084//2734
f 2095//2735 2094//2736 2069//2737
f 2095//2595 2083//2610 2094//2577
f 2096//2738 2071//2612 2072//2613
f 2096//2614 2072//2615 2073//2616
f 2096//2739 2086//2740 2085//2741
f 2096//2742 2087//2743 2086//2744
f 2096//2745 2095//2607 2071//2746
f 2096//2747 2085//2748 2095//2749
f 2097//2628 2073//2629 2074//2630
f 2097//2750 2088//2632 2087//2751
f 2097//2634 2096//2635 2073//2636
f 2097//2637 2087//2638 2096//2752
f 2098//2676 2074//2630 2075//2753
f 2098//2640 2075//2754 2076//2755
f 2098//2756 2089//2757 2088//2758
f 2098//2759 2090//2760 2089//2761
f 2098//2651 2097//2637 2074//2652
f 2098//2762 2088//2763 2097//2764
f 2099//2656 2076//2644 2077//2765
f 2099//2659 2077//2766 2078//2767
f 2099//2671 2078//2660 2079//2672
f 2099//2768 2091//2663 2090//2769
f 2099//2770 2092//2771 2091//2772
f 2099//2773 2093//2774 2092//2775
f 2099//2656 2079//2776 2093//2777
f 2099//2778 2090//2675 2098//2640
f 2099//2779 2098//2651 2076//2780
f 2101//2781 2114//2782 2100//2782
f 2101//2783 2127//2784 2114//2785
f 2102//2786 2126//2787 2127//2788
f 2102//2789 2127//2790 2101//2791
f 2103//2792 2125//2793 2126//2794
f 2103//2795 2126//2787 2102//2796
f 2104//2797 2124//2798 2125//2799
f 2104//2800 2125//2801 2103//2802
f 2105//2691 2123//2534 2124//2803
f 2105//2804 2124//2805 2104//2806
f 2106//2535 2122//2807 2123//2536
f 2106//2808 2123//2809 2105//2697
f 2107//2538 2121//2539 2122//2533
f 2107//2538 2122//2533 2106//2532
f 2108//2544 2120//2542 2121//2810
f 2108//2811 2121//2812 2107//2813
f 2109//2814 2119//2815 2120//2816
f 2109//2817 2120//2818 2108//2819
f 2110//2820 2118//2821 2119//2822
f 2110//2703 2119//2704 2109//2823
f 2111//2824 2117//2825 2118//2826
f 2111//2827 2118//2828 2110//2829
f 2112//2566 2116//2830 2117//2559
f 2112//2573 2117//2831 2111//2561
f 2113//2713 2115//2713 2116//2832
f 2113//2833 2116//2834 2112//2835
f 2156//2574 2128//2836 2129//2837
f 2156//2583 2129//2838 2130//2839
f 2156//2840 2130//2841 2131//2842
f 2156//2843 2142//2844 2128//2845
f 2156//2846 2143//2847 2142//2848
f 2156//2849 2144//2850 2143//2851
f 2156//2608 2145//2852 2144//2853
f 2157//2735 2131//2854 2132//2855
f 2157//2856 2132//2857 2133//2858
f 2157//2604 2146//2859 2145//2860
f 2157//2861 2147//2862 2146//2863
f 2157//2607 2156//2864 2131//2609
f 2157//2865 2145//2866 2156//2867
f 2158//2868 2133//2869 2134//2870
f 2158//2868 2148//2871 2147//2872
f 2158//2873 2157//2727 2133//2874
f 2158//2875 2147//2876 2157//2595
f 2159//2877 2134//2878 2135//2879
f 2159//2880 2135//2881 2136//2882
f 2159//2883 2149//2884 2148//2885
f 2159//2886 2150//2887 2149//2888
f 2159//2889 2158//2890 2134//2891
f 2159//2892 2148//2893 2158//2894
f 2160//2895 2136//2896 2137//2897
f 2160//2762 2137//2898 2138//2644
f 2160//2899 2151//2900 2150//2901
f 2160//2902 2152//2903 2151//2904
f 2160//2895 2159//2889 2136//2896
f 2160//2640 2150//2905 2159//2906
f 2161//2907 2138//2908 2139//2909
f 2161//2677 2139//2910 2140//2911
f 2161//2659 2140//2660 2141//2912
f 2161//2913 2153//2914 2152//2915
f 2161//2778 2154//2916 2153//2917
f 2161//2918 2155//2919 2154//2920
f 2161//2921 2141//2672 2155//2673
f 2161//2768 2160//2922 2138//2923
f 2161//2662 2152//2924 2160//2925
f 2164//106 2163//106 2162//106
f 2165//106 2163//106 2164//106
f 2189//1717 2187//1717 2188//1717
f 2189//1715 2190//1715 2187//1715
f 2191//1715 2187//1715 2190//1715
f 2192//2926 2187//2926 2191//2926
f 2169//1722 2195//1722 2196//1722
f 2169//1718 2196//1718 2197//1718
f 2169//2927 2197//2927 2198//2927
f 2169//2928 2198//2928 2199//2928
f 2169//1725 2199//1725 2168//1725
f 2178//1724 2194//1724 2195//1724
f 2178//1717 2195//1717 2169//1717
f 2178//1724 2169//1724 2177//1724
f 2176//1722 2177//1722 2169//1722
f 2179//1721 2194//1721 2178//1721
f 2175//1731 2176//2929 2169//2929
f 2174//1717 2175//1717 2169//1717
f 2170//1725 2174//1725 2169//1725
f 2186//1720 2180//1720 2181//1720
f 2186//1735 2181//1735 2182//1735
f 2186//1716 2182//1716 2183//1716
f 2186//1715 2183//1715 2184//1715
f 2185//1717 2186//1717 2184//1717
f 2173//1721 2174//1721 2170//1721
f 2173//1715 2170//1715 2171//1715
f 2173//1715 2171//1715 2172//1715
f 2186//1717 2187//1717 2180//1717
f 2180//1728 2187//1728 2179//1728
f 2179//1727 2187//1727 2193//1727
f 2193//1724 2187//1725 2192//1724
f 2179//2930 2193//2930 2194//2930
f 2199//1715 2200//1715 2168//1715
f 2168//1715 2200//1715 2167//1715
f 2167//1715 2200//1715 2166//1715
f 2201//114 2204//114 2203//114
f 2201//114 2202//114 2204//114
f 2207//111 2206//111 2205//111
f 2208//111 2206//111 2207//111
f 2229//2931 2218//2932 2219//2933
f 2229//2931 2219//2933 2230//2933
f 2228//2934 2217//2935 2218//2932
f 2228//2936 2218//2937 2229//2938
f 2227//2939 2216//2940 2217//2941
f 2227//2942 2217//2943 2228//2944
f 2226//2945 2215//2946 2216//2947
f 2226//2948 2216//2947 2227//2949
f 2225//2950 2214//2951 2215//2952
f 2225//2953 2215//2954 2226//2955
f 2224//2956 2213//2957 2214//2958
f 2224//2959 2214//2960 2225//2961
f 2223//2962 2212//2963 2213//2964
f 2223//2965 2213//2966 2224//2959
f 2222//2967 2211//2968 2212//2969
f 2222//2970 2212//2971 2223//2972
f 2221//2973 2210//2974 2211//2975
f 2221//2973 2211//2976 2222//2977
f 2220//2978 2209//2978 2210//2974
f 2220//2978 2210//2979 2221//2980
f 2241//2981 2252//2982 2242//2981
f 2240//2983 2251//2984 2252//2985
f 2240//2986 2252//2987 2241//2981
f 2239//2988 2250//2989 2251//2990
f 2239//2991 2251//2992 2240//2993
f 2238//2994 2249//2995 2250//2996
f 2238//2997 2250//2998 2239//2999
f 2237//3000 2248//3001 2249//3002
f 2237//3003 2249//3004 2238//3005
f 2236//3006 2247//3007 2248//3001
f 2236//3008 2248//3009 2237//3003
f 2235//3010 2246//3011 2247//3012
f 2235//3013 2247//3014 2236//3008
f 2234//3015 2245//3016 2246//3017
f 2234//3018 2246//3019 2235//3020
f 2233//3021 2244//3022 2245//3023
f 2233//3021 2245//3024 2234//3025
f 2232//3026 2243//3027 2244//3028
f 2232//3029 2244//3028 2233//3030
f 2231//3027 2243//3027 2232//3031
f 2256//106 2254//106 2253//106
f 2255//106 2256//106 2253//106
f 2259//114 2258//114 2257//114
f 2259//114 2260//114 2258//114
f 2264//111 2262//111 2261//111
f 2263//111 2264//111 2261//111
f 2267//108 2266//108 2265//108
f 2267//108 2268//108 2266//108
f 2271//108 2270//108 2269//108
f 2271//108 2272//108 2270//108
usemtl material1501.001
f 2300//217 2273//217 2274//216
f 2299//214 2274//216 2275//215
f 2299//218 2300//217 2274//219
f 2298//209 2275//210 2276//205
f 2298//211 2299//214 2275//215
f 2297//204 2276//205 2277//202
f 2297//212 2298//211 2276//213
f 2296//200 2277//202 2278//201
f 2296//207 2297//206 2277//208
f 2295//196 2278//201 2279//197
f 2295//203 2296//200 2278//201
f 2294//194 2279//195 2280//133
f 2294//199 2295//196 2279//197
f 2293//133 2294//194 2280//133
f 2292//3032 2280//133 2281//3032
f 2292//3032 2281//3032 2282//3033
f 2292//3032 2293//133 2280//133
f 2291//3033 2292//3032 2282//3033
f 2290//187 2282//3033 2283//189
f 2290//187 2291//3033 2282//3033
f 2289//3034 2283//182 2284//3034
f 2289//3035 2284//3035 2285//3036
f 2289//3034 2290//184 2283//182
f 2288//3036 2289//3035 2285//3036
f 2287//178 2285//3036 2286//178
f 2287//178 2288//3036 2285//3036
f 2303//104 2328//105 2316//104
f 2304//102 2327//98 2328//103
f 2304//102 2328//3037 2303//104
f 2305//3038 2326//3039 2327//98
f 2305//100 2327//98 2304//102
f 2306//3040 2325//95 2326//3041
f 2306//3040 2326//3041 2305//100
f 2307//89 2324//88 2325//95
f 2307//94 2325//92 2306//3042
f 2308//90 2323//3043 2324//88
f 2308//84 2324//88 2307//89
f 2309//217 2323//217 2308//84
f 2310//3044 2322//79 2323//217
f 2310//80 2323//3045 2309//3045
f 2311//71 2321//73 2322//72
f 2311//82 2322//81 2310//80
f 2312//65 2320//67 2321//66
f 2312//76 2321//75 2311//74
f 2313//60 2319//62 2320//61
f 2313//70 2320//69 2312//68
f 2314//3046 2317//3047 2318//3046
f 2314//3048 2318//3048 2319//58
f 2314//3046 2319//63 2313//60
f 2315//3049 2317//3049 2314//3050
f 2302//50 2301//50 2317//3047
f 2302//50 2317//3047 2315//3047
f 2356//111 2334//111 2335//111
f 2355//111 2333//111 2334//111
f 2355//111 2334//111 2356//111
f 2357//111 2335//111 2336//111
f 2357//111 2356//111 2335//111
f 2354//111 2332//111 2333//111
f 2354//111 2333//111 2355//111
f 2358//111 2336//111 2337//111
f 2358//111 2357//111 2336//111
f 2353//111 2331//111 2332//111
f 2353//111 2332//111 2354//111
f 2359//111 2337//111 2338//111
f 2359//111 2338//111 2339//111
f 2359//111 2358//111 2337//111
f 2352//111 2331//111 2353//111
f 2360//111 2339//111 2340//111
f 2360//111 2359//111 2339//111
f 2351//111 2331//111 2352//111
f 2361//111 2360//111 2340//111
f 2341//111 2361//111 2340//111
f 2350//111 2331//111 2351//111
f 2362//111 2361//111 2341//111
f 2349//129 2331//129 2350//129
f 2342//111 2363//111 2362//111
f 2342//111 2362//111 2341//111
f 2343//111 2364//111 2363//111
f 2343//111 2363//111 2342//111
f 2344//111 2365//111 2364//111
f 2344//111 2364//111 2343//111
f 2345//111 2365//111 2344//111
f 2345//111 2366//111 2365//111
f 2345//111 2367//111 2366//111
f 2345//111 2368//111 2367//111
f 2345//111 2369//111 2368//111
f 2330//111 2347//111 2346//111
f 2330//111 2348//111 2347//111
f 2330//111 2349//111 2348//111
f 2330//111 2331//111 2349//111
f 2329//111 2369//111 2345//111
f 2329//111 2330//111 2346//111
f 2329//111 2370//111 2369//111
f 2329//111 2371//111 2370//111
f 2329//111 2346//111 2371//111
f 2376//114 2377//114 2378//114
f 2379//126 2374//126 2375//126
f 2379//114 2375//114 2376//114
f 2379//114 2376//114 2378//114
f 2380//114 2374//114 2379//114
f 2381//3051 2373//3051 2374//3051
f 2381//114 2374//114 2380//114
f 2372//3052 2373//3052 2381//3052
f 2387//106 2385//106 2386//106
f 2383//3053 2384//3053 2385//3053
f 2382//106 2385//106 2387//106
f 2382//106 2383//106 2385//106
f 2397//106 2387//106 2388//106
f 2397//106 2398//106 2382//106
f 2397//106 2382//106 2387//106
f 2394//3053 2395//3053 2396//3053
f 2394//106 2396//106 2397//106
f 2392//106 2388//106 2389//106
f 2392//106 2393//106 2394//106
f 2392//106 2397//106 2388//106
f 2392//106 2394//106 2397//106
f 2391//106 2389//106 2390//106
f 2391//106 2392//106 2389//106
f 2400//108 2407//108 2408//108
f 2400//108 2408//108 2399//108
f 2401//108 2407//108 2400//108
f 2402//108 2405//108 2406//108
f 2402//108 2406//108 2407//108
f 2402//108 2407//108 2401//108
f 2403//108 2404//108 2405//108
f 2403//3054 2405//3054 2402//3054
f 2409//3055 2411//3055 2412//3055
f 2410//3055 2411//3055 2409//3055
f 2423//114 2420//114 2421//114
f 2423//114 2421//114 2422//114
f 2424//114 2420//114 2423//114
f 2425//117 2418//117 2419//117
f 2425//117 2419//117 2420//117
f 2425//114 2420//114 2424//114
f 2426//114 2417//114 2418//114
f 2426//117 2418//117 2425//117
f 2427//115 2417//115 2426//115
f 2428//114 2415//114 2416//114
f 2428//3052 2416//3052 2417//3052
f 2428//114 2417//114 2427//114
f 2413//114 2414//114 2415//114
f 2413//114 2415//114 2428//114
f 2432//3056 2429//3056 2430//3056
f 2432//3056 2430//3056 2431//3056
f 2446//108 2444//108 2445//108
f 2447//3057 2442//3057 2443//3057
f 2447//122 2443//122 2444//122
f 2447//120 2444//120 2446//120
f 2448//3058 2442//3058 2447//3058
f 2433//3054 2442//3054 2448//3054
f 2441//108 2442//108 2433//108
f 2434//108 2439//108 2440//108
f 2434//120 2440//120 2441//120
f 2434//108 2441//108 2433//108
f 2435//108 2439//108 2434//108
f 2436//108 2438//108 2439//108
f 2436//3059 2439//3059 2435//3059
f 2437//108 2438//108 2436//108
f 2450//108 2457//108 2458//108
f 2450//108 2458//108 2449//108
f 2451//122 2457//122 2450//122
f 2452//120 2455//120 2456//120
f 2452//3060 2456//3060 2457//3060
f 2452//109 2457//109 2451//109
f 2453//108 2454//108 2455//108
f 2453//108 2455//108 2452//108
f 2485//106 2460//106 2486//106
f 2487//106 2460//106 2461//106
f 2487//106 2486//106 2460//106
f 2484//106 2460//106 2485//106
f 2488//106 2487//106 2461//106
f 2483//106 2460//106 2484//106
f 2489//106 2461//106 2462//106
f 2489//106 2488//106 2461//106
f 2482//220 2460//220 2483//220
f 2490//106 2462//106 2463//106
f 2490//106 2489//106 2462//106
f 2491//106 2490//106 2463//106
f 2464//106 2491//106 2463//106
f 2492//106 2491//106 2464//106
f 2465//106 2493//106 2492//106
f 2465//106 2492//106 2464//106
f 2459//106 2480//106 2479//106
f 2459//106 2481//106 2480//106
f 2459//106 2482//106 2481//106
f 2459//106 2460//106 2482//106
f 2478//106 2459//106 2479//106
f 2466//106 2494//106 2493//106
f 2466//106 2493//106 2465//106
f 2467//106 2495//106 2494//106
f 2467//106 2494//106 2466//106
f 2475//106 2477//106 2476//106
f 2475//106 2478//106 2477//106
f 2475//106 2459//106 2478//106
f 2468//106 2495//106 2467//106
f 2468//106 2496//106 2495//106
f 2474//106 2475//106 2476//106
f 2474//106 2476//106 2501//106
f 2469//106 2496//106 2468//106
f 2469//106 2497//106 2496//106
f 2473//106 2474//106 2501//106
f 2473//106 2501//106 2500//106
f 2470//106 2497//106 2469//106
f 2470//106 2498//106 2497//106
f 2472//106 2473//106 2500//106
f 2472//106 2500//106 2499//106
f 2471//106 2498//106 2470//106
f 2471//106 2472//106 2499//106
f 2471//106 2499//106 2498//106
f 2508//114 2506//114 2507//114
f 2509//114 2504//114 2505//114
f 2509//127 2505//127 2506//127
f 2509//115 2506//115 2508//115
f 2510//114 2504//114 2509//114
f 2511//115 2504//115 2510//115
f 2503//114 2504//114 2511//114
f 2502//114 2503//114 2511//114
f 2546//111 2545//111 2512//111
f 2544//111 2528//111 2512//111
f 2544//111 2512//111 2545//111
f 2547//111 2546//111 2512//111
f 2543//111 2528//111 2544//111
f 2548//111 2547//111 2512//111
f 2542//111 2527//111 2528//111
f 2542//111 2528//111 2543//111
f 2549//111 2548//111 2512//111
f 2541//111 2526//111 2527//111
f 2541//111 2527//111 2542//111
f 2540//111 2526//111 2541//111
f 2525//111 2526//111 2540//111
f 2539//111 2525//111 2540//111
f 2513//111 2550//111 2549//111
f 2513//111 2551//111 2550//111
f 2513//111 2552//111 2551//111
f 2513//111 2549//111 2512//111
f 2524//111 2539//111 2538//111
f 2524//111 2525//111 2539//111
f 2553//111 2552//111 2513//111
f 2523//111 2538//111 2537//111
f 2523//111 2524//111 2538//111
f 2522//111 2537//111 2536//111
f 2522//111 2523//111 2537//111
f 2514//111 2554//111 2553//111
f 2514//111 2529//111 2554//111
f 2514//111 2553//111 2513//111
f 2521//111 2522//111 2536//111
f 2521//111 2536//111 2535//111
f 2515//111 2530//111 2529//111
f 2515//111 2529//111 2514//111
f 2520//111 2521//111 2535//111
f 2520//111 2535//111 2534//111
f 2516//111 2530//111 2515//111
f 2516//111 2531//111 2530//111
f 2519//111 2534//111 2533//111
f 2519//111 2520//111 2534//111
f 2517//111 2532//111 2531//111
f 2517//111 2531//111 2516//111
f 2518//111 2519//111 2533//111
f 2518//111 2533//111 2532//111
f 2518//111 2532//111 2517//111
f 2556//175 2569//174 2555//174
f 2556//176 2582//172 2569//174
f 2557//170 2581//169 2582//172
f 2557//170 2582//172 2556//173
f 2558//171 2580//165 2581//169
f 2558//171 2581//169 2557//170
f 2559//167 2579//168 2580//165
f 2559//167 2580//165 2558//166
f 2560//164 2578//161 2579//162
f 2560//164 2579//162 2559//163
f 2561//154 2577//153 2578//161
f 2561//160 2578//158 2560//159
f 2562//156 2576//157 2577//155
f 2562//150 2577//153 2561//154
f 2563//151 2575//152 2576//149
f 2563//151 2576//149 2562//150
f 2564//147 2574//148 2575//145
f 2564//147 2575//145 2563//146
f 2565//143 2573//144 2574//142
f 2565//139 2574//140 2564//141
f 2566//136 2572//135 2573//138
f 2566//136 2573//138 2565//139
f 2567//134 2571//137 2572//135
f 2567//134 2572//135 2566//136
f 2568//133 2570//133 2571//132
f 2568//133 2571//132 2567//134
f 2584//47 2583//47 2585//49
f 2610//46 2585//45 2586//48
f 2610//46 2584//47 2585//45
f 2609//43 2586//42 2587//40
f 2609//43 2610//44 2586//42
f 2608//41 2587//40 2588//36
f 2608//3061 2609//39 2587//37
f 2607//34 2588//36 2589//29
f 2607//34 2608//35 2588//33
f 2606//27 2589//32 2590//25
f 2606//30 2607//31 2589//29
f 2605//26 2590//28 2591//24
f 2605//26 2606//27 2590//25
f 2604//21 2591//24 2592//3062
f 2604//21 2605//23 2591//22
f 2603//3062 2604//21 2592//3062
f 2602//3063 2592//3062 2593//3063
f 2602//3063 2593//3063 2594//12
f 2602//3063 2603//3062 2592//3062
f 2601//17 2594//15 2595//16
f 2601//13 2602//3063 2594//12
f 2600//11 2595//10 2596//3064
f 2600//8 2601//9 2595//7
f 2599//3065 2600//5 2596//3065
f 2598//1 2596//3064 2597//1
f 2598//1 2599//3064 2596//3064
f 2613//113 2615//113 2614//113
f 2618//111 2617//111 2616//111
f 2620//111 2619//111 2618//111
f 2621//111 2616//111 2615//111
f 2621//111 2615//111 2613//111
f 2621//111 2618//111 2616//111
f 2621//111 2620//111 2618//111
f 2623//3066 2622//3066 2621//3066
f 2623//111 2621//111 2613//111
f 2624//111 2612//111 2611//111
f 2624//111 2613//111 2612//111
f 2624//111 2623//111 2613//111
f 2625//111 2624//111 2611//111
f 2629//111 2631//111 2630//111
f 2629//111 2632//111 2631//111
f 2629//111 2633//111 2632//111
f 2629//111 2634//111 2633//111
f 2629//111 2635//111 2634//111
f 2626//111 2611//111 2636//111
f 2626//111 2625//111 2611//111
f 2627//111 2629//111 2628//111
f 2627//111 2636//111 2635//111
f 2627//111 2635//111 2629//111
f 2627//111 2626//111 2636//111
f 2643//3067 2644//3068 2645//3068
f 2643//3067 2645//3068 2646//3067
f 2643//3067 2646//3067 2647//3069
f 2642//3070 2647//3069 2648//3071
f 2642//3072 2643//3073 2647//3074
f 2641//3075 2648//3076 2649//3077
f 2641//3078 2642//3079 2648//3076
f 2640//3080 2649//3077 2650//3081
f 2640//3082 2641//3083 2649//3084
f 2639//3085 2650//3086 2638//3087
f 2639//3088 2640//3080 2650//3081
f 2637//3087 2639//3088 2638//3087
f 2656//3089 2658//3090 2655//3090
f 2656//3089 2661//3091 2658//3090
f 2657//3092 2660//3093 2661//3091
f 2657//3094 2661//3095 2656//3096
f 2651//3097 2659//3097 2660//3077
f 2651//3098 2664//3070 2659//3098
f 2651//3098 2660//3099 2657//3092
f 2652//3100 2663//3101 2664//3079
f 2652//3069 2664//3070 2651//3102
f 2653//3103 2662//3104 2663//3105
f 2653//3106 2663//3107 2652//3069
f 2654//3104 2662//3104 2653//3108
f 2677//3109 2666//3110 2665//3110
f 2677//3109 2669//3111 2666//3110
f 2678//3112 2668//3113 2669//3114
f 2678//3115 2669//3111 2677//3109
f 2674//3116 2667//3117 2668//3118
f 2674//3119 2672//3120 2667//3119
f 2674//3117 2668//3118 2678//3115
f 2675//3121 2671//3122 2672//3123
f 2675//3124 2672//3123 2674//3125
f 2676//3126 2670//3127 2671//3128
f 2676//3126 2671//3128 2675//3121
f 2673//3127 2670//3127 2676//3129
f 2691//3130 2679//3127 2680//3130
f 2691//3130 2680//3130 2681//3131
f 2691//3132 2692//3133 2679//3133
f 2690//3120 2681//3131 2682//3119
f 2690//3123 2691//3132 2681//3121
f 2689//3134 2690//3135 2682//3134
f 2688//3113 2682//3119 2683//3115
f 2688//3118 2689//3117 2682//3116
f 2687//3136 2683//3137 2684//3138
f 2687//3139 2688//3140 2683//3141
f 2686//3142 2684//3143 2685//3142
f 2686//3142 2687//3144 2684//3145
f 2708//328 2694//329 2693//329
f 2708//328 2693//329 2695//330
f 2707//331 2695//330 2696//332
f 2707//331 2708//328 2695//330
f 2706//333 2696//332 2697//334
f 2706//333 2707//331 2696//332
f 2705//335 2697//338 2698//337
f 2705//335 2706//333 2697//338
f 2704//339 2698//337 2699//340
f 2704//339 2705//341 2698//337
f 2703//342 2699//340 2700//343
f 2703//342 2704//344 2699//340
f 2702//345 2700//343 2701//345
f 2702//345 2703//342 2700//343
f 2716//310 2717//309 2718//309
f 2716//313 2718//309 2719//311
f 2715//312 2719//311 2720//317
f 2715//312 2716//310 2719//311
f 2714//316 2720//314 2721//318
f 2714//316 2715//315 2720//314
f 2713//319 2721//318 2722//320
f 2713//319 2714//316 2721//318
f 2712//3146 2722//320 2723//3147
f 2712//3146 2713//321 2722//320
f 2711//323 2723//3147 2724//325
f 2711//323 2712//3146 2723//3147
f 2709//326 2724//325 2710//326
f 2709//326 2711//327 2724//325
f 2732//3148 2733//368 2734//368
f 2732//3149 2734//368 2735//3150
f 2731//370 2735//3150 2736//371
f 2731//370 2732//3149 2735//3150
f 2730//372 2736//376 2737//374
f 2730//372 2731//375 2736//376
f 2729//377 2737//374 2738//378
f 2729//377 2730//372 2737//374
f 2728//379 2738//378 2739//380
f 2728//379 2729//381 2738//378
f 2727//382 2739//380 2740//383
f 2727//382 2728//379 2739//380
f 2725//384 2740//385 2726//384
f 2725//384 2727//386 2740//383
f 2741//347 2742//347 2743//348
f 2756//353 2743//348 2744//352
f 2756//349 2741//347 2743//348
f 2755//351 2744//352 2745//354
f 2755//351 2756//349 2744//350
f 2754//358 2745//354 2746//357
f 2754//356 2755//3151 2745//354
f 2753//359 2746//362 2747//360
f 2753//359 2754//358 2746//357
f 2752//364 2747//366 2748//363
f 2752//361 2753//359 2747//360
f 2751//365 2748//363 2749//367
f 2751//365 2752//364 2748//363
f 2750//367 2751//365 2749//367
f 2760//636 2759//636 2758//636
f 2757//636 2760//636 2758//636
f 2764//3152 2763//638 2770//638
f 2764//3153 2770//640 2776//3154
f 2765//3155 2776//3156 2775//3157
f 2765//3158 2764//3152 2776//3159
f 2766//3160 2775//3161 2774//3162
f 2766//3163 2765//3164 2775//3165
f 2767//3166 2774//3162 2773//3167
f 2767//3166 2766//3160 2774//3168
f 2768//3169 2773//3167 2772//3170
f 2768//3171 2767//3166 2773//3167
f 2769//3172 2772//3173 2771//3174
f 2769//3175 2768//3176 2772//3177
f 2762//673 2771//3178 2761//673
f 2762//673 2769//3179 2771//3180
f 2779//3181 2781//3182 2780//3182
f 2779//3183 2782//3184 2781//3185
f 2778//3186 2783//3187 2782//3184
f 2778//3188 2782//3189 2779//3183
f 2777//3190 2784//3190 2783//3191
f 2777//3192 2783//3193 2778//3194
f 2800//691 2787//692 2794//692
f 2788//693 2787//692 2800//694
f 2799//3195 2788//696 2800//694
f 2789//697 2788//693 2799//3196
f 2798//3197 2789//697 2799//3196
f 2790//3198 2789//3199 2798//699
f 2797//703 2790//3200 2798//705
f 2791//3201 2790//3198 2797//711
f 2796//3202 2791//710 2797//711
f 2792//3203 2791//713 2796//3204
f 2795//3205 2792//3206 2796//3207
f 2793//3208 2792//3203 2795//3209
f 2785//720 2793//3210 2795//3209
f 2786//720 2793//3208 2785//720
f 2803//3211 2805//3212 2804//3212
f 2803//3213 2806//3214 2805//3215
f 2802//3216 2807//3217 2806//3214
f 2802//3218 2806//3214 2803//3219
f 2801//3220 2808//3220 2807//3221
f 2801//3222 2807//3223 2802//3224
f 2810//736 2809//736 2812//736
f 2811//736 2810//736 2812//736
f 2815//3225 2814//3225 2813//3225
f 2815//3225 2813//3225 2816//3225
f 2823//3226 2818//3227 2817//3228
f 2823//3229 2817//3230 2824//3230
f 2822//3231 2819//3232 2818//3233
f 2822//3234 2818//3235 2823//3236
f 2821//3237 2820//3237 2819//3238
f 2821//3239 2819//3240 2822//3241
f 2828//3242 2827//3220 2830//3220
f 2828//3243 2832//3243 2831//3244
f 2828//3243 2830//3245 2832//3243
f 2829//3219 2831//3246 2825//3247
f 2829//3248 2828//3249 2831//3250
f 2826//3251 2829//3252 2825//3251
f 2840//3253 2834//3254 2833//3253
f 2839//3255 2835//3256 2834//3257
f 2839//3258 2834//3259 2840//3260
f 2838//3261 2836//3262 2835//3256
f 2838//3263 2835//3264 2839//3265
f 2837//3266 2836//3266 2838//3267
f 2844//3268 2843//3192 2846//3192
f 2844//3269 2846//3192 2848//3270
f 2845//3271 2848//3272 2847//3273
f 2845//3274 2844//3275 2848//3276
f 2842//3182 2847//3277 2841//3182
f 2842//3278 2845//3279 2847//3277
f 2851//3280 2850//3280 2849//3280
f 2851//3280 2849//3280 2852//3280
f 2854//636 2853//636 2856//636
f 2855//636 2854//636 2856//636
f 2863//3281 2857//3266 2858//3266
f 2863//3282 2858//3266 2861//3256
f 2864//3283 2861//3284 2860//3285
f 2864//3286 2863//3287 2861//3288
f 2862//3260 2860//3285 2859//3260
f 2862//3289 2864//3283 2860//3254
f 2873//3290 2865//808 2866//808
f 2875//3291 2865//808 2873//3292
f 2872//3293 2875//3294 2873//3290
f 2876//3295 2875//3296 2872//3297
f 2871//3298 2876//3299 2872//3293
f 2877//3300 2876//3301 2871//3298
f 2870//3302 2877//3300 2871//3298
f 2878//3303 2877//3304 2870//3305
f 2869//3306 2878//3307 2870//3308
f 2879//3309 2878//3303 2869//3310
f 2868//3311 2879//3309 2869//3310
f 2880//3312 2879//3309 2868//3313
f 2867//837 2880//3314 2868//3315
f 2874//837 2880//3312 2867//837
f 2881//3316 2882//3316 2885//3317
f 2887//3318 2885//3317 2884//3319
f 2887//3320 2881//3239 2885//3321
f 2888//3322 2884//3323 2883//3230
f 2888//3324 2887//3325 2884//3326
f 2886//3230 2888//3229 2883//3230
f 2899//3327 2889//848 2890//848
f 2899//3328 2890//850 2897//3329
f 2900//3330 2897//3331 2896//3332
f 2900//3333 2899//3334 2897//3335
f 2901//3336 2896//3337 2895//3338
f 2901//3339 2900//3340 2896//3341
f 2902//3342 2895//3343 2894//3344
f 2902//3345 2901//3346 2895//3347
f 2903//3348 2894//3349 2893//3348
f 2903//3350 2902//3351 2894//3352
f 2892//872 2903//3353 2893//3353
f 2904//873 2903//3354 2892//875
f 2891//876 2904//873 2892//875
f 2898//877 2904//878 2891//877
f 2906//736 2905//736 2908//736
f 2907//736 2906//736 2908//736
f 2912//387 2911//387 2910//387
f 2909//387 2912//387 2910//387
f 2928//3355 2915//391 2922//391
f 2916//3356 2915//389 2928//3357
f 2927//3358 2916//3359 2928//3360
f 2917//3361 2916//3362 2927//3363
f 2926//3364 2917//3365 2927//3366
f 2918//3367 2917//3365 2926//3368
f 2925//3369 2918//3370 2926//3371
f 2919//3372 2918//3373 2925//3374
f 2924//3375 2919//3372 2925//3374
f 2920//3376 2919//3377 2924//3378
f 2923//3379 2920//3380 2924//3378
f 2921//3381 2920//3382 2923//3383
f 2913//421 2921//3384 2923//3385
f 2914//421 2921//3384 2913//421
f 2932//3386 2931//3387 2934//3387
f 2932//3388 2934//3389 2936//3390
f 2933//3391 2936//3392 2935//3393
f 2933//3394 2932//3395 2936//3396
f 2930//3397 2935//3398 2929//3397
f 2930//3397 2933//3399 2935//3400
f 2940//440 2939//3401 2946//3401
f 2940//442 2946//443 2952//3402
f 2941//445 2952//446 2951//447
f 2941//448 2940//442 2952//449
f 2942//450 2951//3403 2950//455
f 2942//453 2941//445 2951//447
f 2943//454 2950//455 2949//456
f 2943//457 2942//458 2950//3404
f 2944//460 2949//461 2948//462
f 2944//463 2943//454 2949//456
f 2945//465 2948//3405 2947//467
f 2945//468 2944//463 2948//469
f 2938//470 2947//471 2937//470
f 2938//472 2945//473 2947//471
f 2955//3406 2958//3406 2960//3407
f 2956//3408 2960//3409 2959//3410
f 2956//3411 2955//3406 2960//3412
f 2957//3413 2959//3414 2953//3415
f 2957//3416 2956//3417 2959//3418
f 2954//3419 2957//3420 2953//3421
f 2962//487 2961//487 2964//487
f 2963//487 2962//487 2964//487
f 2967//3422 2966//3422 2965//3422
f 2967//3422 2965//3422 2968//3422
f 2969//3423 2970//3423 2973//3424
f 2975//3425 2973//3424 2972//3426
f 2975//3427 2969//3428 2973//3429
f 2976//3430 2972//3426 2971//3431
f 2976//3432 2975//3433 2972//3434
f 2974//3435 2976//3430 2971//3435
f 2979//3436 2981//3437 2980//3437
f 2979//3438 2982//3438 2981//3421
f 2979//3436 2983//3439 2982//3436
f 2978//3440 2984//3406 2983//3441
f 2978//3442 2983//3443 2979//3436
f 2977//3406 2984//3406 2978//3444
f 2985//3445 2986//3445 2989//3446
f 2991//3447 2989//3448 2988//3449
f 2991//3450 2985//3451 2989//3452
f 2992//3453 2991//3454 2988//3453
f 2990//3455 2988//3456 2987//3455
f 2990//3457 2992//3458 2988//3458
f 2996//3397 2998//3398 2997//3397
f 2995//3399 2999//3459 2998//3400
f 2995//3399 2998//3400 2996//3397
f 2994//3460 3000//3461 2999//3462
f 2994//3460 2999//3390 2995//3463
f 2993//3387 3000//3387 2994//3464
f 3003//3465 3002//3465 3001//3465
f 3003//3465 3001//3465 3004//3465
f 3007//387 3006//387 3005//387
f 3007//387 3005//387 3008//387
f 3016//3466 3010//3467 3009//3466
f 3015//3468 3010//3468 3016//3469
f 3014//3470 3011//3471 3010//3467
f 3014//3472 3010//3468 3015//3468
f 3013//3473 3012//3473 3011//3474
f 3013//3475 3011//3476 3014//3477
f 3027//3478 3017//556 3018//556
f 3027//3479 3018//3480 3025//3481
f 3028//3482 3025//3483 3024//3484
f 3028//3485 3027//3486 3025//3481
f 3029//3487 3024//3488 3023//3489
f 3029//3490 3028//3491 3024//3492
f 3030//3493 3023//3494 3022//3495
f 3030//3496 3029//3497 3023//3498
f 3031//3499 3022//3495 3021//3500
f 3031//3501 3030//3502 3022//3503
f 3032//3504 3021//3505 3020//3506
f 3032//3507 3031//3508 3021//3509
f 3026//3510 3020//3511 3019//3510
f 3026//581 3032//3507 3020//3511
f 3040//3512 3034//3513 3033//3512
f 3039//3514 3035//3515 3034//3516
f 3039//3517 3034//3518 3040//3431
f 3038//3519 3036//3423 3035//3520
f 3038//3521 3035//3522 3039//3523
f 3037//3423 3036//3423 3038//3524
f 3051//3525 3041//603 3042//603
f 3051//3526 3042//603 3049//3527
f 3052//3528 3049//3529 3048//3530
f 3052//3531 3051//3532 3049//3529
f 3053//3533 3048//3530 3047//3534
f 3053//3535 3052//3536 3048//3537
f 3054//3538 3047//3539 3046//3538
f 3054//3540 3053//3533 3047//3534
f 3045//3541 3054//3542 3046//3542
f 3055//3543 3054//3544 3045//3545
f 3044//625 3055//626 3045//627
f 3056//628 3055//3546 3044//3547
f 3043//631 3056//628 3044//3548
f 3050//631 3056//634 3043//631
f 3058//487 3057//487 3060//487
f 3059//635 3058//635 3060//635
usemtl material1448.001
f 3089//3549 3063//3550 3064//3551
f 3089//3552 3064//3553 3065//3554
f 3089//3555 3065//3556 3066//3557
f 3089//885 3076//3558 3063//3559
f 3089//3560 3077//3561 3076//3562
f 3089//3563 3078//3564 3077//3565
f 3089//3566 3079//3567 3078//3568
f 3090//3569 3066//3570 3067//3571
f 3090//3572 3067//3573 3068//3574
f 3090//3575 3080//3576 3079//3577
f 3090//3578 3081//3579 3080//3580
f 3090//900 3089//1198 3066//3581
f 3090//903 3079//3582 3089//1200
f 3091//3583 3068//3584 3069//3585
f 3091//3586 3069//3587 3070//3588
f 3091//3589 3082//3590 3081//3591
f 3091//3592 3090//900 3068//3593
f 3091//3594 3081//3595 3090//915
f 3092//3596 3070//3597 3071//3598
f 3092//3599 3083//3600 3082//3601
f 3092//3602 3084//3603 3083//3604
f 3092//3605 3091//1216 3070//3606
f 3092//3607 3082//3608 3091//3609
f 3093//3610 3071//3611 3072//3612
f 3093//3613 3072//3614 3073//3615
f 3093//3616 3085//3617 3084//3618
f 3093//1101 3086//3619 3085//3620
f 3093//1255 3092//3621 3071//3622
f 3093//3623 3084//3624 3092//3625
f 3094//1116 3062//3626 3061//3627
f 3094//3628 3073//3629 3074//3630
f 3094//3631 3074//3632 3075//3633
f 3094//1237 3075//3634 3062//3635
f 3094//3636 3087//3637 3086//3638
f 3094//3639 3088//3640 3087//3641
f 3094//3642 3061//3643 3088//3644
f 3094//957 3086//3645 3093//3646
f 3094//963 3093//3610 3073//3647
f 3097//3648 3111//1261 3110//3648
f 3098//3649 3111//3650 3097//3651
f 3099//984 3112//1157 3111//986
f 3099//3652 3111//3653 3098//3654
f 3100//3655 3113//3656 3112//3657
f 3100//1264 3112//1266 3099//3658
f 3101//3659 3114//3660 3113//1162
f 3101//3661 3113//3662 3100//990
f 3102//3663 3115//3664 3114//3665
f 3102//1278 3114//3666 3101//999
f 3103//3667 3116//1009 3115//1272
f 3103//3668 3115//3669 3102//3670
f 3104//1014 3117//1015 3116//1016
f 3104//1014 3116//1016 3103//1011
f 3105//1174 3118//1172 3117//1170
f 3105//1021 3117//1022 3104//1023
f 3106//1178 3119//1032 3118//3671
f 3106//3672 3118//3673 3105//3674
f 3107//3675 3120//3676 3119//1025
f 3107//3677 3119//1285 3106//3678
f 3108//3679 3121//3680 3120//3681
f 3108//3682 3120//3683 3107//3684
f 3109//3685 3122//3686 3121//3687
f 3109//3688 3121//3689 3108//3690
f 3096//3691 3095//3691 3122//3686
f 3096//3692 3122//1309 3109//3693
f 3151//1202 3125//3694 3126//3695
f 3151//3555 3126//3696 3127//3697
f 3151//3549 3127//3698 3128//3699
f 3151//3700 3138//3701 3125//3702
f 3151//3703 3139//3704 3138//3705
f 3151//3706 3140//3707 3139//3708
f 3151//1066 3141//3709 3140//1068
f 3152//3575 3128//3710 3129//3711
f 3152//3712 3129//902 3130//3713
f 3152//3714 3142//3715 3141//3716
f 3152//3717 3143//3718 3142//3719
f 3152//3720 3151//3721 3128//3722
f 3152//912 3141//3723 3151//913
f 3153//3724 3130//3725 3131//3726
f 3153//1216 3131//3727 3132//3728
f 3153//3729 3144//3730 3143//3731
f 3153//1215 3152//3732 3130//3733
f 3153//3734 3143//3595 3152//903
f 3154//3735 3132//3736 3133//3737
f 3154//3738 3145//3739 3144//3740
f 3154//3741 3146//3742 3145//3743
f 3154//3744 3153//3589 3132//3745
f 3154//3746 3144//3747 3153//3748
f 3155//3749 3133//3750 3134//3751
f 3155//3752 3134//3753 3135//3754
f 3155//3755 3147//3756 3146//3757
f 3155//3758 3148//3759 3147//3760
f 3155//1255 3154//3761 3133//3622
f 3155//1101 3146//3762 3154//3625
f 3156//3763 3124//3764 3123//3765
f 3156//3766 3135//3767 3136//3768
f 3156//3769 3136//3770 3137//3771
f 3156//3772 3137//3773 3124//3774
f 3156//3775 3149//3776 3148//3777
f 3156//976 3150//3778 3149//3779
f 3156//957 3123//3780 3150//3781
f 3156//1237 3148//3782 3155//978
f 3156//976 3155//1135 3135//3783
f 3159//1139 3173//3784 3172//1139
f 3160//986 3173//986 3159//3648
f 3161//3785 3174//3786 3173//982
f 3161//3658 3173//981 3160//986
f 3162//3787 3175//1000 3174//3788
f 3162//3789 3174//3790 3161//3791
f 3163//1275 3176//3792 3175//3793
f 3163//3794 3175//3656 3162//3795
f 3164//3796 3177//1163 3176//3797
f 3164//3798 3176//3666 3163//999
f 3165//1008 3178//1009 3177//1272
f 3165//1008 3177//3799 3164//1278
f 3166//1014 3179//1015 3178//1276
f 3166//1014 3178//1016 3165//1011
f 3167//1029 3180//1028 3179//3800
f 3167//1018 3179//1020 3166//1023
f 3168//1179 3181//3801 3180//3802
f 3168//1173 3180//1288 3167//3803
f 3169//3677 3182//3804 3181//1285
f 3169//3675 3181//3805 3168//3806
f 3170//3807 3183//3808 3182//3683
f 3170//3809 3182//3810 3169//3811
f 3171//3812 3184//3813 3183//3814
f 3171//1043 3183//1044 3170//3815
f 3158//3816 3157//3816 3184//3817
f 3158//3816 3184//3818 3171//3819
f 3213//1202 3187//3694 3188//3695
f 3213//3555 3188//3696 3189//3697
f 3213//3549 3189//3698 3190//3699
f 3213//3700 3200//3701 3187//3702
f 3213//3703 3201//3704 3200//3705
f 3213//3706 3202//3707 3201//3708
f 3213//1054 3203//3820 3202//3821
f 3214//3575 3190//3822 3191//3711
f 3214//3712 3191//902 3192//3713
f 3214//3714 3204//3715 3203//3823
f 3214//3717 3205//3718 3204//3719
f 3214//3824 3213//3721 3190//3722
f 3214//912 3203//3723 3213//913
f 3215//3825 3192//3725 3193//3726
f 3215//3826 3193//3727 3194//3728
f 3215//3827 3206//3828 3205//3829
f 3215//3830 3207//3831 3206//3832
f 3215//1089 3214//3732 3192//3733
f 3215//1079 3205//3595 3214//903
f 3216//1092 3194//3736 3195//3833
f 3216//1095 3208//3742 3207//3834
f 3216//3835 3215//3825 3194//3745
f 3216//1100 3207//3836 3215//1084
f 3217//3837 3195//3838 3196//3839
f 3217//3752 3196//3753 3197//3754
f 3217//3755 3209//3756 3208//3757
f 3217//3758 3210//3759 3209//3760
f 3217//1255 3216//3840 3195//3841
f 3217//1101 3208//3762 3216//3842
f 3218//3763 3186//3764 3185//3765
f 3218//3843 3197//3844 3198//3845
f 3218//3769 3198//3770 3199//3771
f 3218//3772 3199//3773 3186//3774
f 3218//3775 3211//3776 3210//3846
f 3218//976 3212//3778 3211//3779
f 3218//957 3185//3780 3212//3781
f 3218//1237 3210//3782 3217//978
f 3218//976 3217//1135 3197//3783
f 3222//3847 3234//3848 3221//3848
f 3222//3849 3235//3850 3234//3851
f 3223//3852 3236//3786 3235//3853
f 3223//3658 3235//3854 3222//3855
f 3224//3856 3237//1000 3236//3857
f 3224//3789 3236//3790 3223//3791
f 3225//1275 3238//3792 3237//3793
f 3225//3794 3237//3656 3224//3795
f 3226//1278 3239//1163 3238//3666
f 3226//3858 3238//3859 3225//999
f 3227//3667 3240//1009 3239//1272
f 3227//1008 3239//1272 3226//1278
f 3228//1014 3241//1015 3240//1016
f 3228//1014 3240//1016 3227//1011
f 3229//1029 3242//1028 3241//3800
f 3229//1021 3241//1020 3228//1023
f 3230//1179 3243//3801 3242//3802
f 3230//1173 3242//1026 3229//3803
f 3231//3677 3244//3804 3243//1285
f 3231//1300 3243//3860 3230//3806
f 3232//3807 3245//3808 3244//3683
f 3232//3809 3244//3861 3231//3811
f 3233//1301 3246//3862 3245//3680
f 3233//1043 3245//1044 3232//3815
f 3220//3863 3219//3863 3246//1197
f 3220//3816 3246//3864 3233//3819
f 3275//3549 3249//3550 3250//3551
f 3275//3555 3250//3553 3251//3697
f 3275//3555 3251//3556 3252//3557
f 3275//885 3262//3558 3249//3559
f 3275//3560 3263//3561 3262//3562
f 3275//3563 3264//3707 3263//3565
f 3275//882 3265//3865 3264//3866
f 3276//3569 3252//3570 3253//3571
f 3276//3572 3253//3573 3254//3574
f 3276//3575 3266//3576 3265//3577
f 3276//3578 3267//3579 3266//3580
f 3276//900 3275//1198 3252//3581
f 3276//903 3265//3582 3275//1200
f 3277//3583 3254//3584 3255//3585
f 3277//3586 3255//3587 3256//3588
f 3277//3592 3268//3867 3267//3868
f 3277//3592 3276//900 3254//3593
f 3277//3594 3267//3595 3276//915
f 3278//3596 3256//3597 3257//3869
f 3278//3599 3269//3600 3268//3601
f 3278//3602 3270//3603 3269//3604
f 3278//3605 3277//1216 3256//3606
f 3278//3607 3268//3608 3277//3609
f 3279//3610 3257//3611 3258//3612
f 3279//3870 3258//3871 3259//3872
f 3279//3616 3271//3617 3270//3618
f 3279//1135 3272//3873 3271//3620
f 3279//1255 3278//3621 3257//3622
f 3279//3623 3270//3624 3278//3625
f 3280//3874 3248//3875 3247//3876
f 3280//3628 3259//3629 3260//3630
f 3280//3631 3260//3632 3261//3633
f 3280//1237 3261//3634 3248//3635
f 3280//1116 3273//3637 3272//3877
f 3280//1136 3274//3878 3273//3641
f 3280//3639 3247//3643 3274//3879
f 3280//957 3272//3645 3279//3646
f 3280//1122 3279//3610 3259//3647
f 3283//3880 3297//1261 3296//3880
f 3284//3881 3297//3882 3283//3651
f 3285//984 3298//1157 3297//986
f 3285//3883 3297//3884 3284//3654
f 3286//3795 3299//3885 3298//3886
f 3286//1264 3298//1266 3285//3658
f 3287//3659 3300//3660 3299//1162
f 3287//3661 3299//3662 3286//990
f 3288//3887 3301//3664 3300//3888
f 3288//1013 3300//3859 3287//999
f 3289//1008 3302//1009 3301//1272
f 3289//3668 3301//3889 3288//3670
f 3290//1014 3303//1015 3302//1276
f 3290//1014 3302//1016 3289//1011
f 3291//1174 3304//1172 3303//1170
f 3291//1018 3303//1020 3290//1023
f 3292//1027 3305//1032 3304//3671
f 3292//3890 3304//3673 3291//3674
f 3293//3675 3306//3676 3305//1025
f 3293//3891 3305//3801 3292//3892
f 3294//3679 3307//3680 3306//3681
f 3294//1295 3306//3683 3293//3684
f 3295//3685 3308//3686 3307//3687
f 3295//3685 3307//3893 3294//3690
f 3282//3691 3281//3691 3308//3894
f 3282//3895 3308//1309 3295//3693
f 3312//1307 3324//3896 3311//3896
f 3312//1190 3325//3897 3324//3898
f 3313//3899 3326//3690 3325//3688
f 3313//3900 3325//3901 3312//3902
f 3314//3903 3327//3904 3326//3905
f 3314//3906 3328//3907 3327//3906
f 3314//1189 3326//3908 3313//3909
f 3315//1179 3329//3910 3328//1032
f 3315//3911 3328//3912 3314//3913
f 3316//3914 3329//3914 3315//3672
f 3317//3915 3330//3915 3329//3910
f 3317//3915 3331//3916 3330//3915
f 3317//3917 3329//3918 3316//3919
f 3318//3916 3331//3916 3317//3915
f 3319//3920 3332//3920 3331//3921
f 3319//3922 3333//3923 3332//3922
f 3319//3924 3331//3925 3318//3925
f 3320//3926 3333//3926 3319//3927
f 3321//3928 3334//3856 3333//3929
f 3321//3656 3333//3930 3320//3931
f 3322//3932 3335//3933 3334//1001
f 3322//992 3334//3934 3321//3935
f 3323//1261 3336//1261 3335//3936
f 3323//982 3309//3880 3336//982
f 3323//1261 3335//1142 3322//3857
f 3310//3651 3309//3651 3323//3649
f 3339//3937 3353//3862 3352//3937
f 3340//1310 3354//3938 3353//3939
f 3340//1043 3353//3940 3339//3941
f 3341//3905 3355//3942 3354//3943
f 3341//3944 3354//3945 3340//3946
f 3342//1300 3356//3860 3355//3676
f 3342//3947 3355//3948 3341//3815
f 3343//3678 3357//1028 3356//3912
f 3343//3949 3356//3950 3342//3951
f 3344//3952 3358//1015 3357//1028
f 3344//3953 3357//3954 3343//3955
f 3345//1279 3359//1016 3358//3800
f 3345//1014 3358//1015 3344//3952
f 3346//3956 3360//1163 3359//3957
f 3346//1277 3359//1016 3345//1014
f 3347//3958 3361//3792 3360//3959
f 3347//3960 3360//3961 3346//3962
f 3348//3963 3362//3964 3361//3965
f 3348//3966 3361//3967 3347//3968
f 3349//3969 3363//3970 3362//3971
f 3349//3972 3362//3973 3348//3974
f 3350//3883 3364//3975 3363//3790
f 3350//3976 3363//1157 3349//1156
f 3351//3977 3337//3978 3364//3979
f 3351//3980 3364//3981 3350//984
f 3338//3651 3337//3651 3351//3982
f 3368//3939 3380//3895 3367//3895
f 3368//3862 3381//3983 3380//3984
f 3369//3985 3382//3985 3381//3986
f 3369//3987 3383//3988 3382//3987
f 3369//1184 3381//3693 3368//3939
f 3370//3989 3383//3990 3369//3991
f 3371//3992 3384//3993 3383//1180
f 3371//3994 3383//3995 3370//3995
f 3372//3919 3385//3919 3384//3996
f 3372//3997 3386//3998 3385//3997
f 3372//3999 3384//3806 3371//3994
f 3373//3917 3386//3917 3372//4000
f 3374//1276 3387//1011 3386//4001
f 3374//1016 3386//3915 3373//3915
f 3375//3927 3388//3927 3387//1008
f 3375//4002 3389//3929 3388//3920
f 3375//3927 3387//1008 3374//1016
f 3376//4003 3389//4003 3375//4004
f 3377//4005 3390//4005 3389//3929
f 3377//4006 3391//992 3390//4006
f 3377//4007 3389//4008 3376//4009
f 3378//984 3392//986 3391//4010
f 3378//3976 3391//1157 3377//4011
f 3379//4012 3392//1257 3378//4013
f 3366//1139 3365//1139 3392//4012
f 3366//4014 3392//3649 3379//4015
f 3423//4016 3420//4017 3419//4018
f 3423//4019 3422//4017 3420//4017
f 3424//4020 3419//4021 3418//4022
f 3424//4020 3423//4016 3419//4021
f 3425//4023 3418//4022 3417//4024
f 3425//4025 3424//4020 3418//4022
f 3426//4026 3417//4027 3416//4028
f 3426//4029 3425//4025 3417//4030
f 3427//4031 3416//4028 3415//4032
f 3427//4031 3426//4033 3416//4034
f 3428//4035 3415//4036 3414//4037
f 3428//4038 3427//4039 3415//4040
f 3429//4041 3414//4042 3413//4043
f 3429//4044 3428//4045 3414//4046
f 3430//4047 3413//4048 3412//4049
f 3430//4050 3429//4051 3413//4052
f 3431//4053 3412//4054 3411//4055
f 3431//4056 3430//4057 3412//4058
f 3432//4059 3411//4060 3410//4061
f 3432//4062 3431//4063 3411//4055
f 3433//4064 3432//4065 3410//4066
f 3433//4067 3410//4068 3409//4069
f 3434//4070 3433//4071 3409//4072
f 3434//4073 3409//4074 3408//4075
f 3435//4076 3434//4077 3408//4075
f 3435//4078 3408//4075 3407//4079
f 3436//4080 3407//4081 3406//4082
f 3436//4080 3435//4083 3407//4079
f 3437//4084 3406//4085 3405//4086
f 3437//4084 3436//4080 3406//4085
f 3438//4087 3405//4088 3404//4089
f 3438//4090 3437//4091 3405//4086
f 3439//4092 3404//4089 3403//4093
f 3439//4094 3438//4090 3404//4095
f 3440//4096 3403//4097 3402//4098
f 3440//4099 3439//4092 3403//4100
f 3441//4101 3402//4102 3401//4103
f 3441//4101 3440//4099 3402//4098
f 3442//4104 3401//4105 3400//4106
f 3442//4107 3441//4108 3401//4109
f 3443//4110 3400//4111 3399//4112
f 3443//4113 3442//4114 3400//4115
f 3444//4116 3399//4117 3398//4118
f 3444//4119 3443//4120 3399//4121
f 3445//4122 3398//4123 3397//4124
f 3445//4125 3444//4126 3398//4127
f 3446//4128 3397//4129 3396//4128
f 3446//4130 3445//4125 3397//4129
f 3395//4131 3446//4130 3396//4130
f 3447//4132 3446//4128 3395//4132
f 3448//4133 3395//4134 3394//4135
f 3448//4136 3447//4137 3395//4137
f 3421//4138 3394//4135 3393//4138
f 3421//4139 3448//4140 3394//4141
f 3451//4142 3465//4143 3464//4142
f 3452//4144 3465//4144 3451//1306
f 3453//4145 3466//4145 3465//4146
f 3453//4147 3467//4148 3466//4147
f 3453//4149 3465//4150 3452//4151
f 3454//4152 3467//4152 3453//4149
f 3455//1285 3468//1179 3467//4153
f 3455//4154 3467//3906 3454//3906
f 3456//4155 3469//4155 3468//3993
f 3456//3999 3470//3915 3469//3999
f 3456//3999 3468//4156 3455//3994
f 3457//3915 3470//3915 3456//3999
f 3458//1016 3471//1011 3470//3915
f 3458//1016 3470//3915 3457//3915
f 3459//1010 3472//1278 3471//1011
f 3459//1012 3471//1011 3458//1016
f 3460//1167 3473//4157 3472//3887
f 3460//1160 3472//4158 3459//3961
f 3461//4159 3474//4160 3473//1153
f 3461//1271 3473//1161 3460//1160
f 3462//4161 3475//4161 3474//3972
f 3462//4162 3476//1261 3475//4162
f 3462//4163 3474//3787 3461//1000
f 3463//4164 3476//4164 3462//4165
f 3450//3880 3449//3880 3476//986
f 3450//1139 3476//1257 3463//4012
f 3480//4166 3492//1146 3479//1146
f 3480//4167 3504//4168 3492//1146
f 3481//3933 3503//4169 3504//4170
f 3481//3933 3504//4170 3480//4171
f 3482//4172 3502//1271 3503//4173
f 3482//4174 3503//4169 3481//4175
f 3483//999 3501//3666 3502//4176
f 3483//999 3502//4176 3482//4174
f 3484//1278 3500//1012 3501//4177
f 3484//3798 3501//3666 3483//999
f 3485//1011 3499//1016 3500//1163
f 3485//1008 3500//1012 3484//1278
f 3486//1014 3498//1015 3499//1016
f 3486//1014 3499//1016 3485//1011
f 3487//3952 3497//1028 3498//1015
f 3487//1029 3498//1015 3486//1014
f 3488//3911 3496//3912 3497//1028
f 3488//1179 3497//1028 3487//1021
f 3489//3811 3495//3810 3496//3994
f 3489//4178 3496//1285 3488//3993
f 3490//4145 3493//3688 3494//4145
f 3490//4179 3494//4179 3495//4180
f 3490//4179 3495//3676 3489//1300
f 3491//4181 3477//4182 3493//4183
f 3491//3940 3493//1043 3490//4184
f 3478//4185 3477//4185 3491//1047
f 3508//4186 3520//4187 3507//4187
f 3508//4188 3532//4189 3520//4190
f 3509//3785 3531//1896 3532//4191
f 3509//1262 3532//3853 3508//4192
f 3510//4174 3530//1000 3531//4169
f 3510//1156 3531//4193 3509//4194
f 3511//999 3529//3666 3530//4176
f 3511//999 3530//1270 3510//4174
f 3512//3798 3528//1163 3529//3859
f 3512//1159 3529//1273 3511//1153
f 3513//1164 3527//4195 3528//1163
f 3513//3667 3528//1012 3512//1278
f 3514//1014 3526//1015 3527//1016
f 3514//1014 3527//1276 3513//1008
f 3515//1021 3525//1028 3526//3800
f 3515//1029 3526//3800 3514//1014
f 3516//3806 3524//3860 3525//1172
f 3516//3806 3525//1026 3515//4196
f 3517//3891 3523//4197 3524//4198
f 3517//3947 3524//3801 3516//3993
f 3518//4199 3522//4200 3523//3804
f 3518//3690 3523//4201 3517//3675
f 3519//4202 3521//3817 3522//4203
f 3519//4204 3522//4205 3518//4206
f 3506//4182 3505//4182 3521//4207
f 3506//4185 3521//1047 3519//3986
f 3536//4167 3548//4208 3535//4208
f 3536//4209 3560//1151 3548//1146
f 3537//3976 3559//1157 3560//4210
f 3537//3936 3560//1141 3536//4211
f 3538//3856 3558//1000 3559//3857
f 3538//3856 3559//3857 3537//3936
f 3539//4212 3557//1273 3558//4159
f 3539//996 3558//4213 3538//1267
f 3540//3798 3556//1163 3557//3859
f 3540//1005 3557//1006 3539//999
f 3541//1008 3555//1016 3556//1012
f 3541//1008 3556//1012 3540//1278
f 3542//1014 3554//1015 3555//1016
f 3542//1014 3555//1016 3541//1011
f 3543//1171 3553//1172 3554//1170
f 3543//1171 3554//1170 3542//1014
f 3544//4214 3552//1285 3553//4215
f 3544//1179 3553//1019 3543//1018
f 3545//1030 3551//1031 3552//1032
f 3545//3811 3552//3912 3544//1027
f 3546//4216 3549//4217 3550//4216
f 3546//4179 3550//4179 3551//1291
f 3546//4179 3551//4218 3545//1290
f 3547//4219 3549//4219 3546//3985
f 3534//1046 3533//1046 3549//4151
f 3534//3816 3549//4220 3547//4221
f 3563//4185 3577//3940 3576//4185
f 3564//4222 3578//4223 3577//4224
f 3564//3986 3577//4181 3563//4185
f 3565//3807 3579//1297 3578//4225
f 3565//1853 3578//4226 3564//4227
f 3566//1290 3580//1025 3579//3676
f 3566//1030 3579//3810 3565//3690
f 3567//1173 3581//4228 3580//3805
f 3567//3993 3580//3801 3566//3677
f 3568//1174 3582//1170 3581//1172
f 3568//1171 3581//4229 3567//4156
f 3569//1014 3583//4230 3582//1015
f 3569//1023 3582//1020 3568//1018
f 3570//3916 3583//3916 3569//1014
f 3571//4231 3584//4232 3583//4230
f 3571//4004 3585//1273 3584//4004
f 3571//4233 3583//4234 3570//4234
f 3572//4235 3586//3662 3585//4236
f 3572//4237 3585//4238 3571//4002
f 3573//4239 3587//1897 3586//3964
f 3573//4240 3586//4241 3572//4242
f 3574//4243 3588//3650 3587//4244
f 3574//4013 3587//992 3573//3934
f 3575//4012 3588//4245 3574//4246
f 3562//4247 3561//4247 3588//3650
f 3562//3848 3588//4248 3575//986
f 3591//4249 3605//4250 3604//4249
f 3592//4251 3606//4223 3605//4224
f 3592//4227 3605//3864 3591//4252
f 3593//4253 3607//4254 3606//1303
f 3593//4255 3606//4256 3592//3693
f 3594//3675 3608//3805 3607//4201
f 3594//3677 3607//4257 3593//4199
f 3595//3955 3609//4258 3608//3992
f 3595//4259 3608//4260 3594//4261
f 3596//1175 3610//1020 3609//1019
f 3596//3803 3609//1026 3595//4262
f 3597//1279 3611//3916 3610//3800
f 3597//4263 3610//4264 3596//4265
f 3598//3916 3611//3916 3597//1014
f 3599//4231 3612//4232 3611//4230
f 3599//4266 3613//3792 3612//4266
f 3599//3927 3611//4230 3598//3916
f 3600//4267 3614//4268 3613//1158
f 3600//4269 3613//4270 3599//4271
f 3601//4272 3614//4272 3600//3974
f 3602//4273 3615//4274 3614//4275
f 3602//4276 3616//3649 3615//4276
f 3602//4276 3614//4277 3601//4278
f 3603//4012 3616//4012 3602//4279
f 3590//4280 3589//4280 3616//4281
f 3590//4282 3616//4283 3603//1261
f 3619//4284 3633//3940 3632//4284
f 3620//4251 3634//4223 3633//4224
f 3620//3986 3633//1047 3619//4284
f 3621//3905 3635//1297 3634//4225
f 3621//4285 3634//4226 3620//4227
f 3622//4286 3636//1025 3635//4180
f 3622//1030 3635//3810 3621//3690
f 3623//1173 3637//1172 3636//4287
f 3623//4214 3636//1285 3622//3677
f 3624//1174 3638//1170 3637//1172
f 3624//1171 3637//4229 3623//1027
f 3625//1279 3639//1016 3638//3800
f 3625//4288 3638//1015 3624//1021
f 3626//1164 3640//1163 3639//4195
f 3626//1277 3639//1016 3625//1014
f 3627//1274 3641//3888 3640//4289
f 3627//4158 3640//4290 3626//3962
f 3628//4291 3642//3662 3641//4292
f 3628//4237 3641//4238 3627//4293
f 3629//4239 3643//1897 3642//3964
f 3629//4294 3642//4295 3628//4296
f 3630//4243 3644//4297 3643//4244
f 3630//4013 3643//992 3629//3934
f 3631//4211 3617//4282 3644//4298
f 3631//4299 3644//4300 3630//4301
f 3618//4302 3617//4302 3631//4303
f 3648//3818 3660//3816 3647//3816
f 3648//4207 3661//4183 3660//3816
f 3649//3899 3662//3690 3661//3688
f 3649//3899 3661//3688 3648//3686
f 3650//3810 3663//3811 3662//3690
f 3650//4304 3662//4305 3649//4306
f 3651//4198 3664//1027 3663//1030
f 3651//3912 3663//3811 3650//1031
f 3652//1028 3665//1021 3664//1179
f 3652//1028 3664//1027 3651//3994
f 3653//1015 3666//1014 3665//1021
f 3653//1015 3665//1029 3652//1028
f 3654//1016 3667//1011 3666//1014
f 3654//1016 3666//1014 3653//1015
f 3655//1163 3668//1278 3667//1011
f 3655//1163 3667//1164 3654//1016
f 3656//3666 3669//999 3668//3798
f 3656//3666 3668//1278 3655//1012
f 3657//1270 3670//4174 3669//999
f 3657//4176 3669//999 3656//3666
f 3658//4169 3671//3933 3670//4307
f 3658//3857 3670//3856 3657//1000
f 3659//4170 3672//4166 3671//4175
f 3659//4308 3671//4175 3658//4169
f 3646//3880 3645//3880 3672//4166
f 3646//3880 3672//4171 3659//4308
f 3676//3818 3688//4309 3675//4309
f 3676//3818 3689//3688 3688//4309
f 3677//4226 3690//1853 3689//4227
f 3677//4310 3689//3986 3676//4207
f 3678//1299 3691//3811 3690//3690
f 3678//4304 3690//4305 3677//4306
f 3679//4198 3692//1179 3691//4311
f 3679//3912 3691//4312 3678//1031
f 3680//1172 3693//1174 3692//3806
f 3680//1028 3692//1027 3679//1032
f 3681//1015 3694//1014 3693//3952
f 3681//1015 3693//1021 3680//1028
f 3682//1016 3695//1011 3694//1014
f 3682//1276 3694//1014 3681//1015
f 3683//1012 3696//1278 3695//1011
f 3683//1012 3695//1011 3682//1016
f 3684//4177 3697//1153 3696//1278
f 3684//3660 3696//1005 3683//1163
f 3685//1270 3698//4174 3697//999
f 3685//1270 3697//1153 3684//4177
f 3686//4169 3699//4175 3698//4174
f 3686//3857 3698//3856 3685//1000
f 3687//4168 3700//4166 3699//4175
f 3687//1141 3699//3936 3686//4193
f 3674//3880 3673//3880 3700//4313
f 3674//3880 3700//4192 3687//4168
f 3703//3816 3717//4314 3716//3816
f 3704//4146 3717//4146 3703//3816
f 3705//4200 3718//4199 3717//4219
f 3705//3689 3717//4315 3704//4315
f 3706//1031 3719//1030 3718//3809
f 3706//1031 3718//3690 3705//3899
f 3707//4316 3720//1179 3719//3677
f 3707//1032 3719//3811 3706//1031
f 3708//1019 3721//1175 3720//3678
f 3708//1172 3720//3806 3707//3860
f 3709//1015 3722//1014 3721//1281
f 3709//3800 3721//1029 3708//1028
f 3710//1016 3723//1011 3722//1014
f 3710//1016 3722//1014 3709//1015
f 3711//1012 3724//1278 3723//1011
f 3711//1012 3723//1164 3710//1016
f 3712//4317 3725//999 3724//1005
f 3712//3666 3724//1278 3711//1012
f 3713//1270 3726//4174 3725//999
f 3713//1270 3725//1153 3712//4177
f 3714//4318 3727//4175 3726//4174
f 3714//3857 3726//3856 3713//1000
f 3715//4319 3728//4319 3727//3936
f 3715//988 3701//1146 3728//988
f 3715//4320 3727//4175 3714//1268
f 3702//1146 3701//1146 3715//4320
f 3731//3816 3745//4314 3744//3816
f 3732//4146 3745//4146 3731//3816
f 3733//4321 3746//4199 3745//4219
f 3733//3899 3745//4315 3732//4146
f 3734//1031 3747//1030 3746//3809
f 3734//3810 3746//3809 3733//3899
f 3735//4316 3748//1179 3747//3677
f 3735//1032 3747//3811 3734//1031
f 3736//1019 3749//1175 3748//1179
f 3736//1026 3748//1173 3735//4322
f 3737//3800 3750//1014 3749//1171
f 3737//3800 3749//1029 3736//1028
f 3738//1016 3751//1011 3750//1014
f 3738//1016 3750//1014 3737//1015
f 3739//1012 3752//1278 3751//1011
f 3739//1163 3751//1011 3738//1016
f 3740//1006 3753//999 3752//1005
f 3740//3666 3752//1278 3739//1012
f 3741//1270 3754//4174 3753//999
f 3741//1270 3753//1153 3740//4177
f 3742//4169 3755//4175 3754//4174
f 3742//3857 3754//3856 3741//1000
f 3743//4323 3756//4211 3755//3936
f 3743//4168 3755//4175 3742//1268
f 3730//1146 3729//1146 3756//4192
f 3730//1146 3756//4166 3743//4324
f 3812//4325 3784//4325 3783//4326
f 3811//4326 3812//4325 3783//4326
f 3810//4327 3783//4326 3782//4328
f 3810//4329 3811//4330 3783//4326
f 3809//4331 3782//4328 3781//4332
f 3809//4331 3810//4329 3782//4333
f 3808//4334 3781//4335 3780//4336
f 3808//4334 3809//4331 3781//4332
f 3807//4337 3780//4336 3779//4338
f 3807//4339 3808//4340 3780//4336
f 3806//4341 3779//4338 3778//4342
f 3806//4341 3807//4339 3779//4338
f 3805//4343 3778//4342 3777//4344
f 3805//4343 3806//4345 3778//4342
f 3804//4346 3777//4347 3776//4348
f 3804//4346 3805//4343 3777//4347
f 3803//4349 3776//4348 3775//4350
f 3803//4349 3804//4351 3776//4348
f 3802//4352 3775//4353 3774//4354
f 3802//4352 3803//4349 3775//4353
f 3801//4355 3774//4356 3773//4357
f 3801//4358 3802//4352 3774//4359
f 3800//4360 3801//4361 3773//4362
f 3800//4363 3773//4357 3772//4364
f 3799//4365 3800//4363 3772//4366
f 3799//4365 3772//4366 3771//4367
f 3798//4368 3771//4367 3770//4369
f 3798//4368 3799//4365 3771//4367
f 3797//4370 3798//4368 3770//4369
f 3797//4370 3770//4369 3769//4371
f 3796//4372 3769//4371 3768//4373
f 3796//4372 3797//4370 3769//4371
f 3795//4374 3768//4375 3767//4376
f 3795//4374 3796//4372 3768//4373
f 3794//4377 3767//4378 3766//4379
f 3794//4377 3795//4374 3767//4378
f 3793//4380 3766//4379 3765//4381
f 3793//4382 3794//4377 3766//4379
f 3792//4383 3765//4384 3764//4385
f 3792//4386 3793//4382 3765//4381
f 3791//4387 3764//4388 3763//4389
f 3791//4390 3792//4386 3764//4391
f 3790//4392 3762//4392 3761//4393
f 3790//4392 3763//4389 3762//4392
f 3790//4392 3791//4390 3763//4389
f 3789//4393 3790//4394 3761//4393
f 3788//4395 3761//4393 3760//4396
f 3788//4395 3789//4397 3761//4397
f 3787//4398 3759//4398 3758//4399
f 3787//4398 3760//4396 3759//4398
f 3787//4400 3788//4395 3760//4396
f 3786//4401 3787//4402 3758//4403
f 3785//4404 3758//4403 3757//4404
f 3785//4404 3786//4401 3758//4403
f 3916//1563 3825//1563 3826//1563
f 3915//1570 3916//1570 3826//1570
f 3917//1563 3825//1563 3916//1563
f 3914//1572 3915//1572 3826//1563
f 3918//1915 3825//1915 3917//1915
f 3913//1563 3914//1563 3826//1563
f 3893//4405 3825//4405 3918//4405
f 3912//1565 3913//1565 3826//1565
f 3894//1881 3825//1881 3893//1881
f 3911//1565 3912//1565 3826//1565
f 3895//1563 3824//1563 3825//1563
f 3895//4406 3825//4406 3894//4406
f 3910//1881 3911//1881 3826//1881
f 3896//1568 3824//1568 3895//1568
f 3909//1566 3910//1566 3826//1566
f 3897//1563 3823//1563 3824//1563
f 3897//1886 3824//1886 3896//1886
f 3898//1882 3823//1882 3897//1882
f 4170//1563 3813//1563 3814//1563
f 4170//4407 4169//4407 3813//4407
f 4168//1878 3813//1878 4169//1878
f 4171//1568 4170//1568 3814//1568
f 4167//1886 3813//1886 4168//1886
f 4172//1568 4171//1568 3814//1568
f 4166//1885 3813//1885 4167//1885
f 4173//1565 4172//1565 3814//1565
f 4165//1916 3813//1916 4166//1916
f 4174//1566 4173//1566 3814//1566
f 4164//1915 3813//1915 4165//1915
f 4175//1563 3814//1563 3815//1563
f 4175//1568 4174//1568 3814//1568
f 4163//1565 3813//1565 4164//1565
f 4176//1876 4175//1876 3815//1876
f 4162//4408 3813//4408 4163//4408
f 3827//1563 3909//1563 3826//1563
f 3942//1563 3909//1563 3827//1563
f 3941//1572 3942//1572 3827//1572
f 3943//1563 3909//1563 3942//1563
f 3943//1917 3907//1917 3908//1917
f 3943//1563 3908//1563 3909//1563
f 3940//4409 3941//4409 3827//4409
f 3944//1563 3907//1563 3943//1563
f 3939//1563 3940//1563 3827//1563
f 3919//1563 3907//1563 3944//1563
f 3919//1568 3906//1568 3907//1568
f 3938//1570 3939//1570 3827//1570
f 3920//1568 3906//1568 3919//1568
f 3920//1563 3905//1563 3906//1563
f 3866//1563 3813//1563 4162//1563
f 3866//4410 4158//4410 4157//4410
f 3866//1563 4159//1563 4158//1563
f 3866//1878 4160//1878 4159//1878
f 3866//1563 4161//1563 4160//1563
f 3866//1563 4162//1563 4161//1563
f 3937//1563 3938//1563 3827//1563
f 3921//1568 3905//1568 3920//1568
f 3921//1885 3904//1885 3905//1885
f 3936//1881 3937//1887 3827//1881
f 3922//1917 3904//1568 3921//1568
f 3922//1568 3902//1568 3903//1568
f 3922//1568 3903//1568 3904//1568
f 3935//1565 3936//1565 3827//1565
f 3923//4408 3902//4408 3922//4411
f 3924//1883 3902//1883 3923//1883
f 3924//4412 3901//4412 3902//4412
f 3925//1916 3900//1916 3901//1916
f 3925//4413 3901//4413 3924//4413
f 3828//1563 3930//1563 3931//1563
f 3828//1886 3931//1886 3932//1886
f 3828//4414 3932//4414 3933//4414
f 3828//1569 3933//1569 3934//1569
f 3828//1568 3934//1568 3935//1568
f 3828//1563 3935//1563 3827//1563
f 3865//1878 4157//1878 4156//1878
f 3865//1563 3866//1563 4157//1563
f 3829//1563 3928//1563 3929//1563
f 3829//1563 3929//1563 3930//1563
f 3829//1563 3930//1563 3828//1563
f 4247//1563 3815//1563 3816//1563
f 4248//1563 3816//1563 3817//1563
f 4248//1563 4247//1563 3816//1563
f 4246//1563 3815//1563 4247//1563
f 4246//1563 4177//1563 4176//1563
f 4246//1563 4176//1563 3815//1563
f 4249//1563 3817//1563 3818//1563
f 4249//1563 3818//1563 3819//1563
f 4249//1563 4248//1563 3817//1563
f 4245//1568 4178//1568 4177//1568
f 4245//1568 4177//1568 4246//1568
f 4250//1563 3819//1563 3820//1563
f 4250//1563 4249//1563 3819//1563
f 4244//1563 4178//1563 4245//1563
f 4244//1916 4154//1916 4153//1916
f 4244//1885 4153//1885 4178//1885
f 4251//1563 3820//1563 3821//1563
f 4251//1563 4250//1563 3820//1563
f 4243//1568 4154//1568 4244//1568
f 4243//1563 4155//1563 4154//1563
f 4242//1563 3865//1563 4156//1563
f 4242//1563 4155//1563 4243//1563
f 4242//1568 4156//1568 4155//1568
f 4241//1568 3865//1568 4242//1568
f 4241//1563 3864//1563 3865//1563
f 4240//1563 3864//1563 4241//1563
f 4240//1563 3863//1563 3864//1563
f 4239//1563 3863//1563 4240//1563
f 4144//4415 4143//4415 3830//4415
f 4142//1881 3830//1881 4143//1881
f 4145//1881 4144//1881 3830//1881
f 4141//1568 3830//1568 4142//1568
f 3831//4416 4146//4416 4145//4416
f 3831//1563 4145//1563 3830//1563
f 4140//1565 3830//1565 4141//1565
f 4147//1571 4146//1571 3831//1571
f 4139//1563 3829//1563 3830//1563
f 4139//4417 3830//4417 4140//4417
f 4148//1563 4147//1563 3831//1563
f 4138//4418 3829//4418 4139//4418
f 4149//1563 4148//1563 3831//1563
f 4150//1877 4149//1877 3831//1877
f 4151//1570 4150//1570 3831//1570
f 4152//4419 4151//4419 3831//4419
f 3862//1563 3863//1563 4239//1563
f 4299//1876 3899//1876 3900//1876
f 4300//1887 3925//1887 3926//1887
f 4300//1563 3900//1563 3925//1563
f 4300//1568 4299//1568 3900//1568
f 4298//1563 3899//1563 4299//1563
f 4298//1563 3898//1563 3899//1563
f 4052//1563 3821//1563 3822//1563
f 4052//1563 3822//1563 3823//1563
f 4053//1563 3823//1563 3898//1563
f 4053//1568 4052//1568 3823//1568
f 4053//1563 3898//1563 4298//1563
f 4301//1563 3926//1563 3927//1563
f 4301//1563 4300//1563 3926//1563
f 4051//1563 4251//1563 3821//1563
f 4051//1563 3821//1563 4052//1563
f 4051//1563 4252//1563 4251//1563
f 4054//4420 4053//4421 4298//4421
f 4050//1563 4252//1563 4051//1563
f 4297//1563 4054//1563 4298//1563
f 4055//1563 4054//1563 4297//1563
f 4302//1881 3927//1881 3928//1881
f 4302//1563 4301//1563 3927//1563
f 4296//1563 4056//1563 4055//1563
f 4296//1878 4055//1878 4297//1878
f 4057//1563 4056//1563 4296//1563
f 4303//1570 4138//1570 4137//1570
f 4303//1563 4302//1563 3928//1563
f 4303//1563 3829//1563 4138//1563
f 4303//1563 3928//1563 3829//1563
f 4221//1568 4253//1568 4252//1568
f 4221//1563 4254//1563 4253//1563
f 4222//1563 4252//1563 4050//1563
f 4222//1570 4050//1570 4049//1570
f 4222//1563 4221//1563 4252//1563
f 4295//1563 4057//1563 4296//1563
f 4295//1563 4058//1563 4057//1563
f 4220//1568 4254//1568 4221//1568
f 4220//1563 4255//1563 4254//1563
f 4304//1876 4137//1876 4136//1876
f 4304//1878 4303//1878 4137//1878
f 4223//1563 4074//1563 4073//1563
f 4223//1878 4049//1878 4074//1878
f 4223//1563 4222//1563 4049//1563
f 3832//1568 4128//1568 4127//1568
f 3832//1563 4129//1563 4128//1563
f 3832//1917 4130//1917 4129//1917
f 3832//1913 4131//4422 4130//4422
f 3832//1884 4132//1880 4131//1880
f 3832//1563 4127//1563 4152//1563
f 3832//1563 4152//1563 3831//1563
f 4219//1563 4256//1563 4255//1563
f 4219//1563 4255//1563 4220//1563
f 4294//1878 4059//1878 4058//1878
f 4294//1563 4058//1563 4295//1563
f 4305//1572 4136//1572 4135//1572
f 4305//1563 4304//1563 4136//1563
f 4224//1878 4071//1878 4070//1878
f 4224//1563 4072//1563 4071//1563
f 4224//1563 4073//1563 4072//1563
f 4224//1563 4223//1563 4073//1563
f 4105//1563 4232//1563 4231//1563
f 4105//1568 4104//1568 4232//1568
f 4103//1563 4233//1563 4232//1563
f 4103//1563 4232//1563 4104//1563
f 4106//1565 4105//1565 4231//1565
f 4106//1568 4231//1568 4256//1568
f 4102//1568 4234//1568 4233//1568
f 4102//1563 4233//1563 4103//1563
f 4107//1563 4106//1563 4256//1563
f 4107//1563 4256//1563 4219//1563
f 4293//1563 4060//1563 4059//1563
f 4293//1563 4061//1563 4060//1563
f 4293//1568 4059//1568 4294//1568
f 4101//1568 4234//1568 4102//1568
f 4218//1563 4107//1563 4219//1563
f 4108//1563 4107//1563 4218//1563
f 4126//1565 4234//1565 4101//1565
f 4126//1563 4235//1563 4234//1563
f 4306//1563 4134//1563 4133//1563
f 4306//1568 4135//1568 4134//1568
f 4306//1563 4305//1563 4135//1563
f 4109//1563 4108//1563 4218//1563
f 4225//1563 4068//1563 4067//1563
f 4225//1572 4069//1572 4068//1572
f 4225//1569 4070//1569 4069//1569
f 4225//1563 4224//1563 4070//1563
f 4125//1568 4235//1568 4126//1568
f 4125//1563 4236//1563 4235//1563
f 4292//1878 4062//1878 4061//1878
f 4292//1563 4061//1563 4293//1563
f 4124//1568 4237//1568 4236//1568
f 4124//1563 4236//1563 4125//1563
f 3861//1563 4239//1563 4238//1563
f 3861//1563 3862//1563 4239//1563
f 4307//1878 4306//1878 4133//1878
f 4217//1563 4109//1563 4218//1563
f 4217//1568 4110//1568 4109//1568
f 4217//1563 4111//1563 4110//1563
f 4123//1563 4237//1563 4124//1563
f 4291//1568 4062//1568 4292//1568
f 4291//1563 4063//1563 4062//1563
f 4112//1563 4111//1563 4217//1563
f 4226//1565 4066//1565 4065//1565
f 4226//1568 4067//1568 4066//1568
f 4226//1563 4225//1563 4067//1563
f 4216//1563 4112//1563 4217//1563
f 4216//1568 4113//1568 4112//1568
f 4216//1563 4114//1563 4113//1563
f 4227//1563 4226//1563 4065//1563
f 4227//1881 4064//1881 4063//1881
f 4227//1563 4063//1563 4291//1563
f 4227//1563 4065//1563 4064//1563
f 3833//1563 4132//1563 3832//1563
f 3833//1568 4133//1568 4132//1568
f 3833//1563 4307//1563 4133//1563
f 4215//1563 4116//1563 4115//1563
f 4215//1568 4117//1568 4116//1568
f 4215//1563 4114//1563 4216//1563
f 4215//1568 4115//1568 4114//1568
f 4228//1563 4227//1563 4291//1563
f 4228//1563 4290//1563 4289//1563
f 4228//1563 4291//1563 4290//1563
f 3860//1563 4237//1563 4123//1563
f 3860//1878 4123//1878 4122//1878
f 3860//1563 4238//1563 4237//1563
f 3860//1563 3861//1563 4238//1563
f 4214//1563 4118//1563 4117//1563
f 4214//1563 4119//1563 4118//1563
f 4214//1568 4117//1568 4215//1568
f 4229//1563 4228//1563 4289//1563
f 4229//1878 4289//1878 4288//1878
f 4213//1568 4120//1568 4119//1568
f 4213//1563 4119//1563 4214//1563
f 4230//1563 4288//1563 4287//1563
f 4230//1563 4229//1563 4288//1563
f 3834//1563 4307//1563 3833//1563
f 3834//1563 4308//1563 4307//1563
f 3859//1563 3860//1563 4122//1563
f 4078//1563 4208//1563 4207//1563
f 4079//4423 4078//4423 4207//4423
f 3835//1563 4308//1563 3834//1563
f 3835//1563 4283//1563 4308//1563
f 4077//1568 4208//1568 4078//1568
f 4080//1568 4079//1568 4207//1568
f 4076//1568 4208//1568 4077//1568
f 4081//1568 4080//1568 4207//1568
f 4081//1563 4207//1563 4206//1563
f 4075//1565 4208//1565 4076//1565
f 4075//1563 4209//1563 4208//1563
f 4082//1563 4081//1563 4206//1563
f 4100//1568 4209//1568 4075//1568
f 4083//1915 4082//1915 4206//1915
f 4083//1563 4206//1563 4205//1563
f 4099//1565 4209//1565 4100//1565
f 4099//1568 4210//1568 4209//1568
f 4084//1566 4083//1566 4205//1879
f 4098//1563 4210//1563 4099//1563
f 3858//1563 4122//1563 4121//1563
f 3858//1563 3859//1563 4122//1563
f 3836//1563 4283//1563 3835//1563
f 3836//1568 4284//1568 4283//1568
f 4273//1563 4211//1563 4210//1563
f 4274//1563 4210//1563 4098//1563
f 4274//1887 4098//1887 4097//1887
f 4274//1568 4273//1568 4210//1568
f 4272//1563 4211//1563 4273//1563
f 4275//1884 4274//1884 4097//1884
f 4275//1563 4096//1563 4095//1563
f 4275//1566 4097//1566 4096//1566
f 4271//1563 4211//1563 4272//1563
f 4271//1563 4212//1563 4211//1563
f 4276//1563 4275//1563 4095//1563
f 4276//1565 4095//1565 4094//1565
f 4270//1568 4212//1568 4271//1568
f 4270//1563 4213//1563 4212//1563
f 4277//1563 4276//1563 4094//1563
f 4277//1563 4093//1563 4092//1563
f 4277//1565 4094//1565 4093//1565
f 3857//1563 3858//1563 4121//1563
f 4269//1563 4121//1563 4120//1563
f 4269//1565 4213//1565 4270//1565
f 4269//1563 3857//1563 4121//1563
f 4269//1563 4120//1563 4213//1563
f 4278//1565 4277//1565 4092//1565
f 4278//1568 4092//1568 4091//1568
f 3961//1563 4085//1563 4084//1563
f 3962//1563 4205//1563 4230//1563
f 3962//1563 4084//1563 4205//1563
f 3962//1882 3961//1882 4084//1882
f 3960//1916 4085//1916 3961//1916
f 3960//1563 4086//1563 4085//1563
f 4279//1568 4278//1568 4091//1568
f 4279//1563 4091//1563 4090//1563
f 3963//1563 4230//1563 4287//1563
f 3963//1888 3962//1888 4230//1888
f 3959//1885 4086//1885 3960//1885
f 3959//1568 4087//1568 4086//1568
f 3964//1565 3963//1565 4287//1565
f 3964//1563 4287//1563 4286//1563
f 3958//4408 4087//4408 3959//4408
f 3958//1568 4088//1568 4087//1568
f 3965//1565 3964//1565 4286//1565
f 3965//1565 4286//1565 4285//1565
f 3957//1563 4088//1563 3958//1563
f 3957//1563 4089//1563 4088//1563
f 3966//1565 3965//1565 4285//1565
f 3956//1563 4279//1563 4090//1563
f 3956//1916 4089//1916 3957//1916
f 3956//1563 4090//1563 4089//1563
f 3837//1563 4284//1563 3836//1563
f 3837//1563 4285//1563 4284//1563
f 3955//1572 4279//1572 3956//1572
f 4280//1563 4279//1563 3955//1563
f 3954//1878 4280//1878 3955//1878
f 4281//1878 3953//1878 3952//1878
f 4281//1563 3954//1563 3953//1563
f 4281//1568 4280//1568 3954//1568
f 4282//1563 4281//1563 3952//1563
f 4039//1568 3946//1568 3945//1568
f 4040//1884 3945//1884 3970//1884
f 4040//1563 4039//1563 3945//1563
f 4038//1563 3947//1563 3946//1563
f 4038//1563 3948//1563 3947//1563
f 4038//1568 3946//1568 4039//1568
f 4041//1563 4040//1563 3970//1563
f 4041//1563 3970//1563 3969//1563
f 4037//4424 3949//4424 3948//4424
f 4037//1563 3948//1563 4038//1563
f 4042//1568 3969//1568 3968//1568
f 4042//1563 4041//1563 3969//1563
f 4036//1568 3950//1568 3949//1568
f 4036//1568 3949//1568 4037//1568
f 4035//1565 3951//1565 3950//1565
f 4035//1565 3950//1565 4036//1565
f 4034//1565 3952//1565 3951//1565
f 4034//1563 4282//1563 3952//1563
f 4034//1568 3951//1568 4035//1568
f 3987//1885 4043//1885 4042//1885
f 3987//1568 3968//1568 3967//1568
f 3987//1563 4042//1563 3968//1563
f 3988//1917 3987//4425 3967//1917
f 3988//1885 3967//1885 3966//1886
f 3986//1563 4043//1563 3987//1563
f 3989//1563 3837//1563 3838//1563
f 3989//1563 3966//1563 4285//1563
f 3989//4413 3988//4413 3966//4413
f 3989//1563 4285//1563 3837//1563
f 4331//1568 3856//1568 3857//1568
f 4331//4405 4332//4405 3856//4405
f 4333//1563 3855//1563 3856//1563
f 4333//1563 3856//1563 4332//1563
f 3985//1568 4044//1568 4043//1568
f 3985//1885 4043//1885 3986//1885
f 4330//1563 3857//1563 4269//1563
f 4330//1563 4269//1563 4268//1563
f 4330//4426 4331//4426 3857//4426
f 4334//1913 3855//1913 4333//1913
f 3990//4427 3989//4427 3838//4427
f 4329//1565 4268//1565 4267//1565
f 4329//4428 4330//4428 4268//4428
f 3984//1568 4045//1568 4044//1568
f 3984//1563 4044//1563 3985//1563
f 4309//1569 3855//1569 4334//1569
f 3991//1914 3990//1914 3838//1914
f 4328//1563 4267//1563 4266//1563
f 4328//1878 4329//1878 4267//1878
f 4310//4429 3855//4429 4309//4429
f 3983//1563 4046//1563 4045//1563
f 3983//1568 4045//1568 3984//1568
f 4311//1886 3855//1886 4310//1886
f 3982//1878 4047//1878 4046//1878
f 3982//1878 4046//1878 3983//1878
f 4312//1878 3855//1878 4311//1878
f 3981//1568 4048//1568 4047//1568
f 3981//1568 4047//1568 3982//1568
f 3980//1885 4048//1885 3981//1885
f 3839//1563 3991//1563 3838//1563
f 3839//1563 3992//1563 3991//1563
f 3839//1563 3993//1563 3992//1563
f 3979//1563 4048//1563 3980//1563
f 3979//1563 4023//1563 4048//1563
f 3978//4424 4024//4424 4023//4424
f 3978//1886 4023//1886 3979//1886
f 3977//1563 4025//1563 4024//1563
f 3977//4419 4024//4419 3978//4419
f 3854//1879 4317//1879 4318//1879
f 3854//4430 4318//4430 4319//4430
f 3854//1563 3855//1563 4312//1563
f 3854//1876 4312//1876 4313//1876
f 3854//1571 4313//1571 4314//1571
f 3854//1565 4314//1565 4315//1565
f 3854//1565 4315//1565 4316//1565
f 3854//1565 4316//1565 4317//1565
f 3890//1563 4324//1563 4325//1563
f 3889//1563 4325//1563 4326//1563
f 3889//1913 4326//1913 4327//1913
f 3889//1568 3890//1568 4325//1568
f 4014//1563 4032//1563 4031//1563
f 4014//1565 4013//1565 4032//1565
f 3891//1883 4324//1883 3890//1883
f 4012//1565 4033//1565 4032//1565
f 4012//1566 4032//1566 4013//1566
f 3888//4431 4327//4431 4328//4431
f 3888//1883 3889//1883 4327//1883
f 4015//1565 4031//1565 4030//1565
f 4015//1570 4014//1570 4031//1570
f 3892//4411 4323//4411 4324//4411
f 3892//1563 4324//1563 3891//1563
f 4011//1570 4034//1570 4033//1570
f 4011//4432 4033//4432 4012//4432
f 4011//1563 4282//1563 4034//1563
f 3887//4433 3888//4433 4328//4433
f 3887//1563 4328//1563 4266//1563
f 4016//1563 4030//1563 4029//1563
f 4016//1563 4015//1563 4030//1563
f 3867//1568 4322//1568 4323//1568
f 3867//1563 4323//1563 3892//1563
f 4010//1563 4257//1563 4282//1563
f 4010//1568 4282//1568 4011//1568
f 3886//1563 4266//1563 4265//1563
f 3886//1877 3887//1877 4266//1877
f 4017//1565 4029//1565 4028//1565
f 4017//1563 4016//1563 4029//1563
f 3868//1563 4321//1563 4322//1563
f 3868//1568 4322//1568 3867//1568
f 3885//1563 4265//1563 4264//1563
f 3885//1563 3886//1563 4265//1563
f 4009//1568 4258//1568 4257//1568
f 4009//1563 4257//1563 4010//1563
f 3869//1568 4319//1568 4320//1568
f 3869//4413 4320//4413 4321//4413
f 3869//1568 4321//1568 3868//1568
f 4018//1563 4017//1563 4028//1563
f 3884//1563 4264//1563 4263//1563
f 3884//1570 3885//1570 4264//1570
f 4008//1563 4258//1563 4009//1563
f 4008//1563 4259//1563 4258//1563
f 3870//1568 4319//1568 3869//1568
f 4019//1563 4028//1563 4027//1563
f 4019//1572 4018//1563 4028//1563
f 4007//1568 4259//1568 4008//1568
f 4020//1565 4019//1565 4027//1565
f 4020//1570 4027//1570 4026//1570
f 4006//1568 4259//1568 4007//1568
f 4006//1563 4260//1563 4259//1563
f 3840//1563 3993//1563 3839//1563
f 3840//4434 3994//4434 3993//4434
f 3840//1568 3995//1568 3994//1568
f 4021//1564 4026//1564 4025//1564
f 4021//1876 4020//1876 4026//1876
f 3853//1563 4319//1563 3870//1563
f 3853//1563 3854//1563 4319//1563
f 3853//1563 3870//1563 3871//1563
f 3853//4409 3871//4409 3872//4409
f 3853//1568 3872//1568 3873//1568
f 3853//1880 3873//1880 3874//1880
f 3853//1569 3874//1569 3875//1569
f 3853//1888 3875//1888 3876//1888
f 3853//4435 3876//4435 3877//4435
f 3841//1563 3995//1563 3840//1563
f 3841//1568 3972//1568 3971//1568
f 3841//1563 3996//1563 3995//1563
f 3841//1563 3971//1563 3996//1563
f 3852//1563 3853//1563 3877//1563
f 3852//1563 3877//1563 3878//1563
f 3852//1565 3878//1565 3879//1565
f 3852//1916 3879//1916 3880//1916
f 3852//1915 3880//1915 3881//1915
f 3852//1572 3881//1572 3882//1572
f 3842//1563 3972//1563 3841//1563
f 3842//1568 3973//1568 3972//1568
f 3842//1563 3974//1563 3973//1563
f 3842//4428 3975//4428 3974//4428
f 3851//1563 3884//1563 4263//1563
f 3851//1563 3852//1563 3882//1563
f 3851//4434 3882//4434 3883//4434
f 3851//4419 3883//4419 3884//4419
f 4195//1565 4263//1565 4262//1565
f 4196//1568 4262//1568 4261//1568
f 4196//1876 4195//1876 4262//1876
f 4194//1881 4263//1881 4195//1881
f 4194//1563 3851//1563 4263//1563
f 4197//1563 4261//1563 4260//1563
f 4197//1568 4196//1568 4261//1568
f 4193//4405 3851//4405 4194//4405
f 4198//1563 4260//1563 4006//1563
f 4198//1569 4197//1569 4260//1569
f 4199//1570 4006//1570 4005//1570
f 4199//1876 4198//1876 4006//1876
f 3843//1563 4022//1563 4021//1563
f 3843//1563 4021//1563 4025//1563
f 3843//1563 4025//1563 3977//1563
f 3843//4428 3976//4428 3975//4428
f 3843//1568 3977//1568 3976//1568
f 3843//1563 3975//1563 3842//1563
f 3850//1570 4188//1570 4187//1570
f 3850//1878 4189//1878 4188//1880
f 3850//1879 4190//1879 4189//1879
f 3850//1888 4191//1888 4190//1888
f 3850//1878 4192//1878 4191//1878
f 3850//1885 4193//1885 4192//1885
f 3850//1563 3851//1563 4193//1563
f 3844//1563 3997//1563 4022//1563
f 3844//1563 4022//1563 3843//1563
f 3844//1568 3998//1568 3997//1568
f 3844//1568 3999//1568 3998//1568
f 3849//1568 3850//1568 4187//1568
f 3849//4436 4181//4436 4180//4436
f 3849//1881 4182//1881 4181//1881
f 3849//1887 4183//1887 4182//1887
f 3849//1568 4184//1568 4183//1568
f 3849//1568 4185//1568 4184//1568
f 3849//1876 4186//1876 4185//1876
f 3849//4437 4187//4437 4186//4437
f 3845//1563 3999//1563 3844//1563
f 3845//1563 4000//1563 3999//1563
f 3845//1565 4001//1565 4000//1565
f 3845//1563 4002//1563 4001//1563
f 3848//1563 3849//1563 4180//1563
f 3848//4438 4180//4438 4179//4438
f 3848//1563 4201//1563 4200//1563
f 3848//1916 4202//1916 4201//1916
f 3848//1916 4203//1916 4202//1916
f 3848//4425 4204//4425 4203//4425
f 3848//1563 4179//1563 4204//1563
f 3846//1563 4002//1563 3845//1563
f 3846//1571 4003//1571 4002//1571
f 3846//1566 4004//1566 4003//1566
f 3847//1563 4199//1563 4005//1563
f 3847//1568 3848//1568 4200//1568
f 3847//1563 4004//1563 3846//1563
f 3847//1563 4200//1563 4199//1563
f 3847//1565 4005//1565 4004//1565
f 4336//4439 4335//4439 4363//4440
f 4390//4441 4363//4440 4362//4442
f 4390//4441 4336//4439 4363//4440
f 4389//4443 4362//4444 4361//4445
f 4389//4443 4390//4441 4362//4444
f 4388//4445 4389//4446 4361//4445
f 4387//4447 4360//4447 4359//4448
f 4387//4447 4361//4445 4360//4447
f 4387//4449 4388//4445 4361//4445
f 4386//4450 4359//4451 4358//4452
f 4386//4450 4387//4453 4359//4451
f 4385//4454 4358//4455 4357//4456
f 4385//4457 4386//4450 4358//4452
f 4384//4458 4385//4454 4357//4458
f 4383//4459 4357//4458 4356//4460
f 4383//4461 4384//4458 4357//4458
f 4382//4462 4356//4460 4355//4463
f 4382//4464 4383//4459 4356//4460
f 4381//4465 4354//4465 4353//4466
f 4381//4465 4355//4467 4354//4465
f 4381//4465 4382//4462 4355//4467
f 4380//4468 4381//4465 4353//4466
f 4380//4469 4353//4470 4352//4471
f 4379//4472 4380//4469 4352//4472
f 4378//4473 4379//4471 4352//4471
f 4378//4473 4352//4471 4351//4474
f 4377//4475 4351//4474 4350//4476
f 4377//4475 4378//4473 4351//4474
f 4376//4477 4350//4476 4349//4478
f 4376//4479 4377//4475 4350//4476
f 4375//4480 4349//4481 4348//4482
f 4375//4480 4376//4477 4349//4478
f 4374//4483 4348//4484 4347//4485
f 4374//4483 4375//4480 4348//4486
f 4373//4487 4347//4488 4346//4489
f 4373//4487 4374//4483 4347//4485
f 4372//4490 4346//4491 4345//4492
f 4372//4493 4373//4487 4346//4489
f 4371//4494 4345//4495 4344//4496
f 4371//4497 4372//4493 4345//4492
f 4370//4498 4344//4496 4343//4499
f 4370//4500 4371//4497 4344//4501
f 4369//4502 4343//4499 4342//4503
f 4369//4504 4370//4505 4343//4499
f 4368//4506 4342//4507 4341//4508
f 4368//4506 4369//4504 4342//4503
f 4367//4509 4341//4510 4340//4511
f 4367//4512 4368//4513 4341//4514
f 4366//4515 4340//4516 4339//4517
f 4366//4518 4367//4509 4340//4511
f 4365//4519 4338//4519 4337//4520
f 4365//4519 4339//4517 4338//4519
f 4365//4521 4366//4518 4339//4517
f 4364//4520 4365//4521 4337//4520
f 4506//1715 4433//1715 4507//1715
f 4506//1716 4432//1716 4433//1716
f 4508//1716 4507//1716 4433//1716
f 4505//1718 4432//1718 4506//1718
f 4509//1717 4508//1717 4433//1717
f 4504//1720 4432//1720 4505//1720
f 4510//1716 4509//1716 4433//1716
f 4503//1716 4432//1716 4504//1716
f 4511//1717 4510//1717 4433//1717
f 4502//1726 4432//1726 4503//1726
f 4512//1716 4511//1716 4433//1716
f 4512//1715 4433//1715 4434//1715
f 4501//1723 4432//1723 4502//1723
f 4513//1715 4512//1715 4434//1715
f 4514//1715 4434//1715 4435//1715
f 4514//1716 4513//1716 4434//1716
f 4760//1715 4444//1715 4391//1715
f 4761//1723 4444//1723 4760//1723
f 4759//1731 4760//1731 4391//1731
f 4762//4522 4444//4522 4761//4522
f 4758//4523 4759//4523 4391//4523
f 4763//1715 4444//1715 4762//1715
f 4757//4524 4758//4524 4391//4524
f 4515//4524 4514//4524 4435//4524
f 4764//1717 4444//1717 4763//1717
f 4782//4525 4757//4525 4391//4525
f 4765//1716 4444//1716 4764//1716
f 4781//4526 4782//4526 4391//4526
f 4766//4527 4444//4527 4765//4527
f 4780//4528 4781//4528 4391//4528
f 4767//4529 4444//4529 4766//4529
f 4767//1715 4443//1715 4444//1715
f 4768//1715 4443//1715 4767//1715
f 4533//1716 4501//1716 4500//1716
f 4532//1715 4431//1715 4432//1715
f 4532//1716 4432//1716 4501//1716
f 4532//4530 4501//4530 4533//4530
f 4534//1716 4499//1729 4498//1729
f 4534//4531 4500//4531 4499//4531
f 4534//1715 4533//1715 4500//1715
f 4531//1720 4431//1720 4532//1720
f 4535//1716 4534//1716 4498//1716
f 4530//1728 4431//1728 4531//1728
f 4536//1715 4498//1715 4497//1715
f 4536//1716 4497//1716 4522//1716
f 4536//1715 4535//1715 4498//1715
f 4529//1726 4431//1726 4530//1726
f 4537//1716 4536//1716 4522//1716
f 4528//1716 4431//1716 4529//1716
f 4538//1715 4522//1715 4521//1715
f 4538//1715 4537//1715 4522//1715
f 4527//1735 4431//1735 4528//1735
f 4539//1716 4538//1716 4521//1716
f 4539//1715 4520//1715 4519//1715
f 4539//1716 4521//1716 4520//1716
f 4392//1717 4780//1717 4391//1717
f 4392//4532 4773//4532 4774//4532
f 4392//4524 4774//1719 4775//1719
f 4392//4533 4775//4533 4776//4533
f 4392//1720 4776//1720 4777//1720
f 4392//1715 4777//1715 4778//1715
f 4392//1715 4778//1715 4779//1715
f 4392//1721 4779//1721 4780//1721
f 4540//4534 4539//4534 4519//4534
f 4541//4535 4518//4535 4517//4535
f 4541//1716 4519//1716 4518//1716
f 4541//4525 4540//4525 4519//4525
f 4542//4536 4541//4536 4517//4523
f 4430//4537 4524//4537 4523//4537
f 4430//1715 4525//1715 4524//1715
f 4430//1716 4526//1716 4525//1716
f 4430//1715 4527//1715 4526//1715
f 4430//1720 4548//1720 4547//1720
f 4430//1715 4523//1715 4548//1715
f 4430//1716 4431//1716 4527//1716
f 4393//1715 4773//1715 4392//1715
f 4393//1715 4772//1715 4773//1715
f 4429//1715 4430//1715 4547//1715
f 4429//4523 4546//4523 4545//4523
f 4429//1715 4547//1715 4546//1715
f 4838//1715 4442//1715 4443//1715
f 4839//1715 4441//1715 4442//1715
f 4839//1715 4442//1715 4838//1715
f 4837//1716 4838//1716 4443//1716
f 4837//1715 4443//1715 4768//1715
f 4840//1715 4441//1715 4839//1715
f 4840//1715 4439//1715 4440//1715
f 4840//1715 4440//1715 4441//1715
f 4836//1715 4837//1715 4768//1715
f 4836//1733 4768//1733 4769//1733
f 4841//1715 4439//1715 4840//1715
f 4841//1715 4438//1715 4439//1715
f 4835//1715 4836//1715 4769//1715
f 4835//4524 4769//4524 4770//4524
f 4835//4525 4770//4525 4771//4525
f 4842//1718 4438//1718 4841//1718
f 4842//1715 4437//1715 4438//1715
f 4860//1716 4835//1716 4771//1716
f 4860//4524 4771//4524 4772//4524
f 4859//1715 4772//1715 4393//1715
f 4859//1715 4860//1715 4772//1715
f 4858//1715 4393//1715 4394//1715
f 4858//1715 4859//1715 4393//1715
f 4857//1715 4394//1715 4395//1715
f 4857//1715 4858//1715 4394//1715
f 4856//1715 4857//1715 4395//1715
f 4735//4538 4428//4538 4734//4538
f 4733//1726 4734//1726 4428//1726
f 4736//1723 4428//1723 4735//1723
f 4732//1716 4733//1716 4428//1716
f 4731//1717 4732//1717 4428//1717
f 4427//4539 4736//4539 4737//4539
f 4427//1728 4737//1728 4738//1728
f 4427//1715 4428//1715 4736//1715
f 4756//1726 4731//1722 4428//1726
f 4756//1715 4428//1715 4429//1715
f 4739//1735 4427//1735 4738//1735
f 4755//1717 4756//1717 4429//1717
f 4740//1716 4427//1716 4739//1716
f 4741//1728 4427//1728 4740//1728
f 4742//1731 4427//1731 4741//1731
f 4743//2928 4427//2928 4742//2928
f 4890//1716 4517//1716 4516//1716
f 4891//1715 4517//1715 4890//1715
f 4891//1717 4543//1717 4542//1717
f 4891//1715 4542//1715 4517//1715
f 4396//1715 4856//1715 4395//1715
f 4889//1735 4516//1735 4515//1735
f 4889//1715 4890//1715 4516//1715
f 4663//1715 4435//1715 4436//1715
f 4663//1715 4436//1715 4437//1715
f 4662//1716 4435//1716 4663//1716
f 4662//1715 4515//1715 4435//1715
f 4662//1715 4889//1715 4515//1715
f 4892//1715 4543//1715 4891//1715
f 4892//1715 4544//1715 4543//1715
f 4664//1715 4437//1715 4842//1715
f 4664//1715 4663//1715 4437//1715
f 4664//1715 4842//1715 4843//1715
f 4661//1721 4889//1721 4662//1721
f 4665//1715 4664//1715 4843//1715
f 4888//1715 4889//1715 4661//1715
f 4660//1715 4888//1715 4661//1715
f 4893//1717 4545//1717 4544//1717
f 4893//1717 4544//1717 4892//1717
f 4887//1720 4888//1720 4660//1720
f 4887//1715 4660//1715 4659//1715
f 4658//1715 4887//1715 4659//1715
f 4894//1715 4429//1715 4545//1715
f 4894//1715 4545//1715 4893//1715
f 4894//1720 4754//1720 4755//1720
f 4894//1715 4755//1715 4429//1715
f 4812//1716 4843//1716 4844//1716
f 4812//1715 4844//1715 4845//1715
f 4813//1715 4843//1715 4812//1715
f 4813//1715 4665//1715 4843//1715
f 4813//1720 4666//1720 4665//1720
f 4912//1715 4887//1715 4658//1715
f 4912//1720 4658//1720 4657//1720
f 4811//1715 4845//1715 4846//1715
f 4811//1715 4812//1715 4845//1715
f 4895//1715 4754//1715 4894//1715
f 4895//1728 4753//1728 4754//1728
f 4814//1715 4666//1715 4813//1715
f 4814//1715 4667//1715 4666//1715
f 4814//1715 4668//1715 4667//1715
f 4426//1715 4743//1715 4744//1715
f 4426//1716 4744//1716 4745//1716
f 4426//1716 4745//1716 4746//1716
f 4426//4524 4746//4524 4747//4524
f 4426//1716 4747//1716 4748//1716
f 4426//1716 4748//1716 4749//1716
f 4426//4532 4749//4532 4750//4532
f 4426//1715 4427//1715 4743//1715
f 4810//1715 4846//1715 4847//1715
f 4810//1715 4811//1715 4846//1715
f 4911//1715 4657//1715 4656//1715
f 4911//1715 4912//1715 4657//1715
f 4896//2928 4753//2928 4895//2928
f 4896//1722 4752//1722 4753//1722
f 4815//1715 4669//1715 4668//1715
f 4815//1715 4670//1715 4669//1715
f 4815//1720 4671//1720 4670//1720
f 4815//1715 4668//1715 4814//1715
f 4714//1715 4848//1715 4849//1715
f 4714//1717 4849//1717 4715//1717
f 4716//1715 4849//1715 4850//1715
f 4716//1715 4715//1715 4849//1715
f 4713//1716 4848//1716 4714//1716
f 4713//1716 4847//1716 4848//1716
f 4717//1715 4716//1715 4850//1715
f 4717//1716 4850//1716 4851//1716
f 4712//1715 4847//1715 4713//1715
f 4712//1715 4810//1715 4847//1715
f 4910//1715 4655//1715 4654//1715
f 4910//1715 4656//1715 4655//1715
f 4910//1716 4911//1716 4656//1716
f 4718//1716 4717//1716 4851//1716
f 4809//1715 4810//1715 4712//1715
f 4711//1715 4809//1715 4712//1715
f 4719//1717 4718//1717 4851//1717
f 4719//1715 4851//1715 4852//1715
f 4897//1715 4752//1715 4896//1715
f 4897//4540 4750//4540 4751//4540
f 4897//4533 4751//4533 4752//4533
f 4710//1715 4809//1715 4711//1715
f 4816//1715 4671//1715 4815//1715
f 4816//1715 4672//1715 4671//1715
f 4816//1715 4673//1715 4672//1715
f 4816//1715 4674//1715 4673//1715
f 4720//1716 4719//1716 4852//1716
f 4720//1715 4852//1715 4853//1715
f 4909//1715 4910//1715 4654//1715
f 4909//1715 4654//1715 4653//1715
f 4721//1715 4720//1715 4853//1715
f 4721//1716 4853//1716 4854//1716
f 4898//1720 4750//1720 4897//1720
f 4397//1715 4855//1715 4856//1715
f 4397//1715 4856//1715 4396//1715
f 4834//1715 4709//1715 4708//1715
f 4834//1716 4710//1716 4709//1716
f 4834//1715 4809//1715 4710//1715
f 4722//1716 4721//1716 4854//1716
f 4908//1716 4653//1716 4678//1716
f 4908//1715 4909//1715 4653//1715
f 4707//1715 4834//1715 4708//1715
f 4817//1715 4674//1715 4816//1715
f 4817//1717 4675//1717 4674//1717
f 4817//1728 4676//1728 4675//1728
f 4833//1716 4706//1716 4705//1716
f 4833//1716 4707//1716 4706//1716
f 4833//1715 4834//1715 4707//1715
f 4818//1715 4908//1715 4678//1715
f 4818//1715 4676//1715 4817//1715
f 4818//1715 4677//1715 4676//1715
f 4818//1715 4678//1715 4677//1715
f 4425//1715 4426//1715 4750//1715
f 4425//1715 4750//1715 4898//1715
f 4832//1716 4729//1716 4728//1716
f 4832//1715 4730//1715 4729//1715
f 4832//1715 4705//1715 4730//1715
f 4832//1715 4833//1715 4705//1715
f 4819//1715 4906//1715 4907//1715
f 4819//1720 4907//1720 4908//1720
f 4819//1715 4908//1715 4818//1715
f 4398//1715 4723//1715 4722//1715
f 4398//1715 4722//1715 4854//1715
f 4398//1715 4855//1715 4397//1715
f 4398//1726 4854//1726 4855//1726
f 4831//1715 4727//1715 4726//1715
f 4831//1715 4728//1715 4727//1715
f 4831//1715 4832//1715 4728//1715
f 4820//1715 4906//1715 4819//1715
f 4820//1715 4905//1715 4906//1715
f 4830//1716 4726//1733 4725//1733
f 4830//1715 4831//1715 4726//1715
f 4821//1715 4904//1715 4905//1715
f 4821//1719 4905//1719 4820//1719
f 4424//1715 4898//1715 4899//1715
f 4424//1715 4425//1715 4898//1715
f 4399//1715 4723//1715 4398//1715
f 4423//1715 4899//1715 4900//1715
f 4423//1715 4424//1715 4899//1715
f 4689//1715 4824//1715 4825//1715
f 4688//1715 4824//1715 4689//1715
f 4690//1716 4689//1716 4825//1716
f 4687//1716 4824//1716 4688//1716
f 4691//1717 4690//1717 4825//1717
f 4686//1715 4823//1715 4824//1715
f 4686//1717 4824//1717 4687//1717
f 4692//1715 4825//1715 4826//1715
f 4692//1717 4691//1717 4825//1717
f 4685//1715 4823//1715 4686//1715
f 4693//1716 4692//1716 4826//1716
f 4684//1715 4823//1715 4685//1715
f 4684//1715 4822//1715 4823//1715
f 4694//1715 4826//1715 4827//1715
f 4694//1716 4693//1716 4826//1716
f 4683//1716 4822//1716 4684//1716
f 4695//1715 4694//1715 4827//1715
f 4400//1715 4723//1715 4399//1715
f 4400//1715 4724//1715 4723//1715
f 4422//1716 4900//1716 4901//1716
f 4422//1715 4423//1715 4900//1715
f 4864//1715 4827//1715 4828//1715
f 4865//2928 4696//2928 4695//2928
f 4865//1715 4695//1715 4827//1715
f 4865//1715 4827//1715 4864//1715
f 4863//1715 4864//1715 4828//1715
f 4866//1718 4697//1718 4696//1718
f 4866//1717 4698//1717 4697//1717
f 4866//1715 4696//1715 4865//1715
f 4862//1715 4863//1715 4828//1715
f 4862//1715 4828//1715 4829//1715
f 4867//1734 4699//1734 4698//1734
f 4867//1717 4698//1717 4866//1717
f 4861//1716 4862//1716 4829//1716
f 4861//1715 4829//1715 4830//1715
f 4401//1715 4724//1715 4400//1715
f 4868//1715 4700//1715 4699//1715
f 4868//1715 4701//1715 4700//1715
f 4868//1726 4699//1726 4867//1718
f 4886//1715 4830//1715 4725//1715
f 4886//1715 4725//1715 4724//1715
f 4886//1717 4861//1717 4830//1717
f 4869//1716 4702//1716 4701//1716
f 4869//1715 4701//1715 4868//1715
f 4552//1715 4683//1715 4682//1715
f 4553//1716 4821//1716 4822//1716
f 4553//1715 4822//1715 4683//1715
f 4553//4524 4683//4524 4552//4524
f 4551//1715 4552//1715 4682//1715
f 4551//1716 4682//1716 4681//1716
f 4870//2928 4703//2928 4702//2928
f 4870//1715 4702//1715 4869//1715
f 4554//1715 4904//1715 4821//1715
f 4554//4541 4821//4541 4553//4541
f 4550//1715 4551//1715 4681//1715
f 4550//1715 4681//1715 4680//1715
f 4555//1716 4903//1716 4904//1716
f 4555//1715 4904//1715 4554//1715
f 4549//1716 4550//1716 4680//1716
f 4549//1716 4680//1716 4679//1716
f 4556//1717 4902//1717 4903//1717
f 4556//1716 4903//1716 4555//1716
f 4574//1715 4549//1715 4679//1715
f 4574//1715 4679//1715 4704//1715
f 4557//2926 4902//2926 4556//2926
f 4421//1715 4901//1715 4902//1715
f 4421//1715 4422//1715 4901//1715
f 4573//1716 4704//1716 4703//1716
f 4573//1715 4703//1715 4870//1715
f 4573//1715 4574//1715 4704//1715
f 4572//1716 4573//1716 4870//1716
f 4871//1715 4572//1715 4870//1715
f 4571//1715 4572//1715 4871//1715
f 4872//1716 4571//1716 4871//1716
f 4872//1715 4569//1715 4570//1715
f 4872//4540 4570//4540 4571//4540
f 4873//1715 4569//1715 4872//1715
f 4630//1726 4562//1726 4563//1726
f 4631//1715 4562//1715 4630//1715
f 4631//1715 4561//1715 4562//1715
f 4629//1726 4563//1726 4564//1726
f 4629//1715 4564//1715 4565//1715
f 4629//1716 4630//1716 4563//1716
f 4632//1715 4561//1715 4631//1715
f 4632//1715 4560//1715 4561//1715
f 4628//1715 4629//1715 4565//1715
f 4628//1715 4565//1715 4566//1715
f 4633//1715 4560//1715 4632//1715
f 4633//1716 4559//1716 4560//1716
f 4627//1716 4628//1716 4566//1716
f 4627//4533 4566//4533 4567//4533
f 4652//4541 4567//4541 4568//4541
f 4652//4542 4627//4542 4567//4542
f 4651//1716 4652//1716 4568//1716
f 4651//1716 4568//1716 4569//1716
f 4651//1715 4569//1715 4873//1715
f 4480//1715 4401//1715 4402//1715
f 4480//1715 4402//1715 4481//1715
f 4482//1715 4402//1715 4403//1715
f 4482//1716 4481//1716 4402//1716
f 4479//1715 4724//1715 4401//1715
f 4479//1715 4886//1715 4724//1715
f 4479//4525 4401//4525 4480//4525
f 4479//1715 4885//1715 4886//1715
f 4483//4524 4482//4524 4403//4524
f 4478//1720 4885//1720 4479//1720
f 4478//1716 4884//1716 4885//1716
f 4484//1720 4483//1720 4403//1720
f 4477//1728 4884//1728 4478//1728
f 4477//1715 4883//1715 4884//1715
f 4578//4524 4633//4524 4634//4524
f 4578//1716 4558//1716 4559//1716
f 4578//1715 4559//1715 4633//1715
f 4579//4536 4557//4536 4558//4536
f 4579//1715 4558//1715 4578//1715
f 4577//1726 4578//1726 4634//1726
f 4580//1715 4420//1715 4421//1715
f 4580//1715 4421//1715 4902//1715
f 4580//4543 4557//4543 4579//4544
f 4580//1715 4902//1715 4557//1715
f 4485//1715 4484//1715 4403//1715
f 4576//1716 4634//1716 4635//1716
f 4576//1715 4577//1715 4634//1715
f 4581//4545 4420//4545 4580//4545
f 4575//1716 4635//1716 4636//1716
f 4575//1720 4576//1720 4635//1720
f 4486//1716 4485//1716 4403//1716
f 4600//1715 4575//1715 4636//1715
f 4600//1716 4636//1716 4637//1716
f 4599//1715 4637//1715 4638//1715
f 4599//4546 4600//4546 4637//4546
f 4487//1715 4486//1715 4403//1715
f 4419//1715 4420//1715 4581//1715
f 4419//1715 4581//1715 4582//1715
f 4419//1715 4582//1715 4583//1715
f 4598//1716 4599//1716 4638//1716
f 4598//1716 4638//1716 4639//1716
f 4488//1716 4487//1716 4403//1716
f 4597//1716 4598//1716 4639//1716
f 4596//1715 4597//1715 4639//1715
f 4596//1719 4639//1719 4640//1719
f 4595//1720 4596//1720 4640//1720
f 4595//1720 4640//1720 4641//1720
f 4594//1715 4595//1715 4641//1715
f 4594//1715 4641//1715 4642//1715
f 4404//1717 4492//1717 4491//1717
f 4404//1728 4493//1728 4492//1728
f 4404//1715 4488//1715 4403//1715
f 4404//1716 4489//1716 4488//1716
f 4404//1717 4490//1717 4489//1717
f 4404//1715 4491//1715 4490//1715
f 4454//1716 4474//1716 4455//1716
f 4454//1716 4475//1716 4474//1716
f 4456//1715 4455//1715 4474//1715
f 4456//4541 4474//4541 4473//4541
f 4453//4523 4475//4523 4454//4523
f 4453//4524 4476//4547 4475//4524
f 4457//1716 4456//1716 4473//1716
f 4457//1715 4472//1715 4471//1715
f 4457//1716 4473//1716 4472//1716
f 4452//1715 4883//1715 4477//1715
f 4452//4525 4476//4525 4453//4525
f 4452//4524 4477//4524 4476//4524
f 4458//1715 4457//1715 4471//1715
f 4451//1735 4883//1735 4452//1735
f 4451//1715 4882//1715 4883//1715
f 4605//1717 4649//1717 4604//1717
f 4605//1726 4648//1726 4649//1726
f 4459//1715 4496//1715 4495//1715
f 4459//1716 4471//1716 4496//1716
f 4459//1716 4458//1716 4471//1716
f 4603//1726 4604//1726 4649//1726
f 4603//1717 4649//1717 4650//1717
f 4606//1717 4647//1717 4648//1717
f 4606//1721 4648//1721 4605//1721
f 4602//1715 4651//1715 4873//1715
f 4602//4548 4603//4548 4650//4548
f 4602//4549 4650//4549 4651//4549
f 4450//1717 4881//1717 4882//1717
f 4450//1728 4882//1728 4451//1728
f 4607//1717 4647//1717 4606//1717
f 4607//1715 4646//1715 4647//1715
f 4601//1716 4602//1716 4873//1716
f 4601//1715 4873//1715 4874//1715
f 4460//4550 4459//4550 4495//4550
f 4608//1715 4646//1715 4607//1715
f 4608//1715 4645//1715 4646//1715
f 4626//4541 4601//4541 4874//4541
f 4626//1716 4874//1716 4875//1716
f 4449//1720 4881//1720 4450//1720
f 4449//1715 4880//1715 4881//1715
f 4609//1715 4645//1715 4608//1715
f 4625//4551 4626//4551 4875//4551
f 4625//1715 4875//1715 4876//1715
f 4461//1716 4495//1716 4494//1716
f 4461//1716 4460//1716 4495//1716
f 4418//1715 4583//1715 4584//1715
f 4418//1716 4584//1716 4585//1716
f 4418//4552 4585//4552 4586//4552
f 4418//1715 4419//1715 4583//1715
f 4610//1724 4645//1724 4609//1724
f 4610//1715 4644//1715 4645//1715
f 4624//1716 4625//1716 4876//1716
f 4611//1731 4644//1731 4610//1731
f 4611//1717 4643//1717 4644//1717
f 4462//1715 4494//1715 4493//1715
f 4462//4524 4461//4524 4494//4524
f 4462//1715 4493//1715 4404//1715
f 4623//4536 4624//4536 4876//4536
f 4623//1715 4876//1715 4877//1715
f 4612//4553 4643//4553 4611//4553
f 4612//1727 4642//1727 4643//1727
f 4405//1716 4462//1716 4404//1716
f 4405//1717 4463//1717 4462//1717
f 4405//1716 4464//1716 4463//1716
f 4405//1726 4465//1726 4464//1726
f 4405//1734 4466//1734 4465//1734
f 4405//1720 4467//1720 4466//1720
f 4417//1715 4586//1715 4587//1715
f 4417//1715 4587//1715 4588//1715
f 4417//1715 4418//1715 4586//1715
f 4417//1716 4588//1716 4589//1716
f 4406//1716 4446//1716 4445//1716
f 4406//1718 4447//1718 4446//1718
f 4406//1716 4468//1716 4467//1716
f 4406//1715 4469//1715 4468//1715
f 4406//1716 4470//1716 4469//1716
f 4406//1717 4445//1717 4470//1717
f 4406//1715 4467//1715 4405//1715
f 4416//1715 4417//1715 4589//1715
f 4416//4546 4589//4546 4590//4546
f 4416//1715 4590//1715 4591//4537
f 4416//1717 4591//1717 4592//1717
f 4407//1715 4880//1715 4449//1715
f 4407//1715 4447//1715 4406//1715
f 4407//1716 4448//1716 4447//1716
f 4407//4526 4449//4526 4448//4526
f 4415//1715 4592//1715 4593//1715
f 4415//1716 4593//1716 4594//1716
f 4415//1715 4612//1715 4613//1715
f 4415//1715 4642//1715 4612//1715
f 4415//1715 4594//1715 4642//1715
f 4415//1715 4416//1715 4592//1715
f 4786//1715 4879//1715 4880//1715
f 4787//1715 4878//1715 4879//1715
f 4787//1719 4879//1719 4786//1719
f 4785//1715 4880//1715 4407//1715
f 4785//1717 4786//1717 4880//1717
f 4788//1716 4877//1716 4878//1716
f 4788//1718 4878//1718 4787//1718
f 4784//1720 4785//1720 4407//1720
f 4789//1715 4623//1715 4877//1715
f 4789//4554 4877//4554 4788//4554
f 4790//1735 4623//1735 4789//1735
f 4408//4552 4806//4552 4807//4552
f 4408//1715 4807//1715 4808//1715
f 4408//2927 4808//2927 4783//2927
f 4408//4555 4783//4555 4784//4555
f 4408//1715 4784//1715 4407//1715
f 4805//4556 4806//4556 4408//4556
f 4804//4557 4805//4557 4408//4557
f 4414//4525 4613//4525 4614//4525
f 4414//4526 4614//4526 4615//4526
f 4414//4533 4615//4533 4616//4533
f 4414//1715 4415//1715 4613//1715
f 4409//1724 4797//1724 4798//1724
f 4409//4558 4798//4558 4799//4558
f 4409//1728 4799//1728 4800//1725
f 4409//1715 4800//1715 4801//1715
f 4409//1723 4801//1723 4802//1723
f 4409//4532 4802//4532 4803//4532
f 4409//4559 4803//4559 4804//4559
f 4409//1715 4804//1715 4408//1715
f 4413//1725 4616//1725 4617//1725
f 4413//1734 4617//1734 4618//1734
f 4413//4560 4618//4560 4619//4561
f 4413//1715 4414//1715 4616//1715
f 4410//1715 4797//1715 4409//1715
f 4410//4524 4794//4524 4795//4524
f 4410//1715 4795//1715 4796//1715
f 4410//1716 4796//1716 4797//1716
f 4410//4562 4790//4562 4791//4562
f 4410//1715 4791//1715 4792//1715
f 4410//1715 4792//1715 4793//1715
f 4410//4528 4793//4528 4794//4528
f 4412//1716 4619//1728 4620//1728
f 4412//1716 4620//1716 4621//1716
f 4412//1715 4413//1715 4619//1715
f 4411//1715 4790//1715 4410//1715
f 4411//1717 4621//1717 4622//1717
f 4411//1718 4622//1718 4623//1718
f 4411//1715 4412//1715 4621//1715
f 4411//1715 4623//1715 4790//1715
f 4913//2571 4928//4563 4927//2571
f 4914//2573 4929//4564 4928//2572
f 4914//4565 4928//4566 4913//2571
f 4915//1871 4930//4567 4929//4568
f 4915//1871 4929//4568 4914//2566
f 4916//2703 4931//2704 4930//2821
f 4916//4569 4930//4570 4915//4571
f 4917//4572 4932//2816 4931//2815
f 4917//4573 4931//4574 4916//2820
f 4918//4575 4933//2539 4932//2542
f 4918//2698 4932//2542 4917//2823
f 4919//2538 4934//2533 4933//2543
f 4919//2538 4933//2539 4918//4575
f 4920//2532 4935//4576 4934//4577
f 4920//2532 4934//2533 4919//2538
f 4921//4576 4935//4576 4920//2532
f 4922//4578 4936//4578 4935//4579
f 4922//4580 4937//4581 4936//4580
f 4922//4580 4935//4582 4921//4582
f 4923//4583 4938//4584 4937//4585
f 4923//4583 4937//4586 4922//4587
f 4924//4588 4939//4589 4938//4590
f 4924//4591 4938//4584 4923//4583
f 4925//4592 4939//4592 4924//4591
f 4926//4593 4940//4593 4939//4594
f 4926//4593 4939//4594 4925//4594
f 4942//4595 4955//2571 4941//2571
f 4942//4595 4956//4595 4955//2571
f 4942//4596 4957//4564 4956//4596
f 4943//1871 4958//2821 4957//4568
f 4943//1871 4957//4597 4942//4595
f 4944//2703 4959//2704 4958//2821
f 4944//4569 4958//2821 4943//4571
f 4945//4572 4960//2816 4959//2815
f 4945//4573 4959//4574 4944//2820
f 4946//4575 4961//2539 4960//2542
f 4946//2698 4960//2542 4945//2823
f 4947//2538 4962//2533 4961//2539
f 4947//2538 4961//2543 4946//4575
f 4948//2532 4963//4576 4962//2533
f 4948//2532 4962//4577 4947//2538
f 4949//4576 4963//4576 4948//2532
f 4950//2805 4964//2806 4963//4579
f 4950//2523 4963//4582 4949//4582
f 4951//4585 4965//4583 4964//2531
f 4951//4581 4964//2531 4950//2530
f 4952//4598 4966//4598 4965//4583
f 4952//4599 4967//4589 4966//4600
f 4952//4600 4965//4601 4951//4581
f 4953//4592 4967//4592 4952//4598
f 4954//4593 4968//4593 4967//4594
f 4954//4593 4967//4594 4953//4594
f 4969//4602 4984//4603 4983//4602
f 4970//4595 4984//4595 4969//4602
f 4971//4564 4985//2824 4984//4596
f 4971//4604 4984//4595 4970//4595
f 4972//4605 4986//4605 4985//4571
f 4972//4606 4987//4607 4986//4606
f 4972//4608 4985//4609 4971//4568
f 4973//4610 4987//4610 4972//4606
f 4974//2816 4988//2541 4987//4611
f 4974//4612 4987//4610 4973//4610
f 4975//2539 4989//2538 4988//2698
f 4975//4613 4988//4614 4974//4612
f 4976//2533 4990//2532 4989//2538
f 4976//2533 4989//2538 4975//2539
f 4977//4615 4991//2697 4990//4616
f 4977//2534 4990//4616 4976//2533
f 4978//4580 4992//4580 4991//2537
f 4978//4617 4993//4618 4992//4617
f 4978//4619 4991//2804 4977//4620
f 4979//4618 4993//4618 4978//4617
f 4980//4621 4994//4621 4993//4618
f 4980//4622 4995//4623 4994//4622
f 4980//4621 4993//4618 4979//4618
f 4981//4589 4995//4589 4980//4600
f 4982//4624 4996//4624 4995//4592
f 4982//4624 4995//4592 4981//4592
f 4998//4566 5011//4625 4997//4625
f 4998//4626 5012//2563 5011//4602
f 4999//4568 5013//4609 5012//4565
f 4999//4568 5012//4565 4998//4626
f 5000//2821 5014//2703 5013//4609
f 5000//4570 5013//2824 4999//4627
f 5001//2704 5015//2823 5014//2703
f 5001//4574 5014//2820 5000//4567
f 5002//2542 5016//4575 5015//2823
f 5002//2542 5015//2823 5001//2704
f 5003//2539 5017//4628 5016//4629
f 5003//2543 5016//4575 5002//2542
f 5004//2533 5018//2532 5017//2538
f 5004//2533 5017//2538 5003//2539
f 5005//4576 5019//4576 5018//4630
f 5005//4631 5020//4617 5019//4582
f 5005//4632 5018//2532 5004//2533
f 5006//4587 5020//4587 5005//4576
f 5007//4618 5021//4618 5020//4617
f 5007//4633 5022//4621 5021//4633
f 5007//4618 5020//4617 5006//4617
f 5008//4600 5022//4600 5007//4634
f 5009//4635 5023//4636 5022//4637
f 5009//4638 5022//4621 5008//4621
f 5010//4593 5024//4593 5023//4636
f 5010//2785 5023//4639 5009//4640
f 5025//4641 5040//4642 5039//4641
f 5026//4643 5040//4644 5025//4645
f 5027//4646 5041//4647 5040//4642
f 5027//4648 5040//4649 5026//4650
f 5028//4651 5042//4652 5041//1865
f 5028//4653 5041//1866 5027//4654
f 5029//4655 5043//4656 5042//4657
f 5029//4658 5042//4659 5028//4660
f 5030//2702 5044//4661 5043//2549
f 5030//4662 5043//4663 5029//2556
f 5031//2539 5045//4664 5044//4629
f 5031//4665 5044//4666 5030//2816
f 5032//2533 5046//2532 5045//2538
f 5032//2533 5045//2538 5031//2543
f 5033//4620 5047//2528 5046//4630
f 5033//4615 5046//4616 5032//2807
f 5034//2803 5048//4667 5047//2804
f 5034//4668 5047//2528 5033//4620
f 5035//4669 5049//4670 5048//4671
f 5035//2690 5048//4672 5034//4673
f 5036//4674 5050//4675 5049//4676
f 5036//4584 5049//4583 5035//4586
f 5037//4677 5051//4678 5050//4679
f 5037//4680 5050//4681 5036//1910
f 5038//4682 5052//4682 5051//2791
f 5038//4682 5051//4683 5037//4684
f 5053//4685 5068//4686 5067//4685
f 5054//4596 5068//4596 5053//2713
f 5055//4687 5069//4647 5068//4688
f 5055//4689 5068//4649 5054//4649
f 5056//4690 5070//4691 5069//4692
f 5056//4693 5069//4694 5055//4695
f 5057//2547 5071//2546 5070//4696
f 5057//4697 5070//4652 5056//4698
f 5058//4699 5072//4700 5071//4701
f 5058//4702 5071//4703 5057//4704
f 5059//4665 5073//4664 5072//4629
f 5059//2539 5072//2698 5058//2542
f 5060//2533 5074//2532 5073//2538
f 5060//2533 5073//2538 5059//2539
f 5061//4705 5075//4706 5074//4707
f 5061//4705 5074//4707 5060//2807
f 5062//4708 5076//4709 5075//4710
f 5062//4711 5075//4712 5061//4713
f 5063//4714 5077//4714 5076//4667
f 5063//4715 5078//4716 5077//4715
f 5063//4717 5076//2800 5062//4718
f 5064//4719 5078//4719 5063//4720
f 5065//4721 5079//4678 5078//4722
f 5065//4723 5078//4724 5064//4725
f 5066//4726 5080//4726 5079//4727
f 5066//4728 5079//4729 5065//4730
f 5081//4731 5096//4642 5095//4731
f 5082//4732 5096//4732 5081//4733
f 5083//4687 5097//4647 5096//4734
f 5083//4648 5096//4649 5082//4649
f 5084//4651 5098//4652 5097//1865
f 5084//4735 5097//4736 5083//4737
f 5085//4738 5099//4656 5098//4739
f 5085//4658 5098//4659 5084//4660
f 5086//2702 5100//2551 5099//2549
f 5086//4662 5099//4663 5085//2556
f 5087//2543 5101//4664 5100//2541
f 5087//4665 5100//4666 5086//2816
f 5088//2533 5102//2532 5101//2540
f 5088//4577 5101//4740 5087//2543
f 5089//4620 5103//2528 5102//4741
f 5089//4615 5102//4707 5088//2807
f 5090//4668 5104//4667 5103//2804
f 5090//4668 5103//2528 5089//4620
f 5091//4669 5105//4670 5104//4671
f 5091//2526 5104//4742 5090//4673
f 5092//4674 5106//4675 5105//4743
f 5092//4584 5105//4583 5091//4586
f 5093//4744 5107//4745 5106//4679
f 5093//4746 5108//4682 5107//4746
f 5093//4623 5106//4681 5092//1910
f 5094//4682 5108//4682 5093//4589
f 5110//4747 5123//4748 5109//4748
f 5110//4749 5136//4750 5123//4593
f 5111//4751 5135//4752 5136//4753
f 5111//4588 5136//4640 5110//4639
f 5112//4754 5134//4755 5135//4756
f 5112//4757 5135//4758 5111//2786
f 5113//2687 5133//2530 5134//4759
f 5113//2531 5134//4585 5112//4583
f 5114//4706 5132//4705 5133//4760
f 5114//2537 5133//2523 5113//2531
f 5115//4741 5131//2533 5132//2534
f 5115//4630 5132//2534 5114//2528
f 5116//2538 5130//2539 5131//2533
f 5116//2538 5131//2533 5115//2532
f 5117//4575 5129//2542 5130//2543
f 5117//2698 5130//2539 5116//2538
f 5118//4572 5128//2822 5129//2542
f 5118//4572 5129//2816 5117//2541
f 5119//4761 5127//4762 5128//4763
f 5119//4696 5128//4764 5118//4765
f 5120//4571 5126//4627 5127//2821
f 5120//2824 5127//4766 5119//4767
f 5121//4768 5124//2711 5125//4768
f 5121//4686 5125//4769 5126//4770
f 5121//4603 5126//4771 5120//2824
f 5122//4772 5124//4772 5121//4773
f 5138//4774 5151//4775 5137//4775
f 5138//4776 5163//4777 5164//4776
f 5138//4589 5164//4589 5151//4624
f 5139//4778 5162//4601 5163//4588
f 5139//1911 5163//2786 5138//4592
f 5140//2688 5161//2531 5162//4779
f 5140//4780 5162//4781 5139//1911
f 5141//4668 5160//4579 5161//2806
f 5141//2798 5161//2525 5140//2526
f 5142//4579 5160//4579 5141//2805
f 5143//4782 5158//2538 5159//4782
f 5143//4783 5159//4783 5160//4582
f 5143//4783 5160//4582 5142//4582
f 5144//2543 5157//4784 5158//4664
f 5144//2539 5158//2538 5143//4782
f 5145//4785 5157//4785 5144//4786
f 5146//4607 5155//4787 5156//4607
f 5146//4610 5156//4610 5157//4788
f 5146//4607 5157//4785 5145//4785
f 5147//4606 5155//4606 5146//4607
f 5148//4789 5153//4790 5154//4789
f 5148//4791 5154//4791 5155//4792
f 5148//4793 5155//4608 5147//4787
f 5149//4794 5152//4733 5153//4795
f 5149//4566 5153//2566 5148//4796
f 5150//2711 5152//2711 5149//2570
f 5166//2781 5179//4682 5165//4682
f 5166//4797 5192//4684 5179//4775
f 5167//4798 5191//4590 5192//4638
f 5167//2789 5192//4753 5166//4799
f 5168//4670 5190//4669 5191//4800
f 5168//4670 5191//1910 5167//4801
f 5169//4667 5189//4668 5190//4802
f 5169//4742 5190//2526 5168//4601
f 5170//2537 5188//4803 5189//4673
f 5170//2804 5189//4804 5169//2806
f 5171//4630 5187//2533 5188//2534
f 5171//4741 5188//2534 5170//2528
f 5172//2538 5186//2539 5187//4577
f 5172//2538 5187//2533 5171//2532
f 5173//4629 5185//2542 5186//2539
f 5173//4575 5186//2543 5172//2538
f 5174//4765 5184//4805 5185//4612
f 5174//2823 5185//2542 5173//4575
f 5175//2820 5183//2821 5184//2822
f 5175//2703 5184//2704 5174//4573
f 5176//4609 5182//4568 5183//2821
f 5176//4806 5183//2826 5175//4807
f 5177//4595 5180//2571 5181//4595
f 5177//4808 5181//4808 5182//4809
f 5177//4808 5182//4810 5176//4609
f 5178//2571 5180//2571 5177//4595
f 5194//4811 5207//4602 5193//4602
f 5194//2834 5208//4812 5207//4813
f 5195//4791 5209//4814 5208//2573
f 5195//4815 5210//4816 5209//4815
f 5195//4817 5208//4565 5194//4626
f 5196//4605 5210//4605 5195//4817
f 5197//2705 5211//2557 5210//4792
f 5197//4805 5210//4818 5196//4818
f 5198//4819 5212//4819 5211//4572
f 5198//4785 5213//4820 5212//4785
f 5198//4821 5211//4822 5197//2547
f 5199//4820 5213//4820 5198//4785
f 5200//2533 5214//2532 5213//4820
f 5200//4577 5213//4823 5199//4823
f 5201//2534 5215//2528 5214//4741
f 5201//4824 5214//4630 5200//4825
f 5202//4587 5216//4587 5215//2528
f 5202//4580 5217//4826 5216//4580
f 5202//4827 5215//4828 5201//4705
f 5203//4829 5217//4829 5202//4830
f 5204//4831 5218//4681 5217//4829
f 5204//4832 5217//4833 5203//4833
f 5205//2790 5219//2781 5218//2789
f 5205//4834 5218//4798 5204//4590
f 5206//4748 5220//4748 5219//4747
f 5206//4835 5219//4836 5205//2684
f 5251//4837 5222//4838 5221//4838
f 5251//4839 5221//4840 5249//4841
f 5252//4842 5249//4843 5248//4844
f 5252//4845 5251//4846 5249//4847
f 5253//4848 5248//4849 5247//4850
f 5253//4851 5252//4842 5248//4844
f 5254//4852 5247//4853 5246//4854
f 5254//4855 5253//4856 5247//4850
f 5255//4857 5246//4854 5245//4858
f 5255//4859 5254//4855 5246//4860
f 5256//4861 5245//4862 5244//4863
f 5256//4864 5255//4865 5245//4858
f 5257//4866 5244//4867 5243//4868
f 5257//4869 5256//4870 5244//4871
f 5258//4872 5243//4873 5242//4874
f 5258//4875 5257//4876 5243//4877
f 5259//4878 5242//4879 5241//4880
f 5259//4881 5258//4882 5242//4883
f 5260//4884 5241//4885 5240//4886
f 5260//4884 5259//4881 5241//4880
f 5261//4887 5260//4884 5240//4886
f 5261//4888 5240//4889 5239//4890
f 5262//4891 5261//4892 5239//4893
f 5262//4894 5239//4890 5238//4895
f 5263//4896 5262//4891 5238//4897
f 5263//4898 5238//4899 5237//4900
f 5264//4901 5263//4896 5237//4902
f 5264//4903 5237//4904 5236//4905
f 5265//4906 5236//4905 5235//4907
f 5265//4906 5264//4908 5236//4909
f 5266//4910 5235//4911 5234//4912
f 5266//4913 5265//4914 5235//4907
f 5267//4915 5234//4916 5233//4917
f 5267//4915 5266//4910 5234//4918
f 5268//4919 5233//4920 5232//4921
f 5268//4922 5267//4915 5233//4920
f 5269//4923 5232//4924 5231//4925
f 5269//4926 5268//4927 5232//4928
f 5270//4929 5231//4930 5230//4931
f 5270//4932 5269//4933 5231//4934
f 5271//4935 5230//4936 5229//4937
f 5271//4938 5270//4939 5230//4940
f 5272//4941 5229//4942 5228//4943
f 5272//4944 5271//4935 5229//4945
f 5273//4946 5228//4947 5227//4948
f 5273//4949 5272//4950 5228//4943
f 5274//4951 5227//4952 5226//4953
f 5274//4954 5273//4949 5227//4952
f 5275//4955 5226//4953 5225//4956
f 5275//4957 5274//4954 5226//4953
f 5276//4958 5225//4956 5224//4959
f 5276//4958 5275//4960 5225//4956
f 5250//4961 5224//4962 5223//4961
f 5250//4961 5276//4963 5224//4959
f 5278//4964 5291//2711 5277//2711
f 5278//4965 5292//4966 5291//4967
f 5279//4968 5293//2706 5292//4969
f 5279//4737 5292//4970 5278//2570
f 5280//4653 5294//4971 5293//4736
f 5280//4972 5293//4973 5279//4564
f 5281//4974 5295//4975 5294//4807
f 5281//2705 5294//4976 5280//2707
f 5282//4977 5296//2819 5295//2557
f 5282//2701 5295//2549 5281//2547
f 5283//2539 5297//2538 5296//4978
f 5283//2539 5296//4978 5282//2542
f 5284//4783 5298//4783 5297//2538
f 5284//4979 5299//4713 5298//4979
f 5284//4782 5297//2538 5283//2543
f 5285//4980 5300//4981 5299//4713
f 5285//4982 5299//4983 5284//4984
f 5286//4587 5300//4587 5285//2528
f 5287//2526 5301//4985 5300//4986
f 5287//4802 5300//4587 5286//4587
f 5288//4987 5302//4987 5301//4988
f 5288//4600 5303//4684 5302//4600
f 5288//4598 5301//4781 5287//4780
f 5289//4989 5304//4835 5303//2683
f 5289//4990 5303//4991 5288//4725
f 5290//4992 5304//4992 5289//4990
f 5306//4993 5319//4994 5305//4994
f 5306//4995 5320//4996 5319//4997
f 5306//4998 5321//4999 5320//4998
f 5307//5000 5321//5000 5306//5001
f 5308//5002 5322//5003 5321//5004
f 5308//2707 5321//5005 5307//4791
f 5309//5006 5323//4701 5322//5007
f 5309//5008 5322//5009 5308//2828
f 5310//2702 5324//5010 5323//5011
f 5310//5012 5323//5013 5309//5014
f 5311//4665 5325//4664 5324//4629
f 5311//5015 5324//5016 5310//2816
f 5312//2533 5326//2532 5325//2538
f 5312//2533 5325//2538 5311//2543
f 5313//2534 5327//2528 5326//2532
f 5313//2534 5326//4741 5312//2533
f 5314//4617 5328//4617 5327//2697
f 5314//4981 5329//4714 5328//4981
f 5314//4827 5327//4982 5313//4705
f 5315//4717 5329//4717 5314//5017
f 5316//4674 5330//4675 5329//5018
f 5316//4832 5329//4833 5315//4833
f 5317//2509 5331//2509 5330//5019
f 5317//4592 5332//4593 5331//4592
f 5317//5020 5330//5021 5316//5022
f 5318//5023 5332//5023 5317//4623
f 5334//5024 5347//4967 5333//4967
f 5334//2834 5348//4812 5347//5025
f 5335//5026 5349//4814 5348//2573
f 5335//4793 5350//4787 5349//4793
f 5335//5027 5348//2563 5334//5028
f 5336//5029 5350//5029 5335//5030
f 5337//5014 5351//5031 5350//5032
f 5337//2705 5350//5033 5336//5033
f 5338//4821 5352//4821 5351//5034
f 5338//4819 5353//5035 5352//4819
f 5338//4788 5351//4765 5337//4805
f 5339//5036 5353//5036 5338//4821
f 5340//2533 5354//2532 5353//4820
f 5340//2533 5353//4820 5339//4820
f 5341//4620 5355//2804 5354//5037
f 5341//4620 5354//4630 5340//4825
f 5342//4617 5356//4617 5355//2697
f 5342//4617 5357//4581 5356//4617
f 5342//5038 5355//5039 5341//5040
f 5343//4743 5358//5041 5357//5042
f 5343//4988 5357//2801 5342//5017
f 5344//4598 5358//4622 5343//5043
f 5345//4592 5359//4592 5358//4598
f 5345//5044 5360//4748 5359//5044
f 5345//4776 5358//4987 5344//4987
f 5346//5023 5360//5023 5345//5045
f 5362//2509 5375//5046 5361//5046
f 5362//4592 5376//4592 5375//4593
f 5362//4594 5377//4798 5376//4594
f 5363//5047 5378//2516 5377//2514
f 5363//5048 5377//5049 5362//4592
f 5364//5050 5379//2806 5378//2795
f 5364//4586 5378//4583 5363//5051
f 5365//2692 5380//2697 5379//2687
f 5365//4760 5379//4742 5364//5052
f 5366//2534 5381//4630 5380//2528
f 5366//5040 5380//5039 5365//5053
f 5367//2533 5382//2538 5381//2532
f 5367//2807 5381//4707 5366//4615
f 5368//4613 5383//4978 5382//2538
f 5368//2539 5382//2538 5367//2533
f 5369//2701 5384//4822 5383//4661
f 5369//4662 5383//5054 5368//5055
f 5370//5056 5385//4569 5384//4975
f 5370//2704 5384//2823 5369//2542
f 5371//5057 5386//4999 5385//5058
f 5371//5059 5385//5060 5370//4655
f 5372//5005 5386//5005 5371//2562
f 5373//5061 5387//4964 5386//4815
f 5373//4565 5386//4793 5372//4793
f 5374//5062 5388//5062 5387//5028
f 5374//4994 5387//5063 5373//5064
f 5417//2583 5389//5065 5390//5066
f 5417//5067 5390//5068 5391//5069
f 5417//5070 5391//5071 5392//5072
f 5417//2715 5403//5073 5389//5074
f 5417//2583 5404//5075 5403//5076
f 5417//2736 5405//5077 5404//5078
f 5417//2577 5406//5079 5405//5080
f 5418//5081 5392//5082 5393//5083
f 5418//2735 5393//5084 5394//5085
f 5418//5086 5407//5087 5406//5088
f 5418//2865 5408//5089 5407//5090
f 5418//5091 5417//2574 5392//5092
f 5418//5093 5406//5094 5417//5095
f 5419//5096 5394//5097 5395//5098
f 5419//5099 5395//5100 5396//5101
f 5419//2742 5409//5102 5408//5103
f 5419//5104 5410//5105 5409//5106
f 5419//5107 5418//2595 5394//5108
f 5419//2639 5408//5109 5418//5110
f 5420//5111 5396//5112 5397//5113
f 5420//2655 5411//5114 5410//5115
f 5420//5116 5419//5117 5396//5118
f 5420//5119 5410//5120 5419//5099
f 5421//2653 5397//5121 5398//5122
f 5421//5123 5398//5124 5399//5125
f 5421//2645 5412//5126 5411//5127
f 5421//5128 5413//5129 5412//5130
f 5421//2648 5420//5131 5397//5132
f 5421//2895 5411//5133 5420//2628
f 5422//2770 5399//5134 5400//5135
f 5422//2779 5400//5136 5401//5137
f 5422//5138 5401//5139 5402//5140
f 5422//2674 5414//5141 5413//5142
f 5422//5143 5415//5144 5414//5145
f 5422//5146 5416//5147 5415//5148
f 5422//2677 5402//5149 5416//5150
f 5422//2921 5413//5151 5421//2651
f 5422//5152 5421//2759 5399//5153
f 5423//4593 5438//4749 5437//4593
f 5424//5154 5439//5155 5438//4836
f 5424//2788 5438//5156 5423//4593
f 5425//5157 5440//2792 5439//5158
f 5425//4832 5439//2789 5424//2790
f 5426//2690 5441//4742 5440//2527
f 5426//4585 5440//4583 5425//4584
f 5427//4673 5442//4706 5441//5159
f 5427//2805 5441//2806 5426//5050
f 5428//2534 5443//4630 5442//2528
f 5428//5160 5442//2804 5427//2805
f 5429//2533 5444//2538 5443//2532
f 5429//2807 5443//4707 5428//4615
f 5430//4613 5445//4788 5444//2813
f 5430//2543 5444//2538 5429//2533
f 5431//4788 5445//4788 5430//4613
f 5432//5031 5446//5161 5445//5162
f 5432//4701 5445//5163 5431//5163
f 5433//5164 5447//5165 5446//5166
f 5433//5007 5446//5167 5432//4701
f 5434//4817 5448//4817 5447//2821
f 5434//4789 5449//4812 5448//4789
f 5434//5168 5447//5169 5433//4739
f 5435//5170 5450//5171 5449//5172
f 5435//2832 5449//5173 5434//4791
f 5436//5174 5450//5174 5435//2832
f 5479//5175 5451//5176 5452//5177
f 5479//2721 5452//5178 5453//5179
f 5479//5180 5453//5181 5454//5182
f 5479//5175 5465//5183 5451//5184
f 5479//5185 5466//5186 5465//5187
f 5479//5188 5467//5077 5466//5189
f 5479//5190 5468//5191 5467//5192
f 5480//5193 5454//5194 5455//5195
f 5480//5196 5455//5197 5456//5198
f 5480//5199 5469//5200 5468//5201
f 5480//5202 5470//5203 5469//5204
f 5480//5205 5479//2580 5454//5206
f 5480//2607 5468//5207 5479//2864
f 5481//5107 5456//5108 5457//5208
f 5481//5209 5457//5210 5458//5211
f 5481//5117 5471//5212 5470//5213
f 5481//5214 5472//5215 5471//5216
f 5481//2639 5480//2865 5456//5217
f 5481//5107 5470//5218 5480//2595
f 5482//5219 5458//5220 5459//5221
f 5482//2750 5473//5222 5472//5223
f 5482//2750 5481//5107 5458//5224
f 5482//5225 5472//5226 5481//5209
f 5483//5227 5459//5228 5460//2898
f 5483//2756 5460//5122 5461//5229
f 5483//5230 5474//5231 5473//5232
f 5483//5233 5475//5234 5474//5235
f 5483//2922 5482//2634 5459//5236
f 5483//2895 5473//5133 5482//5237
f 5484//5138 5461//5238 5462//5239
f 5484//2659 5462//5135 5463//5137
f 5484//5240 5463//5241 5464//5242
f 5484//5138 5476//5243 5475//5244
f 5484//5245 5477//5246 5476//5247
f 5484//5248 5478//5249 5477//5250
f 5484//5251 5464//5252 5478//5253
f 5484//2662 5475//5254 5483//2648
f 5484//2779 5483//5255 5461//5256
f 5485//5257 5500//4749 5499//5257
f 5486//5258 5501//5155 5500//2685
f 5486//2788 5500//4636 5485//4593
f 5487//2794 5502//2792 5501//5259
f 5487//5260 5501//5261 5486//2790
f 5488//5262 5503//4742 5502//2527
f 5488//4585 5502//4583 5487//4584
f 5489//4673 5504//4706 5503//5159
f 5489//4804 5503//2806 5488//4780
f 5490//2534 5505//4630 5504//2528
f 5490//5160 5504//2804 5489//2805
f 5491//4577 5506//2538 5505//4741
f 5491//2807 5505//4707 5490//4705
f 5492//4613 5507//5263 5506//5264
f 5492//2543 5506//2538 5491//2533
f 5493//2542 5508//2823 5507//4629
f 5493//4612 5507//5265 5492//4786
f 5494//5006 5509//2829 5508//5011
f 5494//2704 5508//2823 5493//2542
f 5495//5266 5510//4571 5509//5267
f 5495//5268 5509//5269 5494//5270
f 5496//5271 5511//5272 5510//1864
f 5496//5273 5510//5274 5495//5275
f 5497//4686 5511//4686 5496//4770
f 5498//5276 5512//5276 5511//5277
f 5498//2713 5511//5278 5497//4769
f 5541//5175 5513//5176 5514//5177
f 5541//5279 5514//5178 5515//5280
f 5541//5180 5515//5181 5516//5281
f 5541//5175 5527//5183 5513//5184
f 5541//5185 5528//5186 5527//5282
f 5541//2583 5529//5077 5528//5189
f 5541//5190 5530//5191 5529//5192
f 5542//5193 5516//5283 5517//5284
f 5542//5196 5517//5197 5518//5198
f 5542//5199 5531//5200 5530//5285
f 5542//5202 5532//5203 5531//5204
f 5542//5205 5541//2580 5516//5206
f 5542//2607 5530//5207 5541//2583
f 5543//5107 5518//5286 5519//5208
f 5543//5209 5519//5287 5520//5288
f 5543//5117 5533//5212 5532//5213
f 5543//5214 5534//5215 5533//5216
f 5543//5107 5542//2865 5518//5108
f 5543//5107 5532//5218 5542//2595
f 5544//5219 5520//5220 5521//5221
f 5544//2750 5535//5222 5534//5223
f 5544//5225 5543//5289 5520//5290
f 5544//5225 5534//5291 5543//5209
f 5545//5227 5521//5228 5522//2898
f 5545//5292 5522//5293 5523//5294
f 5545//5230 5536//5231 5535//5232
f 5545//5295 5537//5234 5536//5235
f 5545//2922 5544//2634 5521//5236
f 5545//2895 5535//5133 5544//5237
f 5546//5138 5523//5238 5524//5239
f 5546//2770 5524//5135 5525//5296
f 5546//5240 5525//5297 5526//5298
f 5546//5138 5538//5299 5537//5244
f 5546//5300 5539//5246 5538//5247
f 5546//5248 5540//5301 5539//5250
f 5546//5302 5526//5252 5540//5303
f 5546//2662 5537//5254 5545//2648
f 5546//2779 5545//5255 5523//5256
f 5547//4593 5562//5304 5561//4593
f 5548//4638 5563//4798 5562//5305
f 5548//5306 5562//5307 5547//2510
f 5549//5047 5564//2516 5563//2514
f 5549//5048 5563//5049 5548//2788
f 5550//4780 5565//5308 5564//5043
f 5550//4759 5564//4583 5549//4584
f 5551//2530 5566//2697 5565//2531
f 5551//4760 5565//4742 5550//4581
f 5552//2534 5567//4630 5566//2528
f 5552//5040 5566//5039 5551//5053
f 5553//4577 5568//2538 5567//4630
f 5553//2807 5567//2535 5552//4615
f 5554//4613 5569//4978 5568//5264
f 5554//2539 5568//2538 5553//2533
f 5555//2701 5570//4822 5569//4661
f 5555//4662 5569//5054 5554//5309
f 5556//5056 5571//5310 5570//4975
f 5556//2704 5570//2823 5555//2542
f 5557//5311 5571//5311 5556//4655
f 5558//4999 5572//4999 5571//5312
f 5558//5313 5573//4686 5572//5314
f 5558//4791 5571//5315 5557//5033
f 5559//4996 5573//4996 5558//5316
f 5560//4602 5574//4602 5573//5317
f 5560//4994 5573//4998 5559//4998
f 5603//2583 5575//5065 5576//5066
f 5603//5318 5576//5178 5577//5319
f 5603//5070 5577//5071 5578//5072
f 5603//2715 5589//5073 5575//5074
f 5603//2583 5590//5075 5589//5076
f 5603//2583 5591//5077 5590//5078
f 5603//2577 5592//5079 5591//5320
f 5604//5321 5578//5322 5579//5323
f 5604//2735 5579//5084 5580//5085
f 5604//5086 5593//5087 5592//5088
f 5604//2865 5594//5089 5593//5090
f 5604//5091 5603//2574 5578//5092
f 5604//5093 5592//5094 5603//5095
f 5605//5096 5580//5097 5581//5098
f 5605//5324 5581//5100 5582//5101
f 5605//5325 5595//5326 5594//5103
f 5605//5104 5596//5105 5595//5106
f 5605//5107 5604//2595 5580//5327
f 5605//2639 5594//5109 5604//5110
f 5606//5111 5582//5112 5583//5113
f 5606//2655 5597//5114 5596//5115
f 5606//5328 5605//5329 5582//5330
f 5606//5331 5596//5120 5605//5324
f 5607//2653 5583//5121 5584//5332
f 5607//5333 5584//5334 5585//5335
f 5607//2645 5598//5126 5597//5127
f 5607//5128 5599//5336 5598//5130
f 5607//5337 5606//5225 5583//5132
f 5607//2895 5597//5133 5606//2628
f 5608//2779 5585//5134 5586//5135
f 5608//2779 5586//5338 5587//5137
f 5608//5339 5587//5340 5588//5341
f 5608//2674 5600//5141 5599//5342
f 5608//5343 5601//5144 5600//5344
f 5608//5146 5602//5147 5601//5148
f 5608//2677 5588//5149 5602//5345
f 5608//2921 5599//5151 5607//2651
f 5608//5152 5607//2759 5585//5153
