# Blender 4.0.2
# www.blender.org
mtllib gripper_middle.mtl
o Full_Main_Assembly.291
v 0.029457 0.029608 0.021958
v 0.029708 0.029584 0.021960
v 0.029470 0.030885 0.020635
v 0.029445 0.029711 0.027657
v 0.029697 0.029688 0.027658
v 0.029205 0.029588 0.021958
v 0.028992 0.030847 0.020635
v 0.028528 0.030727 0.020636
v 0.028184 0.033474 0.020585
v 0.030409 0.030711 0.020640
v 0.030842 0.030505 0.020645
v 0.031835 0.029974 0.020656
v 0.024150 0.036528 0.020522
v 0.031233 0.030227 0.020651
v 0.031820 0.030101 0.027656
v 0.029948 0.030839 0.020637
v 0.028169 0.033601 0.027585
v 0.029939 0.029620 0.027660
v 0.029193 0.029691 0.027657
v 0.024135 0.036654 0.027520
v 0.028718 0.029524 0.027659
v 0.028948 0.029628 0.027658
v 0.028731 0.029419 0.021960
v 0.028960 0.029525 0.021959
v 0.028092 0.030528 0.020639
v 0.019790 0.039091 0.020466
v 0.027698 0.030256 0.020643
v 0.015162 0.041131 0.020419
v 0.027355 0.029919 0.020648
v 0.028522 0.029277 0.021963
v 0.028510 0.029380 0.027662
v 0.028342 0.029099 0.021965
v 0.028330 0.029203 0.027664
v 0.028195 0.028893 0.021968
v 0.027078 0.029529 0.020655
v 0.003174 0.043756 0.020346
v 0.026872 0.029096 0.020661
v 0.010327 0.042621 0.020382
v 0.005353 0.043539 0.020355
v 0.010313 0.042748 0.027381
v 0.005338 0.043666 0.027354
v 0.000290 0.044000 0.027337
v -0.026596 0.030780 0.027519
v 0.003189 0.043629 0.013347
v -0.026484 0.030568 0.027523
v -0.002264 0.043818 0.020334
v -0.026408 0.030340 0.027527
v -0.004762 0.043747 0.027330
v -0.008491 0.034473 0.027491
v -0.004167 0.035261 0.027485
v 0.000222 0.035503 0.027491
v 0.004606 0.035191 0.027506
v 0.008917 0.034333 0.027531
v 0.028184 0.028996 0.027667
v -0.002249 0.043692 0.013335
v 0.000320 0.043747 0.013339
v 0.000471 0.043746 0.013340
v 0.000492 0.043571 0.013171
v 0.003187 0.043454 0.013179
v 0.000489 0.043288 0.012923
v 0.003186 0.043226 0.012975
v 0.003173 0.042046 0.014627
v 0.003173 0.041893 0.014415
v 0.003171 0.041704 0.014233
v -0.002266 0.041936 0.014402
v -0.002264 0.042090 0.014614
v 0.003186 0.043171 0.012930
v 0.000483 0.042713 0.012541
v 0.003182 0.042679 0.012596
v 0.003182 0.042594 0.012549
v 0.000476 0.042080 0.012263
v 0.003179 0.042078 0.012313
v 0.003170 0.041488 0.014087
v -0.002267 0.041748 0.014221
v 0.003168 0.041249 0.013981
v -0.002268 0.041531 0.014075
v -0.002257 0.042428 0.012420
v -0.002255 0.042657 0.012535
v -0.002270 0.041292 0.013969
v -0.002260 0.042024 0.012258
v -0.002262 0.041807 0.012191
v -0.002265 0.041353 0.012093
v -0.002271 0.041038 0.013906
v -0.002274 0.040777 0.013887
v 0.003164 0.040734 0.013900
v 0.003166 0.040995 0.013919
v -0.002267 0.041153 0.012067
v 0.000469 0.041411 0.012098
v -0.002270 0.040662 0.012047
v -0.002272 0.040488 0.012053
v 0.000461 0.040721 0.012051
v 0.000453 0.040036 0.012122
v 0.003173 0.041289 0.012106
v 0.003163 0.040110 0.012098
v 0.003167 0.040599 0.012059
v 0.003168 0.040776 0.012060
v 0.003162 0.040474 0.013928
v 0.003161 0.039910 0.012131
v 0.003160 0.040222 0.014000
v -0.002276 0.040517 0.013915
v -0.002276 0.039975 0.012118
v -0.002278 0.040267 0.013987
v -0.002277 0.039832 0.012148
v -0.002280 0.040031 0.014102
v 0.003158 0.039988 0.014114
v -0.002282 0.039310 0.012307
v 0.000443 0.039372 0.012312
v -0.002283 0.039197 0.012352
v 0.000436 0.038750 0.012612
v -0.002288 0.038687 0.012608
v -0.002288 0.038607 0.012656
v -0.002282 0.039820 0.014256
v 0.003154 0.039594 0.014457
v -0.002293 0.038124 0.013010
v 0.003155 0.039776 0.014268
v -0.002285 0.039638 0.014444
v -0.002296 0.037850 0.013268
v -0.002286 0.039492 0.014661
v -0.002294 0.038074 0.013054
v 0.003152 0.039449 0.014674
v 0.003150 0.039342 0.014912
v 0.003140 0.037615 0.013457
v 0.003149 0.039262 0.015427
v 0.003142 0.037785 0.013281
v 0.003150 0.039280 0.015166
v 0.000424 0.037916 0.013274
v 0.000272 0.037748 0.013448
v 0.003125 0.037742 0.020455
v 0.004954 0.037542 0.020462
v 0.005014 0.037035 -0.007532
v 0.004019 0.029266 -0.018396
v 0.009573 0.036623 0.020489
v 0.004026 0.029266 -0.018396
v 0.000316 0.037368 -0.007549
v 0.009632 0.036115 -0.007506
v 0.000278 0.029532 -0.018409
v 0.000233 0.023867 -0.018307
v 0.003112 0.023671 -0.018296
v -0.003466 0.029326 -0.018413
v -0.003473 0.029326 -0.018413
v -0.002650 0.023717 -0.018310
v -0.009019 0.036265 -0.007549
v -0.004386 0.037111 -0.007554
v -0.002298 0.037681 0.013443
v -0.004446 0.037617 0.020441
v -0.004747 0.043620 0.020332
v -0.009079 0.036772 0.020447
v -0.002313 0.037807 0.020442
v -0.002283 0.040463 0.016847
v -0.002285 0.040227 0.016772
v -0.002289 0.039330 0.015661
v -0.002286 0.040007 0.016658
v -0.002288 0.039809 0.016509
v -0.002288 0.039638 0.016330
v -0.002289 0.039498 0.016125
v -0.002290 0.039395 0.015900
v -0.002279 0.040956 0.016880
v -0.002281 0.040708 0.016885
v 0.003157 0.040664 0.016896
v 0.003159 0.040912 0.016892
v 0.003161 0.041156 0.016847
v 0.003163 0.041388 0.016763
v -0.002277 0.041199 0.016834
v -0.002275 0.041432 0.016750
v 0.003165 0.041604 0.016640
v -0.002273 0.041648 0.016628
v 0.003167 0.041797 0.016485
v -0.002272 0.041841 0.016472
v -0.002269 0.042005 0.016287
v 0.003168 0.041961 0.016300
v 0.003170 0.042093 0.016089
v 0.003171 0.042188 0.015861
v -0.002268 0.042137 0.016077
v -0.002266 0.042232 0.015849
v 0.003172 0.042244 0.015620
v -0.002266 0.042288 0.015607
v -0.002265 0.042304 0.015360
v 0.003173 0.042261 0.015373
v 0.003173 0.042233 0.015112
v 0.003174 0.042160 0.014862
v -0.002265 0.042276 0.015100
v -0.002265 0.042205 0.014849
v 0.003155 0.040419 0.016860
v 0.003153 0.040184 0.016783
v 0.003151 0.039963 0.016670
v 0.003150 0.039765 0.016521
v 0.003149 0.039594 0.016342
v 0.003148 0.039455 0.016137
v 0.003149 0.039351 0.015912
v 0.003148 0.039286 0.015674
v -0.002289 0.039305 0.015415
v -0.002289 0.039323 0.015154
v -0.002288 0.039386 0.014900
v -0.013509 0.034846 -0.007532
v -0.013569 0.035352 0.020463
v -0.025274 0.030954 0.020518
v -0.017786 0.032876 -0.007506
v -0.017846 0.033382 0.020490
v -0.025487 0.031355 0.020509
v -0.025763 0.031716 0.020503
v -0.026583 0.030677 0.021820
v -0.026471 0.030464 0.021824
v -0.009736 0.042782 0.020336
v -0.014593 0.041370 0.020351
v -0.009750 0.042909 0.027335
v -0.014608 0.041497 0.027351
v -0.019255 0.039404 0.020377
v -0.019269 0.039531 0.027377
v -0.023655 0.036910 0.020413
v -0.026095 0.032025 0.020497
v -0.026473 0.032277 0.020491
v -0.026905 0.031030 0.021813
v -0.026730 0.030867 0.021816
v -0.026742 0.030970 0.027516
v -0.026917 0.031133 0.027511
v -0.027104 0.031162 0.021810
v -0.027116 0.031266 0.027509
v -0.027334 0.031363 0.027507
v -0.023670 0.037037 0.027412
v -0.027323 0.031260 0.021808
v -0.027554 0.031321 0.021806
v -0.027327 0.032578 0.020484
v -0.026887 0.032463 0.020487
v -0.027737 0.033923 0.020459
v -0.027779 0.032619 0.020481
v -0.027752 0.034049 0.027458
v -0.031444 0.030482 0.020513
v -0.028257 0.032581 0.020481
v -0.028721 0.032461 0.020483
v -0.029157 0.032261 0.020485
v -0.029552 0.031990 0.020490
v -0.029894 0.031654 0.020495
v -0.028727 0.031011 0.021809
v -0.028519 0.031155 0.021807
v -0.028289 0.031259 0.021805
v -0.028301 0.031362 0.027505
v -0.028531 0.031257 0.027506
v -0.028739 0.031114 0.027509
v -0.028919 0.030937 0.027511
v -0.028908 0.030834 0.021812
v -0.029054 0.030628 0.021816
v -0.030171 0.031263 0.020501
v -0.030378 0.030831 0.020509
v -0.030505 0.030369 0.020517
v -0.029163 0.030400 0.021820
v -0.029230 0.030156 0.021824
v -0.029174 0.030503 0.027518
v -0.029066 0.030731 0.027515
v -0.031459 0.030608 0.027512
v -0.034727 0.026633 0.020576
v -0.034742 0.026760 0.027574
v -0.029242 0.030259 0.027523
v -0.029246 0.029755 0.027532
v -0.029266 0.030008 0.027527
v -0.029234 0.029652 0.021833
v -0.029254 0.029905 0.021829
v -0.030514 0.029414 0.020534
v -0.030551 0.029892 0.020526
v -0.030393 0.028950 0.020543
v -0.030194 0.028514 0.020551
v -0.029170 0.029408 0.021837
v -0.029183 0.029511 0.027537
v -0.029065 0.029179 0.021842
v -0.029922 0.028119 0.020559
v -0.028922 0.028970 0.021846
v -0.029078 0.029282 0.027541
v -0.028934 0.029073 0.027545
v -0.037555 0.022557 0.027644
v -0.028757 0.028894 0.027548
v -0.028745 0.028790 0.021850
v -0.028539 0.028643 0.021852
v -0.029196 0.027500 0.020572
v -0.029586 0.027777 0.020566
v -0.042822 0.008278 0.020891
v -0.039847 0.017928 0.020722
v -0.041615 0.013190 0.020804
v -0.039862 0.018055 0.027721
v -0.041631 0.013316 0.027804
v -0.042836 0.008405 0.027889
v -0.028551 0.028746 0.027551
v -0.043464 0.003386 0.027979
v -0.033259 0.011590 0.027852
v -0.028323 0.028638 0.027555
v -0.028311 0.028534 0.021855
v -0.028763 0.027293 0.020576
v -0.028301 0.027166 0.020579
v -0.028068 0.028468 0.021857
v -0.027815 0.028443 0.021858
v -0.027824 0.027121 0.020581
v -0.028079 0.028570 0.027556
v -0.031608 0.015662 0.027782
v -0.029460 0.019496 0.027717
v -0.027828 0.028546 0.027556
v -0.027589 0.028564 0.027557
v -0.027577 0.028461 0.021858
v -0.027344 0.028518 0.021858
v -0.026929 0.027262 0.020581
v -0.027371 0.027154 0.020582
v -0.028746 0.024513 0.020627
v -0.028687 0.024006 -0.007368
v -0.031485 0.020219 -0.007306
v -0.026130 0.027686 0.020575
v -0.026512 0.027441 0.020579
v -0.031545 0.020726 0.020690
v -0.025494 0.027919 0.020571
v -0.021842 0.030891 0.020526
v -0.025511 0.028348 0.020564
v -0.025793 0.027992 0.020570
v -0.025436 0.027412 -0.007423
v -0.009476 0.007267 -0.043031
v -0.021783 0.030385 -0.007469
v -0.008393 0.008403 -0.043049
v -0.007175 0.009394 -0.043065
v -0.006690 0.007884 -0.043036
v -0.007819 0.006867 -0.043020
v -0.018480 0.023493 -0.007337
v -0.021558 0.020719 -0.007294
v -0.008797 0.005704 -0.043001
v -0.011176 0.004637 -0.042987
v -0.009605 0.004418 -0.042980
v -0.010408 0.006005 -0.043010
v -0.024225 0.017548 -0.007243
v -0.026773 0.022397 -0.007336
v -0.029385 0.018862 -0.007277
v -0.026429 0.014040 -0.007184
v -0.031533 0.015029 -0.007213
v -0.028129 0.010262 -0.007119
v -0.010219 0.003057 -0.042957
v -0.014686 0.003238 -0.034899
v -0.013519 0.003126 -0.040600
v -0.012662 0.003098 -0.041781
v -0.011802 0.003069 -0.042960
v -0.011766 0.003182 -0.042962
v -0.012921 0.004409 -0.040843
v -0.012157 0.005605 -0.041145
v -0.023729 0.005777 -0.036835
v -0.012269 0.005861 -0.040842
v -0.012377 0.006118 -0.040537
v -0.023550 0.006283 -0.036376
v -0.022304 0.006299 -0.034983
v -0.022126 0.006300 -0.034858
v -0.021972 0.006301 -0.034704
v -0.021847 0.006303 -0.034525
v -0.022711 0.006299 -0.035133
v -0.022501 0.006299 -0.035076
v -0.014382 0.006181 -0.037967
v -0.033787 0.016111 -0.007237
v -0.015818 0.006226 -0.036085
v -0.021700 0.006309 -0.034117
v -0.021681 0.006313 -0.033900
v -0.021699 0.006317 -0.033694
v -0.021749 0.006321 -0.033494
v -0.020565 0.006380 -0.029707
v -0.021755 0.006306 -0.034328
v -0.021780 0.003306 -0.034273
v -0.021871 0.003304 -0.034471
v -0.021996 0.003301 -0.034650
v -0.022150 0.003300 -0.034804
v -0.022328 0.003300 -0.034930
v -0.022525 0.003300 -0.035022
v -0.023748 0.003278 -0.036790
v -0.022735 0.003300 -0.035080
v -0.022953 0.003301 -0.035098
v -0.023170 0.003304 -0.035080
v -0.022929 0.006300 -0.035153
v -0.023146 0.006302 -0.035134
v -0.023356 0.006305 -0.035078
v -0.023380 0.003306 -0.035024
v -0.024373 0.003287 -0.036493
v -0.023578 0.003309 -0.034932
v -0.024938 0.003299 -0.036093
v -0.023757 0.003313 -0.034808
v -0.023554 0.006309 -0.034987
v -0.024096 0.006292 -0.036116
v -0.023733 0.006312 -0.034862
v -0.023911 0.003317 -0.034654
v -0.024590 0.006303 -0.035766
v -0.023887 0.006316 -0.034709
v -0.025017 0.006314 -0.035337
v -0.024037 0.003321 -0.034476
v -0.024013 0.006321 -0.034530
v -0.024105 0.006325 -0.034334
v -0.024129 0.003325 -0.034279
v -0.024185 0.003329 -0.034068
v -0.025820 0.003326 -0.035035
v -0.026111 0.003340 -0.034408
v -0.025800 0.005825 -0.035080
v -0.026091 0.005839 -0.034453
v -0.026290 0.003352 -0.033740
v -0.026271 0.005852 -0.033785
v -0.026352 0.003365 -0.033051
v -0.024205 0.003334 -0.033851
v -0.024872 0.003505 -0.024653
v -0.024189 0.003337 -0.033646
v -0.026285 0.003378 -0.032317
v -0.026336 0.003372 -0.032682
v -0.024181 0.006333 -0.033906
v -0.024161 0.006329 -0.034123
v -0.025362 0.006326 -0.034840
v -0.025617 0.006338 -0.034291
v -0.025774 0.006350 -0.033707
v -0.026332 0.005865 -0.033096
v -0.025828 0.006361 -0.033104
v -0.024165 0.006337 -0.033700
v -0.024138 0.003341 -0.033445
v -0.024114 0.006340 -0.033500
v -0.024056 0.003343 -0.033256
v -0.024032 0.006343 -0.033311
v -0.025813 0.006367 -0.032781
v -0.025769 0.006372 -0.032462
v -0.026315 0.005872 -0.032728
v -0.026266 0.005877 -0.032363
v -0.024532 0.006258 -0.024351
v -0.024749 0.006015 -0.024138
v -0.024817 0.004763 -0.024428
v -0.024830 0.004514 -0.024478
v -0.029555 0.003663 -0.018004
v -0.036764 0.007196 -0.007081
v -0.037396 0.003424 0.013988
v -0.037392 0.002530 -0.006999
v -0.035555 0.011748 -0.007161
v -0.035615 0.012254 0.020834
v -0.036823 0.007703 0.020913
v -0.037436 0.002909 0.013999
v -0.037474 -0.001798 0.014083
v -0.037568 0.003422 0.013816
v -0.037698 0.000706 0.013865
v -0.037429 -0.002179 -0.006913
v -0.036877 -0.006855 -0.006828
v -0.037461 -0.002012 0.014087
v -0.029778 -0.001959 -0.017902
v -0.029616 -0.003835 -0.017869
v -0.024111 -0.001800 -0.017894
v -0.024085 0.001541 -0.017955
v -0.029749 0.001790 -0.017971
v -0.023834 0.003618 -0.017991
v -0.022299 0.003553 -0.020845
v -0.029292 0.006286 -0.007050
v -0.033185 0.010956 -0.007142
v -0.018486 0.003395 -0.027912
v -0.034311 0.006709 -0.007067
v -0.029897 0.002187 -0.006976
v -0.034897 0.002353 -0.006990
v -0.029929 -0.001956 -0.006902
v -0.034933 -0.002041 -0.006911
v -0.029392 -0.006064 -0.006826
v -0.023894 -0.003881 -0.017856
v -0.024934 -0.003993 -0.024517
v -0.018354 -0.004112 -0.028132
v -0.016100 -0.004204 -0.032285
v -0.021917 -0.004173 -0.033116
v -0.022031 -0.004169 -0.032943
v -0.022171 -0.004165 -0.032792
v -0.022334 -0.004161 -0.032665
v -0.022516 -0.004158 -0.032567
v -0.028293 -0.010058 -0.006752
v -0.034417 -0.006406 -0.006831
v -0.033358 -0.010671 -0.006751
v -0.026654 -0.013863 -0.006680
v -0.010280 -0.004442 -0.042821
v -0.011226 -0.004405 -0.041135
v -0.012723 -0.004401 -0.041646
v -0.011864 -0.004430 -0.042824
v -0.011828 -0.004542 -0.042822
v -0.013002 -0.005673 -0.040660
v -0.011262 -0.006006 -0.042795
v -0.009688 -0.005814 -0.042794
v -0.010517 -0.007388 -0.042768
v -0.008900 -0.007112 -0.042770
v -0.007941 -0.008290 -0.042747
v -0.024506 -0.017406 -0.006610
v -0.009605 -0.008664 -0.042743
v -0.031809 -0.019960 -0.006579
v -0.029071 -0.023792 -0.006504
v -0.008539 -0.009818 -0.042720
v -0.025876 -0.027250 -0.006435
v -0.007338 -0.010828 -0.042700
v -0.006019 -0.011679 -0.042681
v -0.022271 -0.030280 -0.006373
v -0.006829 -0.009325 -0.042725
v -0.005585 -0.010197 -0.042706
v -0.021891 -0.020619 -0.006547
v -0.018858 -0.023442 -0.006488
v -0.024150 -0.025442 -0.006464
v -0.020786 -0.028270 -0.006406
v -0.015465 -0.025819 -0.006439
v -0.017094 -0.030654 -0.006355
v -0.011776 -0.027706 -0.006397
v -0.004232 -0.010889 -0.042692
v -0.004604 -0.012359 -0.042666
v -0.003790 -0.014989 -0.035303
v -0.003742 -0.011085 -0.042686
v -0.003755 -0.012668 -0.042658
v -0.003764 -0.013503 -0.041462
v -0.006262 -0.012984 -0.040796
v -0.006364 -0.024466 -0.036250
v -0.006512 -0.013089 -0.040487
v -0.005060 -0.013742 -0.040497
v -0.003774 -0.014335 -0.040264
v -0.003864 -0.024486 -0.036245
v -0.003858 -0.023227 -0.034502
v -0.003860 -0.023439 -0.034555
v -0.003861 -0.023656 -0.034570
v -0.003863 -0.023873 -0.034547
v -0.003865 -0.024082 -0.034488
v -0.003869 -0.025043 -0.035972
v -0.006369 -0.025023 -0.035978
v -0.003874 -0.025551 -0.035617
v -0.003867 -0.024278 -0.034391
v -0.003868 -0.024454 -0.034263
v -0.006864 -0.024058 -0.034494
v -0.006867 -0.024254 -0.034398
v -0.006863 -0.024278 -0.035787
v -0.006868 -0.024430 -0.034270
v -0.006868 -0.024765 -0.035549
v -0.006374 -0.025531 -0.035623
v -0.006872 -0.025210 -0.035238
v -0.006379 -0.025979 -0.035194
v -0.006876 -0.025602 -0.034862
v -0.006870 -0.024582 -0.034113
v -0.006871 -0.024703 -0.033932
v -0.003869 -0.024605 -0.034106
v -0.003871 -0.024727 -0.033926
v -0.003886 -0.026669 -0.034150
v -0.003883 -0.026374 -0.034695
v -0.003873 -0.024816 -0.033726
v -0.003889 -0.026876 -0.033566
v -0.003874 -0.024868 -0.033515
v -0.006872 -0.024791 -0.033733
v -0.006880 -0.025931 -0.034431
v -0.006883 -0.026188 -0.033954
v -0.006874 -0.024844 -0.033522
v -0.006874 -0.024859 -0.033304
v -0.003874 -0.024883 -0.033297
v -0.003893 -0.027009 -0.032336
v -0.003891 -0.026991 -0.032956
v -0.003899 -0.025365 -0.024085
v -0.003895 -0.026931 -0.031721
v -0.003875 -0.024861 -0.033081
v -0.003875 -0.024800 -0.032872
v -0.006875 -0.024836 -0.033088
v -0.006886 -0.026369 -0.033442
v -0.006888 -0.026470 -0.032909
v -0.006889 -0.026488 -0.032469
v -0.006874 -0.024776 -0.032878
v -0.006874 -0.024680 -0.032683
v -0.006890 -0.026486 -0.032367
v -0.003874 -0.024704 -0.032676
v -0.003873 -0.024577 -0.032500
v -0.003873 -0.024419 -0.032348
v -0.006873 -0.024552 -0.032507
v -0.006872 -0.024396 -0.032355
v -0.006890 -0.026419 -0.031829
v -0.006895 -0.024803 -0.023958
v -0.006647 -0.025017 -0.023747
v -0.006394 -0.026912 -0.031727
v -0.006505 -0.025140 -0.023625
v -0.006399 -0.025230 -0.023532
v -0.006393 -0.026989 -0.032342
v -0.005153 -0.025304 -0.023843
v -0.003950 -0.029913 -0.017342
v -0.003905 -0.024190 -0.017446
v -0.003887 -0.022715 -0.020330
v -0.003943 -0.029913 -0.017342
v -0.004985 -0.037284 -0.006210
v -0.009604 -0.036364 -0.006236
v -0.014070 -0.034873 -0.006272
v -0.009663 -0.035858 0.021760
v -0.014130 -0.034367 0.021723
v -0.005443 -0.042774 0.021894
v -0.018375 -0.032328 0.021677
v -0.027248 -0.028893 0.021597
v -0.018315 -0.032835 -0.006318
v -0.027029 -0.028495 0.021590
v -0.022330 -0.029774 0.021623
v -0.025934 -0.026743 0.021561
v -0.026800 -0.027620 0.021574
v -0.026877 -0.028067 0.021583
v -0.028138 -0.027715 0.022874
v -0.028218 -0.027939 0.022877
v -0.028334 -0.028150 0.022881
v -0.028230 -0.027837 0.028576
v -0.028345 -0.028046 0.028580
v -0.028494 -0.028234 0.028583
v -0.005458 -0.042648 0.028893
v -0.015267 -0.040241 0.028829
v -0.010433 -0.041730 0.028865
v -0.010418 -0.041857 0.021867
v -0.027530 -0.029249 0.021602
v -0.015252 -0.040367 0.021829
v -0.019880 -0.038326 0.021783
v -0.027866 -0.029554 0.021607
v -0.019895 -0.038200 0.028782
v -0.024255 -0.035636 0.028726
v -0.028671 -0.028395 0.028586
v -0.028482 -0.028337 0.022884
v -0.028660 -0.028499 0.022886
v -0.028874 -0.028525 0.028588
v -0.028861 -0.028628 0.022888
v -0.029093 -0.028618 0.028588
v -0.028289 -0.032583 0.028662
v -0.028274 -0.032710 0.021663
v -0.029565 -0.028693 0.028589
v -0.024240 -0.035763 0.021727
v -0.029816 -0.028670 0.028588
v -0.030059 -0.028602 0.028586
v -0.031940 -0.029083 0.028591
v -0.029326 -0.028675 0.028589
v -0.029314 -0.028778 0.022890
v -0.029081 -0.028722 0.022890
v -0.028249 -0.029800 0.021611
v -0.028667 -0.029978 0.021613
v -0.029108 -0.030086 0.021614
v -0.029552 -0.028796 0.022890
v -0.029560 -0.030120 0.021614
v -0.030038 -0.030074 0.021612
v -0.029805 -0.028773 0.022889
v -0.030048 -0.028705 0.022887
v -0.030288 -0.028493 0.028584
v -0.030499 -0.029947 0.021609
v -0.030276 -0.028597 0.022885
v -0.030481 -0.028450 0.022881
v -0.030932 -0.029741 0.021604
v -0.030494 -0.028347 0.028581
v -0.030671 -0.028167 0.028577
v -0.030814 -0.027959 0.028573
v -0.030659 -0.028270 0.022878
v -0.031659 -0.029121 0.021592
v -0.031323 -0.029463 0.021598
v -0.030802 -0.028062 0.022874
v -0.030919 -0.027729 0.028569
v -0.030907 -0.027831 0.022870
v -0.031930 -0.028726 0.021583
v -0.032130 -0.028290 0.021574
v -0.031925 -0.029209 0.021592
v -0.035145 -0.025310 0.021514
v -0.035161 -0.025183 0.028514
v -0.037906 -0.020935 0.028431
v -0.030983 -0.027484 0.028563
v -0.031003 -0.027232 0.028559
v -0.030979 -0.026981 0.028555
v -0.030911 -0.026738 0.028551
v -0.030803 -0.026509 0.028547
v -0.030967 -0.027083 0.022856
v -0.030900 -0.026840 0.022852
v -0.030791 -0.026612 0.022848
v -0.032242 -0.026871 0.021550
v -0.032115 -0.026409 0.021541
v -0.031908 -0.025977 0.021533
v -0.037891 -0.021061 0.021431
v -0.031630 -0.025587 0.021528
v -0.030644 -0.026406 0.022844
v -0.030657 -0.026303 0.028543
v -0.030476 -0.026125 0.028540
v -0.030464 -0.026229 0.022841
v -0.031289 -0.025250 0.021521
v -0.030268 -0.025983 0.028538
v -0.030256 -0.026086 0.022840
v -0.030894 -0.024978 0.021518
v -0.030037 -0.025877 0.028537
v -0.030026 -0.025980 0.022838
v -0.029781 -0.025917 0.022838
v -0.030457 -0.024779 0.021515
v -0.029793 -0.025814 0.028537
v -0.029762 -0.018004 0.028396
v -0.029542 -0.025794 0.028537
v -0.031848 -0.014136 0.028321
v -0.031789 -0.014635 0.000765
v -0.033433 -0.010038 0.028243
v -0.029703 -0.018504 0.000840
v -0.006362 -0.010557 0.000745
v -0.006229 -0.010805 0.000751
v -0.027148 -0.022080 0.000910
v -0.006059 -0.011028 0.000755
v -0.024165 -0.025307 0.000974
v -0.027206 -0.021580 0.028465
v -0.028853 -0.025974 0.028542
v -0.028653 -0.026107 0.028544
v -0.024224 -0.024808 0.028530
v -0.029303 -0.025816 0.028537
v -0.029071 -0.025876 0.028539
v -0.029059 -0.025979 0.022840
v -0.029291 -0.025919 0.022838
v -0.029529 -0.025897 0.022837
v -0.029516 -0.024621 0.021515
v -0.029064 -0.024662 0.021516
v -0.028625 -0.024777 0.021519
v -0.029131 -0.023285 0.021491
v -0.027500 -0.025525 0.021535
v -0.031869 -0.019453 0.021415
v -0.028210 -0.024963 0.021523
v -0.027832 -0.025214 0.021529
v -0.028641 -0.026210 0.022845
v -0.028466 -0.026373 0.022848
v -0.028321 -0.026563 0.022852
v -0.028479 -0.026270 0.028547
v -0.028333 -0.026460 0.028551
v -0.028221 -0.026672 0.028556
v -0.028208 -0.026776 0.022856
v -0.028145 -0.026899 0.028560
v -0.028132 -0.027002 0.022860
v -0.028107 -0.027135 0.028564
v -0.020860 -0.027637 0.028588
v -0.020801 -0.028135 0.001033
v -0.028109 -0.027375 0.028568
v -0.017168 -0.030020 0.028640
v -0.017109 -0.030519 0.001084
v -0.005620 -0.011375 0.000761
v -0.005364 -0.011490 0.000765
v -0.013147 -0.032423 0.001126
v -0.005092 -0.011561 0.000766
v -0.008978 -0.033813 0.001161
v -0.013206 -0.031923 0.028682
v -0.028150 -0.027611 0.028572
v -0.009037 -0.033315 0.028717
v -0.004726 -0.034173 0.028741
v -0.000410 -0.042982 0.028909
v -0.004667 -0.034672 0.001185
v -0.000283 -0.034983 0.001200
v -0.004517 -0.011563 0.000768
v -0.004812 -0.011587 0.000768
v -0.004512 -0.011609 -0.001782
v -0.004808 -0.011632 -0.001782
v -0.004269 -0.013065 -0.003205
v -0.004816 -0.013108 -0.003206
v -0.005087 -0.011607 -0.001783
v -0.005358 -0.011536 -0.001786
v -0.005334 -0.013062 -0.003208
v -0.005837 -0.012930 -0.003211
v -0.008970 -0.033886 -0.002838
v -0.004659 -0.034744 -0.002814
v -0.000275 -0.035054 -0.002799
v -0.000267 -0.035117 -0.006238
v -0.004652 -0.034807 -0.006253
v -0.000227 -0.030118 -0.006328
v -0.008963 -0.033948 -0.006277
v -0.003798 -0.029877 -0.006341
v -0.000157 -0.024513 -0.017432
v -0.003037 -0.024318 -0.017441
v -0.007862 -0.029067 -0.006364
v -0.003795 -0.015388 -0.034537
v -0.013132 -0.032556 -0.006312
v -0.017101 -0.030591 -0.002915
v -0.013139 -0.032494 -0.002872
v -0.006710 0.005938 -0.003554
v -0.007850 -0.010708 -0.003256
v -0.007685 -0.011202 -0.003246
v -0.007442 -0.011661 -0.003238
v -0.007126 -0.012073 -0.003229
v -0.006745 -0.012429 -0.003222
v -0.006312 -0.012717 -0.003215
v -0.007927 -0.009675 -0.003275
v -0.007932 -0.010194 -0.003265
v -0.006488 -0.010060 -0.001814
v -0.006487 -0.009779 -0.001819
v -0.006491 -0.009733 0.000730
v -0.006443 -0.009456 0.000725
v -0.006438 -0.009503 -0.001824
v -0.007837 -0.009162 -0.003283
v -0.006350 -0.009192 0.000721
v -0.006345 -0.009238 -0.001829
v -0.006209 -0.008992 -0.001833
v -0.006214 -0.008945 0.000717
v -0.007665 -0.008671 -0.003292
v -0.007413 -0.008216 -0.003300
v -0.007091 -0.007808 -0.003306
v -0.006036 -0.008772 -0.001837
v -0.005832 -0.008538 0.000710
v -0.005827 -0.008583 -0.001840
v -0.006040 -0.008726 0.000713
v -0.005985 -0.000437 0.000564
v -0.005596 -0.008385 0.000708
v -0.005338 -0.008274 0.000707
v -0.005829 -0.001416 0.000581
v -0.005976 0.000554 0.000545
v -0.005976 -0.000510 -0.003436
v -0.005821 -0.001488 -0.003418
v -0.004219 -0.006862 -0.003317
v -0.005507 -0.002427 -0.003401
v -0.005283 -0.006849 -0.003320
v -0.004765 -0.006810 -0.003320
v -0.004780 -0.008234 -0.001843
v -0.004485 -0.008262 -0.001843
v -0.004200 -0.008341 -0.001841
v -0.004491 -0.008216 0.000707
v -0.004205 -0.008295 0.000709
v -0.003937 -0.008422 0.000712
v -0.001996 -0.005648 0.000666
v -0.002900 -0.005243 0.000657
v -0.003725 -0.004693 0.000645
v -0.002891 -0.005315 -0.003343
v -0.001986 -0.005721 -0.003333
v -0.001028 -0.005971 -0.003328
v -0.003194 -0.007244 -0.003309
v -0.002747 -0.007563 -0.003302
v -0.003691 -0.008639 -0.001834
v -0.003483 -0.008851 -0.001829
v -0.002361 -0.007955 -0.003294
v -0.003315 -0.009095 -0.001825
v -0.002050 -0.008406 -0.003285
v -0.003192 -0.009365 -0.001820
v -0.001822 -0.008906 -0.003275
v -0.003117 -0.009652 -0.001814
v -0.001685 -0.009437 -0.003266
v -0.003094 -0.009947 -0.001809
v -0.001640 -0.009984 -0.003255
v -0.003122 -0.010242 -0.001804
v -0.001693 -0.010531 -0.003246
v -0.003200 -0.010527 -0.001799
v -0.001839 -0.011060 -0.003237
v -0.000041 -0.006061 -0.003324
v 0.001002 -0.005978 -0.003322
v -0.000050 -0.005989 0.000676
v -0.001036 -0.005899 0.000672
v 0.000992 -0.005906 0.000677
v 0.002013 -0.005715 -0.003325
v 0.002005 -0.005643 0.000674
v 0.002965 -0.005281 -0.003331
v 0.002957 -0.005209 0.000668
v 0.003827 -0.004688 -0.003340
v 0.003818 -0.004616 0.000659
v -0.003696 -0.008594 0.000716
v -0.003488 -0.008805 0.000720
v -0.003321 -0.009049 0.000724
v 0.010956 -0.000894 0.000607
v 0.011257 -0.000917 -0.001942
v 0.010961 -0.000941 -0.001942
v 0.011251 -0.000871 0.000607
v 0.005620 -0.002087 0.000618
v 0.005170 -0.003031 0.000634
v 0.004564 -0.003882 0.000648
v 0.005899 -0.001079 0.000600
v 0.010677 -0.000869 0.000607
v 0.010405 -0.000798 0.000604
v 0.010681 -0.000915 -0.001943
v 0.010411 -0.000844 -0.001945
v 0.010953 -0.002417 -0.003366
v 0.010435 -0.002370 -0.003367
v 0.004114 -0.034815 -0.002794
v 0.008438 -0.034026 -0.002799
v 0.009932 -0.002237 -0.003371
v 0.009456 -0.002025 -0.003376
v 0.010154 -0.000729 -0.001948
v 0.010149 -0.000683 0.000601
v 0.009920 -0.000574 -0.001951
v 0.009915 -0.000528 0.000599
v 0.009710 -0.000336 0.000595
v 0.005998 -0.000038 0.000581
v 0.009539 -0.000113 0.000591
v 0.009716 -0.000382 -0.001955
v 0.008644 -0.001382 -0.003389
v 0.009024 -0.001737 -0.003382
v 0.009545 -0.000159 -0.001960
v 0.009413 0.000089 -0.001964
v 0.009407 0.000135 0.000586
v 0.008327 -0.000969 -0.003397
v 0.005907 -0.001151 -0.003399
v 0.008084 -0.000509 -0.003406
v 0.007919 -0.000016 -0.003416
v 0.009324 0.000355 -0.001969
v 0.009280 0.000632 -0.001974
v 0.009318 0.000401 0.000580
v 0.009274 0.000678 0.000575
v 0.005916 0.001005 0.000563
v 0.009277 0.000959 0.000570
v 0.009326 0.001236 0.000565
v 0.009282 0.000914 -0.001979
v 0.007842 0.001018 -0.003435
v 0.007837 0.000498 -0.003425
v 0.009330 0.001190 -0.001984
v 0.007931 0.001530 -0.003444
v 0.009419 0.001501 0.000561
v 0.009424 0.001454 -0.001988
v 0.009554 0.001746 0.000557
v 0.009560 0.001700 -0.001993
v 0.008104 0.002021 -0.003452
v 0.008355 0.002477 -0.003460
v 0.005661 0.001944 -0.003456
v 0.005924 0.000932 -0.003436
v 0.005653 0.002017 0.000544
v 0.005228 0.002896 -0.003474
v 0.009064 0.003233 -0.003472
v 0.008678 0.002884 -0.003467
v 0.009734 0.001920 -0.001996
v 0.009942 0.002108 -0.001999
v 0.010179 0.002261 -0.002002
v 0.010173 0.002306 0.000548
v 0.009937 0.002155 0.000550
v 0.009729 0.001967 0.000553
v 0.010431 0.002417 0.000546
v 0.010703 0.002484 0.000546
v 0.010436 0.002371 -0.002003
v 0.009979 0.003719 -0.003479
v 0.010709 0.002438 -0.002003
v 0.009501 0.003515 -0.003476
v 0.010485 0.003844 -0.003480
v 0.010983 0.002506 0.000546
v 0.010989 0.002459 -0.002003
v 0.011284 0.002430 -0.002002
v 0.011004 0.003882 -0.003479
v 0.011278 0.002477 0.000547
v 0.011564 0.002398 0.000549
v 0.020798 0.028156 0.000103
v 0.017106 0.030540 0.000052
v 0.003041 0.005181 0.000480
v 0.002096 0.005631 0.000470
v 0.005218 0.002968 0.000526
v 0.004626 0.003829 0.000509
v 0.003892 0.004575 0.000494
v 0.013144 0.032443 0.000009
v 0.017048 0.031039 0.027608
v 0.020739 0.028654 0.027659
v 0.028003 0.028022 0.027685
v 0.027983 0.028273 0.027681
v 0.028067 0.027777 0.027690
v 0.024104 0.025826 0.027717
v 0.024162 0.025328 0.000161
v 0.027086 0.022599 0.027781
v 0.028172 0.027546 0.027694
v 0.028492 0.027158 0.027702
v 0.028315 0.027339 0.027698
v 0.028504 0.027055 0.022002
v 0.028326 0.027236 0.021998
v 0.028183 0.027444 0.021995
v 0.027327 0.026385 0.020712
v 0.027663 0.026044 0.020719
v 0.029040 0.024050 0.020758
v 0.028054 0.025765 0.020725
v 0.028486 0.025559 0.020729
v 0.028710 0.026909 0.022006
v 0.028938 0.026801 0.022008
v 0.028698 0.027012 0.027704
v 0.028926 0.026904 0.027707
v 0.029169 0.026836 0.027709
v 0.029182 0.026733 0.022009
v 0.029434 0.026709 0.022011
v 0.029426 0.025385 0.020735
v 0.028949 0.025431 0.020733
v 0.031778 0.020219 0.020833
v 0.029904 0.025424 0.020735
v 0.030367 0.025544 0.020733
v 0.029685 0.026729 0.022011
v 0.029930 0.026792 0.022010
v 0.029673 0.026832 0.027710
v 0.029422 0.026812 0.027710
v 0.029641 0.019022 0.027851
v 0.031728 0.015154 0.027925
v 0.029700 0.018524 0.000296
v 0.027145 0.022099 0.000226
v 0.011832 0.002270 0.000552
v 0.012073 0.002099 0.000555
v 0.012281 0.001887 0.000559
v 0.011837 0.002224 -0.001998
v 0.012078 0.002052 -0.001994
v 0.012575 0.003447 -0.003468
v 0.013022 0.003130 -0.003462
v 0.012287 0.001841 -0.001990
v 0.013408 0.002738 -0.003454
v 0.012454 0.001597 -0.001985
v 0.012449 0.001643 0.000565
v 0.012572 0.001374 0.000570
v 0.033372 0.010557 0.000448
v 0.031786 0.014656 0.000370
v 0.033313 0.011056 0.028003
v 0.034372 0.006791 0.028083
v 0.029918 0.026896 0.027710
v 0.030148 0.027001 0.027708
v 0.030160 0.026898 0.022009
v 0.043385 0.002689 0.028176
v 0.043415 0.002436 0.014179
v 0.042839 0.007718 0.028084
v 0.034888 0.002426 0.028163
v 0.043439 0.000160 0.028222
v 0.043398 0.002602 0.021176
v 0.030804 0.025743 0.020731
v 0.041984 0.002524 0.016174
v 0.043413 0.002476 0.014178
v 0.041961 0.002528 0.016435
v 0.041894 0.002533 0.016687
v 0.041782 0.002539 0.016923
v 0.041632 0.002543 0.017137
v 0.041446 0.002549 0.017322
v 0.041232 0.002553 0.017471
v 0.040995 0.002557 0.017581
v 0.040742 0.002560 0.017648
v 0.040482 0.002562 0.017671
v 0.037386 0.002650 0.021163
v 0.036846 0.007112 0.021081
v 0.035711 0.011682 0.020996
v 0.034014 0.016075 0.020912
v 0.042854 0.007591 0.021086
v 0.041726 0.012522 0.020994
v 0.031198 0.026015 0.020727
v 0.040034 0.017288 0.020904
v 0.041711 0.012649 0.027992
v 0.030356 0.027144 0.027706
v 0.040019 0.017415 0.027902
v 0.037786 0.021953 0.027815
v 0.037801 0.021827 0.020817
v 0.030537 0.027321 0.027703
v 0.030695 0.027424 0.022001
v 0.030683 0.027527 0.027700
v 0.030549 0.027218 0.022004
v 0.031818 0.026742 0.020715
v 0.031540 0.026351 0.020722
v 0.030369 0.027040 0.022006
v 0.032025 0.027174 0.020707
v 0.035055 0.026074 0.020734
v 0.032152 0.027636 0.020699
v 0.035040 0.026201 0.027733
v 0.032039 0.029055 0.020674
v 0.032160 0.028591 0.020682
v 0.032198 0.028114 0.020691
v 0.030895 0.028147 0.021988
v 0.030871 0.027895 0.021993
v 0.030803 0.027652 0.021997
v 0.030859 0.027999 0.027691
v 0.030792 0.027755 0.027696
v 0.030883 0.028250 0.027687
v 0.030863 0.028502 0.027683
v 0.030875 0.028399 0.021984
v 0.030812 0.028643 0.021979
v 0.030706 0.028874 0.021974
v 0.031840 0.029491 0.020665
v 0.030799 0.028746 0.027678
v 0.030694 0.028977 0.027673
v 0.030563 0.029082 0.021970
v 0.030551 0.029185 0.027669
v 0.030386 0.029262 0.021967
v 0.030374 0.029365 0.027666
v 0.030180 0.029408 0.021963
v 0.030168 0.029511 0.027662
v 0.029952 0.029517 0.021960
v 0.031569 0.029885 0.020657
v 0.031837 0.019712 -0.007163
v 0.034073 0.015567 -0.007083
v 0.020906 0.006050 -0.029465
v 0.016167 0.005973 -0.035896
v 0.035771 0.011176 -0.006999
v 0.014661 0.005948 -0.037887
v 0.022009 0.005956 -0.034228
v 0.012657 0.005918 -0.040481
v 0.022102 0.005951 -0.034425
v 0.022227 0.005947 -0.034604
v 0.022078 0.002952 -0.034372
v 0.021985 0.002957 -0.034174
v 0.016237 0.003035 -0.032347
v 0.021928 0.002960 -0.033964
v 0.013751 0.002907 -0.040538
v 0.023965 0.002895 -0.036681
v 0.012899 0.002893 -0.041724
v 0.022203 0.002948 -0.034549
v 0.022357 0.002944 -0.034704
v 0.022536 0.002940 -0.034828
v 0.022944 0.002934 -0.034976
v 0.022733 0.002936 -0.034920
v 0.023985 0.005394 -0.036726
v 0.013175 0.004200 -0.040784
v 0.011444 0.004455 -0.042935
v 0.012009 0.002991 -0.042908
v 0.012432 0.005408 -0.041089
v 0.012546 0.005662 -0.040785
v 0.010698 0.005836 -0.042961
v 0.009082 0.005561 -0.042961
v 0.009869 0.004263 -0.042935
v 0.009786 0.007113 -0.042987
v 0.008123 0.006739 -0.042983
v 0.008721 0.008265 -0.043010
v 0.029100 0.023542 -0.007237
v 0.025904 0.027001 -0.007307
v 0.007520 0.009276 -0.043031
v 0.022300 0.030031 -0.007369
v 0.025844 0.027507 0.020689
v 0.022240 0.030538 0.020627
v 0.027055 0.026779 0.020704
v 0.026856 0.027216 0.020696
v 0.028078 0.027674 0.021990
v 0.028015 0.027919 0.021986
v 0.027995 0.028170 0.021981
v 0.026736 0.027679 0.020688
v 0.026698 0.028158 0.020679
v 0.026743 0.028634 0.020670
v 0.028019 0.028422 0.021977
v 0.028086 0.028665 0.021972
v 0.028007 0.028525 0.027676
v 0.028075 0.028769 0.027672
v 0.013086 0.032941 0.027564
v 0.008975 0.033834 -0.000025
v 0.004665 0.034693 -0.000050
v 0.001089 0.005910 0.000463
v -0.004504 0.008804 0.000399
v -0.004582 0.008519 0.000404
v 0.001097 0.005838 -0.003536
v 0.000055 0.005937 -0.003540
v 0.000047 0.006010 0.000459
v -0.004573 0.009681 0.000383
v -0.004499 0.009394 0.000389
v -0.004475 0.009099 0.000394
v -0.004493 0.009348 -0.002161
v -0.004470 0.009053 -0.002156
v -0.003060 0.009562 -0.003612
v -0.003017 0.009015 -0.003602
v -0.004498 0.008759 -0.002151
v -0.003069 0.008468 -0.003593
v -0.004577 0.008472 -0.002145
v -0.003215 0.007940 -0.003583
v -0.004705 0.008205 -0.002141
v -0.004710 0.008251 0.000409
v -0.004882 0.008010 0.000413
v -0.001904 0.005700 0.000461
v -0.000941 0.005935 0.000459
v -0.000932 0.005863 -0.003541
v -0.001896 0.005628 -0.003538
v -0.002806 0.005236 -0.003533
v -0.003770 0.006996 -0.003567
v -0.004161 0.006612 -0.003561
v -0.005087 0.007756 -0.002133
v -0.005332 0.007587 -0.002131
v -0.004614 0.006301 -0.003557
v -0.005601 0.007465 -0.002130
v -0.005114 0.006072 -0.003554
v -0.003640 0.004702 -0.003525
v -0.003649 0.004774 0.000474
v -0.002814 0.005309 0.000466
v -0.004374 0.004037 -0.003515
v -0.004383 0.004109 0.000484
v -0.005644 0.005934 -0.003552
v -0.004989 0.003259 -0.003503
v -0.004998 0.003331 0.000497
v -0.005467 0.002392 -0.003488
v -0.006192 0.005891 -0.003552
v -0.005797 0.001457 -0.003471
v -0.005477 0.002465 0.000512
v -0.005806 0.001530 0.000528
v -0.005894 0.007437 0.000421
v -0.005888 0.007390 -0.002129
v -0.005606 0.007511 0.000421
v -0.006189 0.007413 0.000420
v -0.006468 0.007438 0.000420
v -0.006183 0.007367 -0.002129
v -0.006463 0.007393 -0.002130
v -0.006740 0.007510 0.000418
v -0.006734 0.007463 -0.002132
v -0.006996 0.007624 0.000415
v -0.006990 0.007579 -0.002135
v -0.007213 0.006070 -0.003558
v -0.007688 0.006283 -0.003563
v -0.020793 -0.028207 -0.002966
v -0.024157 -0.025379 -0.003025
v -0.027140 -0.022151 -0.003089
v -0.008121 0.006571 -0.003569
v -0.029695 -0.018575 -0.003159
v -0.027132 -0.022213 -0.006529
v -0.029688 -0.018637 -0.006599
v -0.031773 -0.014770 -0.006673
v -0.031780 -0.014708 -0.003234
v -0.008501 0.006926 -0.003576
v -0.008817 0.007339 -0.003584
v -0.033366 -0.010609 -0.003311
v -0.034425 -0.006344 -0.003391
v -0.009061 0.007799 -0.003593
v -0.034940 -0.001979 -0.003471
v -0.009226 0.008292 -0.003603
v -0.034905 0.002415 -0.003550
v -0.009308 0.008805 -0.003612
v -0.034319 0.006771 -0.003628
v -0.009303 0.009326 -0.003621
v -0.033192 0.011019 -0.003703
v -0.009214 0.009838 -0.003631
v -0.031540 0.015091 -0.003773
v -0.009041 0.010329 -0.003639
v -0.029393 0.018925 -0.003838
v -0.008790 0.010784 -0.003647
v -0.026781 0.022459 -0.003896
v -0.008467 0.011192 -0.003653
v -0.023746 0.025639 -0.003947
v -0.008081 0.011541 -0.003658
v -0.020337 0.028413 -0.003990
v -0.023739 0.025577 -0.007386
v -0.020330 0.028351 -0.007429
v -0.016606 0.030738 -0.004024
v -0.016599 0.030676 -0.007464
v -0.012614 0.032577 -0.004049
v -0.012607 0.032515 -0.007489
v -0.015049 0.025815 -0.007372
v -0.011329 0.027643 -0.007398
v -0.005432 0.008735 -0.043049
v -0.004068 0.009406 -0.043059
v -0.005842 0.010224 -0.043077
v -0.004417 0.010881 -0.043086
v -0.006563 0.011838 -0.040629
v -0.006312 0.011721 -0.040935
v -0.006064 0.011601 -0.041241
v -0.005980 0.023239 -0.037113
v -0.004850 0.012350 -0.040969
v -0.003559 0.012054 -0.041924
v -0.003554 0.012930 -0.040756
v -0.003563 0.011177 -0.043089
v -0.003559 0.012054 -0.041924
v -0.003571 0.010567 -0.041390
v -0.003575 0.009594 -0.043060
v -0.003557 0.014000 -0.035404
v -0.003500 0.021363 -0.034729
v -0.003501 0.021284 -0.034539
v -0.003502 0.021236 -0.034338
v -0.003503 0.021223 -0.034131
v -0.003551 0.015581 -0.032617
v -0.007395 0.028942 -0.007413
v -0.008416 0.033839 -0.007503
v -0.003520 0.023604 -0.018310
v -0.003319 0.029685 -0.007418
v -0.004092 0.034628 -0.007509
v 0.000297 0.034869 -0.007503
v -0.004100 0.034691 -0.004069
v 0.000289 0.034931 -0.004065
v -0.005595 0.012138 -0.003664
v -0.005066 0.011991 -0.003661
v 0.004674 0.034620 -0.004049
v -0.004570 0.011755 -0.003655
v 0.008984 0.033762 -0.004025
v 0.004681 0.034558 -0.007489
v 0.008991 0.033700 -0.007463
v 0.000256 0.029870 -0.007414
v 0.003827 0.029628 -0.007401
v 0.007891 0.028819 -0.007378
v 0.003941 0.013702 -0.035806
v 0.003980 0.023544 -0.018293
v 0.003974 0.021965 -0.021122
v 0.003943 0.014128 -0.035055
v 0.011805 0.027457 -0.007345
v 0.013160 0.032308 -0.007431
v 0.013152 0.032370 -0.003991
v 0.017115 0.030468 -0.003947
v 0.017122 0.030406 -0.007387
v 0.015493 0.025570 -0.007303
v 0.020814 0.028021 -0.007335
v 0.020807 0.028083 -0.003896
v -0.003737 0.011046 -0.003641
v -0.003426 0.010593 -0.003631
v 0.024171 0.025255 -0.003838
v 0.027154 0.022028 -0.003774
v 0.024178 0.025193 -0.007278
v -0.003198 0.010094 -0.003622
v -0.004567 0.009635 -0.002167
v 0.029708 0.018451 -0.003704
v 0.031795 0.014584 -0.003630
v 0.027161 0.021966 -0.007213
v 0.029716 0.018389 -0.007142
v 0.031802 0.014521 -0.007069
v 0.024536 0.017158 -0.007131
v 0.026683 0.013615 -0.007063
v 0.021920 0.020371 -0.007196
v 0.018886 0.023193 -0.007253
v 0.007010 0.007774 -0.043005
v 0.005766 0.008646 -0.043023
v 0.006201 0.010128 -0.043049
v 0.004786 0.010807 -0.043065
v 0.018344 0.032586 -0.007424
v 0.006936 0.011730 -0.040598
v 0.006686 0.011617 -0.040905
v 0.006436 0.011500 -0.041212
v 0.006519 0.023139 -0.037085
v 0.005233 0.012269 -0.040947
v 0.003936 0.011117 -0.043072
v 0.003941 0.011994 -0.041907
v 0.003924 0.009534 -0.043043
v 0.003945 0.012870 -0.040740
v 0.004003 0.021592 -0.035080
v 0.004001 0.021441 -0.034922
v 0.003998 0.021230 -0.034543
v 0.004000 0.021319 -0.034742
v 0.004004 0.021768 -0.035208
v 0.004006 0.021965 -0.035303
v 0.004019 0.023159 -0.037090
v 0.004024 0.023789 -0.036804
v 0.004010 0.022391 -0.035386
v 0.004011 0.022607 -0.035371
v 0.004013 0.022819 -0.035319
v 0.004007 0.022174 -0.035364
v 0.007007 0.022150 -0.035357
v 0.007006 0.021940 -0.035297
v 0.007004 0.021745 -0.035200
v 0.007003 0.021568 -0.035072
v 0.007001 0.021417 -0.034916
v 0.007000 0.021296 -0.034735
v 0.006955 0.015242 -0.036200
v 0.006998 0.021206 -0.034537
v 0.006961 0.016581 -0.034479
v 0.006998 0.021154 -0.034325
v 0.006997 0.021139 -0.034108
v 0.003997 0.021179 -0.034331
v 0.003997 0.021163 -0.034114
v 0.003997 0.021186 -0.033898
v 0.006997 0.021162 -0.033891
v 0.006996 0.021222 -0.033681
v 0.003996 0.021247 -0.033688
v 0.006979 0.020090 -0.029896
v 0.006997 0.021318 -0.033485
v 0.006998 0.021446 -0.033310
v 0.003997 0.021342 -0.033492
v 0.003998 0.021470 -0.033316
v 0.003998 0.021627 -0.033165
v 0.006998 0.021603 -0.033158
v 0.006999 0.021783 -0.033036
v 0.007001 0.021983 -0.032947
v 0.004000 0.021808 -0.033043
v 0.004001 0.022007 -0.032955
v 0.004002 0.022219 -0.032902
v 0.007002 0.022194 -0.032895
v 0.006999 0.023920 -0.024810
v 0.007005 0.022412 -0.032880
v 0.004005 0.022436 -0.032887
v 0.007006 0.022629 -0.032903
v 0.004006 0.022652 -0.032910
v 0.007008 0.022837 -0.032963
v 0.004008 0.022861 -0.032970
v 0.007009 0.023033 -0.033059
v 0.007012 0.023210 -0.033187
v 0.004010 0.023058 -0.033066
v 0.004002 0.024477 -0.024971
v 0.004012 0.023234 -0.033194
v 0.004013 0.023385 -0.033350
v 0.007013 0.023361 -0.033344
v 0.007015 0.023483 -0.033525
v 0.007026 0.025250 -0.032734
v 0.006748 0.024142 -0.024608
v 0.006531 0.025747 -0.032653
v 0.007028 0.025288 -0.033054
v 0.007029 0.025298 -0.033377
v 0.007015 0.023571 -0.033724
v 0.006531 0.025791 -0.033019
v 0.006532 0.025802 -0.033387
v 0.004031 0.025768 -0.032658
v 0.004031 0.025811 -0.033024
v 0.004032 0.025822 -0.033393
v 0.004016 0.023648 -0.033942
v 0.004016 0.023595 -0.033730
v 0.004015 0.023507 -0.033531
v 0.007016 0.023624 -0.033935
v 0.007029 0.025235 -0.033979
v 0.007017 0.023639 -0.034153
v 0.004017 0.023663 -0.034159
v 0.007030 0.025068 -0.034561
v 0.007017 0.023616 -0.034369
v 0.007017 0.023555 -0.034578
v 0.004017 0.023639 -0.034376
v 0.007028 0.024805 -0.035105
v 0.007027 0.024452 -0.035597
v 0.006532 0.025239 -0.035362
v 0.006533 0.025540 -0.034740
v 0.006534 0.025729 -0.034075
v 0.004033 0.025559 -0.034746
v 0.004034 0.025749 -0.034081
v 0.004032 0.025258 -0.035368
v 0.004017 0.023579 -0.034585
v 0.004017 0.023484 -0.034781
v 0.007017 0.023460 -0.034775
v 0.007017 0.023332 -0.034951
v 0.007025 0.024018 -0.036020
v 0.004017 0.023355 -0.034957
v 0.007015 0.023175 -0.035102
v 0.004015 0.023199 -0.035109
v 0.007021 0.023519 -0.036361
v 0.007014 0.022994 -0.035224
v 0.007013 0.022795 -0.035312
v 0.004015 0.023018 -0.035230
v 0.007018 0.022968 -0.036612
v 0.006525 0.023769 -0.036798
v 0.007011 0.022583 -0.035365
v 0.007010 0.022366 -0.035379
v 0.006528 0.024340 -0.036407
v 0.004028 0.024359 -0.036413
v 0.004030 0.024854 -0.035930
v 0.006530 0.024834 -0.035923
v 0.006607 0.024269 -0.024491
v 0.006500 0.024363 -0.024403
v 0.005256 0.024425 -0.024720
v 0.014099 0.034625 -0.007470
v 0.018284 0.033093 0.020572
v 0.014040 0.035132 0.020526
v 0.004414 0.009337 -0.043039
v 0.028322 0.009809 -0.006990
v 0.010462 0.002891 -0.042910
v 0.033387 0.010423 -0.006991
v 0.034446 0.006157 -0.006911
v 0.034439 0.006220 -0.003472
v 0.033380 0.010485 -0.003552
v 0.034955 0.001855 -0.003392
v 0.014084 0.001255 -0.003425
v 0.034919 -0.002539 -0.003313
v 0.034962 0.001793 -0.006831
v 0.002104 0.005559 -0.003529
v 0.014128 0.000707 -0.003416
v 0.011550 0.003830 -0.003477
v 0.013719 0.002286 -0.003444
v 0.014076 0.000161 -0.003406
v 0.012080 0.003684 -0.003474
v 0.013947 0.001786 -0.003435
v 0.003049 0.005109 -0.003519
v 0.003901 0.004502 -0.003506
v 0.004634 0.003756 -0.003491
v 0.012577 0.001328 -0.001980
v 0.012652 0.001041 -0.001974
v 0.012676 0.000746 -0.001969
v 0.012646 0.001087 0.000575
v 0.012670 0.000792 0.000581
v 0.012641 0.000497 0.000586
v 0.034911 -0.002466 0.000687
v 0.034946 0.001928 0.000607
v 0.034431 0.006292 0.000527
v 0.034939 0.000229 0.028203
v 0.043345 -0.002368 0.028268
v 0.034852 -0.001968 0.028242
v 0.034266 -0.006323 0.028320
v 0.034325 -0.006823 0.000764
v 0.033138 -0.010571 0.028394
v 0.028204 -0.027619 0.028692
v 0.028431 -0.027728 0.028695
v 0.031488 -0.014645 0.028465
v 0.033197 -0.011070 0.000839
v 0.012563 0.000211 0.000591
v 0.012435 -0.000056 0.000596
v 0.031547 -0.015143 0.000909
v 0.012263 -0.000298 0.000600
v 0.029398 -0.018976 0.000974
v 0.029339 -0.018477 0.028529
v 0.027960 -0.027553 0.028691
v 0.027456 -0.027548 0.028690
v 0.026727 -0.022012 0.028588
v 0.027708 -0.027528 0.028690
v 0.027720 -0.027631 0.022991
v 0.027468 -0.027652 0.022990
v 0.027255 -0.026394 0.021667
v 0.026791 -0.026513 0.021668
v 0.027223 -0.027715 0.022991
v 0.026356 -0.026713 0.021671
v 0.026994 -0.027820 0.022993
v 0.027211 -0.027612 0.028690
v 0.026981 -0.027717 0.028692
v 0.023693 -0.025192 0.028638
v 0.026773 -0.027860 0.028693
v 0.026786 -0.027963 0.022994
v 0.026605 -0.028141 0.022998
v 0.025961 -0.026985 0.021675
v 0.025619 -0.027320 0.021680
v 0.021752 -0.030126 0.021723
v 0.025404 -0.027154 0.021677
v 0.025340 -0.027711 0.021687
v 0.026459 -0.028346 0.023001
v 0.025135 -0.028144 0.021694
v 0.025006 -0.028606 0.021702
v 0.026350 -0.028574 0.023005
v 0.026337 -0.028471 0.028704
v 0.026283 -0.028819 0.023009
v 0.026446 -0.028243 0.028700
v 0.026593 -0.028037 0.028696
v 0.026259 -0.029069 0.023014
v 0.024961 -0.029082 0.021711
v 0.026270 -0.028715 0.028708
v 0.020283 -0.027966 0.028681
v 0.026247 -0.028967 0.028713
v 0.016554 -0.030291 0.028716
v 0.026266 -0.029219 0.028717
v 0.026278 -0.029321 0.023018
v 0.025119 -0.030025 0.021728
v 0.024999 -0.029561 0.021719
v 0.026341 -0.029567 0.023023
v 0.026329 -0.029463 0.028721
v 0.026446 -0.029796 0.023027
v 0.025319 -0.030460 0.021737
v 0.002174 -0.043053 0.021915
v 0.004657 -0.042855 0.021917
v 0.017756 -0.032617 0.021760
v 0.025591 -0.030856 0.021744
v 0.014503 -0.040606 0.021897
v 0.009645 -0.042017 0.021912
v 0.009630 -0.041891 0.028911
v 0.004642 -0.042729 0.028916
v 0.026435 -0.029693 0.028727
v 0.026578 -0.029901 0.028730
v 0.026591 -0.030004 0.023031
v 0.026768 -0.030185 0.023035
v 0.025927 -0.031197 0.021751
v 0.019163 -0.038639 0.021871
v 0.023565 -0.036145 0.021836
v 0.026317 -0.031475 0.021757
v 0.026750 -0.031681 0.021761
v 0.026973 -0.030331 0.023038
v 0.026961 -0.030228 0.028737
v 0.027201 -0.030440 0.023040
v 0.026756 -0.030081 0.028734
v 0.019149 -0.038513 0.028871
v 0.014488 -0.040478 0.028895
v 0.023550 -0.036019 0.028835
v 0.027632 -0.033031 0.028789
v 0.027433 -0.030404 0.028741
v 0.027189 -0.030337 0.028739
v 0.027647 -0.033158 0.021790
v 0.029067 -0.031497 0.021764
v 0.028630 -0.031695 0.021766
v 0.027212 -0.031809 0.021765
v 0.028167 -0.031816 0.021767
v 0.027689 -0.031854 0.021767
v 0.029462 -0.031225 0.021759
v 0.031354 -0.029717 0.021736
v 0.030288 -0.030066 0.021739
v 0.031339 -0.029590 0.028735
v 0.030081 -0.030498 0.021747
v 0.030461 -0.029127 0.021724
v 0.029803 -0.030889 0.021753
v 0.034637 -0.025869 0.021673
v 0.030415 -0.029604 0.021732
v 0.029134 -0.029345 0.023024
v 0.029067 -0.029588 0.023028
v 0.028958 -0.029816 0.023033
v 0.029054 -0.029485 0.028728
v 0.028946 -0.029713 0.028732
v 0.028799 -0.029919 0.028735
v 0.028811 -0.030022 0.023036
v 0.028619 -0.030096 0.028738
v 0.028632 -0.030199 0.023039
v 0.028411 -0.030239 0.028740
v 0.028181 -0.030344 0.028741
v 0.028423 -0.030343 0.023041
v 0.028193 -0.030448 0.023043
v 0.027949 -0.030511 0.023043
v 0.027936 -0.030408 0.028742
v 0.027685 -0.030428 0.028742
v 0.027696 -0.030531 0.023043
v 0.027445 -0.030507 0.023042
v 0.029122 -0.029241 0.028724
v 0.029146 -0.028990 0.028719
v 0.029158 -0.029093 0.023020
v 0.029138 -0.028841 0.023015
v 0.030423 -0.028649 0.021714
v 0.030302 -0.028185 0.021706
v 0.030103 -0.027749 0.021697
v 0.029075 -0.028596 0.023011
v 0.028970 -0.028367 0.023007
v 0.029062 -0.028493 0.028710
v 0.029127 -0.028738 0.028715
v 0.034622 -0.025741 0.028672
v 0.028814 -0.028055 0.028701
v 0.028957 -0.028263 0.028705
v 0.037436 -0.021538 0.028602
v 0.037450 -0.021665 0.021603
v 0.029832 -0.027354 0.021690
v 0.039757 -0.017164 0.021527
v 0.039742 -0.017037 0.028525
v 0.029496 -0.027013 0.021683
v 0.041525 -0.012425 0.021445
v 0.041510 -0.012299 0.028443
v 0.042732 -0.007513 0.021358
v 0.029105 -0.026735 0.021677
v 0.042716 -0.007387 0.028357
v 0.043336 -0.002834 0.021275
v 0.043351 -0.002961 0.014276
v 0.040698 -0.002877 0.017747
v 0.027733 -0.026355 0.021667
v 0.043374 -0.002621 0.014270
v 0.040951 -0.002880 0.017680
v 0.041189 -0.002884 0.017569
v 0.041403 -0.002888 0.017420
v 0.041588 -0.002893 0.017236
v 0.041739 -0.002898 0.017022
v 0.037320 -0.002786 0.021261
v 0.040178 -0.002873 0.017746
v 0.040438 -0.002875 0.017769
v 0.041850 -0.002904 0.016785
v 0.041918 -0.002909 0.016532
v 0.031454 -0.019961 0.021559
v 0.033756 -0.015853 0.021490
v 0.035525 -0.011489 0.021415
v 0.036733 -0.006938 0.021335
v 0.028211 -0.026401 0.021669
v 0.028672 -0.026529 0.021672
v 0.028215 -0.027724 0.022993
v 0.028443 -0.027831 0.022996
v 0.028649 -0.027978 0.022999
v 0.028637 -0.027875 0.028698
v 0.028827 -0.028159 0.023002
v 0.027971 -0.027656 0.022992
v 0.037335 -0.002912 0.014262
v 0.036792 -0.007445 -0.006661
v 0.029631 -0.004310 -0.017734
v 0.024919 -0.005642 -0.024135
v 0.024932 -0.005394 -0.024193
v 0.037421 -0.002778 -0.006743
v 0.035584 -0.011996 -0.006581
v 0.037376 -0.002398 0.014253
v 0.037639 -0.000199 0.014042
v 0.037413 0.002310 0.014168
v 0.037508 -0.002917 0.014092
v 0.037458 0.001930 -0.006829
v 0.029854 0.001313 -0.017836
v 0.037401 0.002524 0.014164
v 0.036906 0.006606 -0.006914
v 0.025009 0.004114 -0.024365
v 0.029692 0.003189 -0.017869
v 0.025001 0.004366 -0.024315
v 0.026502 0.005455 -0.032242
v 0.024952 0.005616 -0.024024
v 0.024739 0.005863 -0.024239
v 0.024525 0.006112 -0.024450
v 0.026016 0.005957 -0.032344
v 0.023806 0.005968 -0.032715
v 0.023608 0.005971 -0.032623
v 0.023397 0.005974 -0.032566
v 0.023180 0.005976 -0.032549
v 0.022963 0.005978 -0.032568
v 0.020963 0.006051 -0.029388
v 0.024138 0.005960 -0.032993
v 0.023984 0.005965 -0.032838
v 0.023960 0.002964 -0.032784
v 0.024114 0.002961 -0.032938
v 0.026483 0.002955 -0.032198
v 0.024239 0.002957 -0.033117
v 0.024333 0.002952 -0.033314
v 0.024264 0.005956 -0.033171
v 0.024357 0.005952 -0.033368
v 0.024413 0.005948 -0.033579
v 0.024389 0.002948 -0.033524
v 0.026074 0.005947 -0.032884
v 0.026570 0.005443 -0.032859
v 0.026541 0.005432 -0.033478
v 0.026049 0.005938 -0.033426
v 0.026417 0.005423 -0.034086
v 0.025940 0.005929 -0.033958
v 0.024433 0.005944 -0.033795
v 0.024409 0.002944 -0.033741
v 0.024390 0.002940 -0.033958
v 0.024414 0.005939 -0.034013
v 0.024334 0.002937 -0.034168
v 0.025751 0.005922 -0.034465
v 0.024359 0.005937 -0.034223
v 0.024266 0.005934 -0.034421
v 0.024242 0.002934 -0.034366
v 0.025877 0.002907 -0.035162
v 0.025493 0.002901 -0.035649
v 0.024118 0.002932 -0.034545
v 0.025039 0.002897 -0.036071
v 0.023964 0.002931 -0.034700
v 0.024142 0.005931 -0.034599
v 0.025150 0.005910 -0.035365
v 0.023989 0.005930 -0.034754
v 0.025485 0.005914 -0.034938
v 0.025897 0.005406 -0.035207
v 0.025514 0.005401 -0.035694
v 0.025060 0.005397 -0.036116
v 0.024753 0.005906 -0.035733
v 0.024546 0.005394 -0.036463
v 0.024526 0.002895 -0.036418
v 0.023786 0.002929 -0.034824
v 0.023589 0.002930 -0.034917
v 0.023810 0.005929 -0.034879
v 0.023613 0.005929 -0.034971
v 0.024303 0.005904 -0.036038
v 0.023812 0.005904 -0.036268
v 0.022757 0.005935 -0.034973
v 0.022968 0.005933 -0.035029
v 0.023186 0.005931 -0.035048
v 0.023402 0.005929 -0.035028
v 0.023378 0.002930 -0.034974
v 0.023162 0.002932 -0.034993
v 0.022560 0.005939 -0.034882
v 0.022382 0.005942 -0.034757
v 0.026201 0.005414 -0.034667
v 0.026181 0.002914 -0.034621
v 0.026397 0.002923 -0.034041
v 0.026521 0.002933 -0.033433
v 0.026550 0.002944 -0.032814
v 0.025037 0.003105 -0.024539
v 0.023584 0.002972 -0.032568
v 0.023781 0.002968 -0.032660
v 0.023969 0.003234 -0.017883
v 0.018474 0.003093 -0.028184
v 0.029420 0.005816 -0.006916
v 0.029958 0.001707 -0.006840
v 0.024187 0.001154 -0.017845
v 0.023156 0.002977 -0.032494
v 0.023373 0.002975 -0.032513
v 0.022729 0.002979 -0.032571
v 0.022939 0.002978 -0.032514
v 0.022753 0.005978 -0.032624
v 0.022555 0.005979 -0.032718
v 0.022377 0.005978 -0.032842
v 0.022531 0.002979 -0.032663
v 0.022353 0.002978 -0.032788
v 0.022224 0.005976 -0.032998
v 0.022200 0.002976 -0.032943
v 0.022075 0.002974 -0.033122
v 0.022099 0.005973 -0.033176
v 0.022007 0.005971 -0.033373
v 0.021951 0.005967 -0.033584
v 0.021983 0.002972 -0.033319
v 0.021927 0.002968 -0.033530
v 0.021933 0.005964 -0.033801
v 0.021909 0.002964 -0.033747
v 0.021952 0.005959 -0.034018
v 0.029926 -0.002436 -0.006766
v 0.024160 -0.002187 -0.017785
v 0.029321 -0.006534 -0.006693
v 0.023909 -0.004264 -0.017748
v 0.029824 -0.002437 -0.017767
v 0.022387 -0.004303 -0.020608
v 0.018605 -0.004402 -0.027692
v 0.024976 -0.004393 -0.024404
v 0.022879 -0.004521 -0.032378
v 0.023095 -0.004522 -0.032358
v 0.026422 -0.004543 -0.032063
v 0.024054 -0.004537 -0.032803
v 0.023900 -0.004533 -0.032649
v 0.023721 -0.004529 -0.032525
v 0.023523 -0.004527 -0.032433
v 0.023313 -0.004524 -0.032377
v 0.026402 -0.007043 -0.032016
v 0.025906 -0.007540 -0.032100
v 0.024634 -0.007133 -0.024004
v 0.024851 -0.006881 -0.023799
v 0.026469 -0.007055 -0.032633
v 0.025965 -0.007550 -0.032640
v 0.024155 -0.007541 -0.032927
v 0.024248 -0.007546 -0.033124
v 0.025967 -0.007552 -0.032742
v 0.026471 -0.007056 -0.032750
v 0.024305 -0.007550 -0.033335
v 0.025941 -0.007560 -0.033181
v 0.025832 -0.007569 -0.033713
v 0.026441 -0.007065 -0.033252
v 0.026317 -0.007075 -0.033860
v 0.026460 -0.004566 -0.033298
v 0.026489 -0.004555 -0.032678
v 0.026336 -0.004576 -0.033905
v 0.024329 -0.004558 -0.033822
v 0.024348 -0.004554 -0.033606
v 0.024329 -0.004550 -0.033388
v 0.024272 -0.004546 -0.033179
v 0.024324 -0.007554 -0.033551
v 0.025643 -0.007576 -0.034221
v 0.024305 -0.007558 -0.033769
v 0.024249 -0.007560 -0.033979
v 0.025377 -0.007583 -0.034694
v 0.024158 -0.007564 -0.034177
v 0.024274 -0.004561 -0.034033
v 0.024182 -0.004564 -0.034231
v 0.026120 -0.004585 -0.034486
v 0.025796 -0.007092 -0.034981
v 0.026100 -0.007084 -0.034441
v 0.025817 -0.004592 -0.035026
v 0.025414 -0.007097 -0.035468
v 0.025433 -0.004597 -0.035513
v 0.024058 -0.004566 -0.034409
v 0.023903 -0.004568 -0.034564
v 0.023879 -0.007568 -0.034509
v 0.024033 -0.007566 -0.034356
v 0.024644 -0.007592 -0.035490
v 0.025042 -0.007588 -0.035120
v 0.024195 -0.007593 -0.035794
v 0.024960 -0.007101 -0.035890
v 0.024445 -0.007103 -0.036238
v 0.024979 -0.004602 -0.035936
v 0.024466 -0.004604 -0.036282
v 0.023726 -0.004569 -0.034689
v 0.023504 -0.007568 -0.034728
v 0.023702 -0.007568 -0.034635
v 0.023528 -0.004569 -0.034782
v 0.023905 -0.004604 -0.036545
v 0.023318 -0.004568 -0.034839
v 0.023294 -0.007567 -0.034784
v 0.023704 -0.007594 -0.036024
v 0.023076 -0.007566 -0.034804
v 0.022860 -0.007565 -0.034786
v 0.023101 -0.004566 -0.034858
v 0.022884 -0.004565 -0.034840
v 0.022673 -0.004562 -0.034784
v 0.022649 -0.007562 -0.034730
v 0.012548 -0.007579 -0.040237
v 0.022451 -0.007559 -0.034638
v 0.022475 -0.004559 -0.034692
v 0.022273 -0.007555 -0.034513
v 0.022118 -0.007550 -0.034360
v 0.022297 -0.004555 -0.034568
v 0.013691 -0.004592 -0.040403
v 0.022142 -0.004551 -0.034413
v 0.022016 -0.004547 -0.034236
v 0.021992 -0.007547 -0.034181
v 0.015971 -0.007526 -0.035769
v 0.021901 -0.007542 -0.033984
v 0.014543 -0.007549 -0.037657
v 0.031514 -0.020468 -0.006436
v 0.033816 -0.016359 -0.006505
v 0.020798 -0.007448 -0.029221
v 0.020690 -0.007449 -0.029370
v 0.021899 -0.007526 -0.033130
v 0.021990 -0.007523 -0.032932
v 0.022114 -0.007522 -0.032753
v 0.022269 -0.007520 -0.032599
v 0.022447 -0.007519 -0.032473
v 0.022644 -0.007519 -0.032381
v 0.022471 -0.004520 -0.032527
v 0.022293 -0.004520 -0.032653
v 0.022139 -0.004523 -0.032807
v 0.022014 -0.004524 -0.032985
v 0.014834 -0.004498 -0.034695
v 0.021923 -0.004528 -0.033183
v 0.021867 -0.004531 -0.033394
v 0.021848 -0.004535 -0.033611
v 0.021843 -0.007530 -0.033340
v 0.021824 -0.007534 -0.033557
v 0.021868 -0.004538 -0.033829
v 0.021844 -0.007538 -0.033774
v 0.021925 -0.004543 -0.034038
v 0.028158 -0.010511 -0.006623
v 0.010402 -0.004608 -0.042773
v 0.009787 -0.005969 -0.042750
v 0.026458 -0.014289 -0.006558
v 0.012839 -0.004606 -0.041587
v 0.011985 -0.004620 -0.042770
v 0.011948 -0.004733 -0.042768
v 0.013094 -0.005882 -0.040601
v 0.012331 -0.007089 -0.040864
v 0.011358 -0.006187 -0.042743
v 0.008979 -0.007256 -0.042729
v 0.010591 -0.007556 -0.042720
v 0.012441 -0.007334 -0.040551
v 0.009657 -0.008819 -0.042699
v 0.028715 -0.024254 -0.006373
v 0.028655 -0.023748 0.021622
v 0.025464 -0.027661 -0.006319
v 0.008574 -0.009955 -0.042681
v 0.021811 -0.030633 -0.006273
v 0.007356 -0.010945 -0.042666
v 0.017815 -0.033124 -0.006236
v 0.006025 -0.011775 -0.042653
v 0.013538 -0.035095 -0.006210
v 0.013479 -0.034588 0.021786
v 0.006696 -0.016736 -0.035505
v 0.006735 -0.013300 -0.040146
v 0.006683 -0.017919 -0.033866
v 0.006645 -0.022468 -0.033319
v 0.006646 -0.022491 -0.033536
v 0.006645 -0.022535 -0.032890
v 0.006645 -0.022483 -0.033102
v 0.006644 -0.021428 -0.028920
v 0.006641 -0.022746 -0.032510
v 0.006643 -0.022624 -0.032691
v 0.003643 -0.022600 -0.032698
v 0.003642 -0.022721 -0.032517
v 0.003688 -0.016750 -0.032016
v 0.003640 -0.022873 -0.032361
v 0.003639 -0.023049 -0.032232
v 0.006640 -0.022897 -0.032353
v 0.003601 -0.025424 -0.024069
v 0.003550 -0.029972 -0.017325
v 0.003631 -0.023889 -0.032069
v 0.003630 -0.024100 -0.032121
v 0.003628 -0.024479 -0.032331
v 0.003628 -0.024298 -0.032209
v 0.003637 -0.023244 -0.032137
v 0.003635 -0.023454 -0.032077
v 0.003633 -0.023671 -0.032053
v 0.004857 -0.025384 -0.023820
v 0.003606 -0.026992 -0.031704
v 0.003595 -0.024251 -0.017429
v 0.002726 -0.024363 -0.017429
v 0.003348 -0.029934 -0.006325
v 0.007424 -0.029190 -0.006329
v 0.003707 -0.015271 -0.034859
v 0.011358 -0.027892 -0.006344
v 0.004121 -0.034877 -0.006234
v 0.008445 -0.034088 -0.006239
v 0.012636 -0.032764 -0.006253
v 0.012629 -0.032701 -0.002814
v 0.016628 -0.030924 -0.006279
v 0.015077 -0.026064 -0.006370
v 0.005613 -0.010287 -0.042681
v 0.006872 -0.009435 -0.042694
v 0.018509 -0.023741 -0.006404
v 0.008000 -0.008418 -0.042710
v 0.021587 -0.020968 -0.006448
v 0.020358 -0.028599 -0.006313
v 0.020351 -0.028537 -0.002874
v 0.016621 -0.030862 -0.002839
v 0.023767 -0.025825 -0.006356
v 0.023760 -0.025763 -0.002916
v 0.026802 -0.022646 -0.006406
v 0.029413 -0.019111 -0.006465
v 0.024253 -0.017797 -0.006500
v 0.026795 -0.022583 -0.002967
v 0.012984 -0.001696 -0.003375
v 0.012532 -0.002007 -0.003370
v 0.029406 -0.019049 -0.003025
v 0.031555 -0.015215 -0.003090
v 0.031562 -0.015278 -0.006530
v 0.033213 -0.011205 -0.006600
v 0.034340 -0.006956 -0.006674
v 0.033206 -0.011143 -0.003160
v 0.013693 -0.000863 -0.003388
v 0.013375 -0.001311 -0.003380
v 0.034333 -0.006895 -0.003235
v 0.013930 -0.000368 -0.003396
v 0.034926 -0.002601 -0.006752
v 0.012568 0.000166 -0.001959
v 0.012441 -0.000103 -0.001954
v 0.012269 -0.000343 -0.001950
v 0.012057 -0.000552 -0.001947
v 0.012052 -0.000506 0.000603
v 0.011808 -0.000673 0.000605
v 0.026786 -0.022512 0.001032
v 0.023751 -0.025691 0.001084
v 0.020342 -0.028465 0.001126
v -0.003334 -0.010749 0.000756
v 0.011539 -0.000797 0.000607
v -0.003099 -0.009900 0.000740
v -0.003127 -0.010196 0.000746
v 0.016613 -0.030789 0.001160
v -0.003206 -0.010481 0.000751
v 0.012621 -0.032629 0.001185
v -0.003506 -0.010989 0.000759
v 0.012562 -0.032130 0.028741
v 0.008371 -0.033455 0.028755
v 0.004047 -0.034243 0.028761
v 0.008429 -0.033953 0.001201
v -0.003716 -0.011198 0.000763
v -0.003961 -0.011366 0.000765
v 0.004106 -0.034742 0.001206
v -0.004230 -0.011488 0.000767
v -0.000342 -0.034484 0.028756
v -0.003955 -0.011412 -0.001785
v -0.004225 -0.011535 -0.001782
v -0.003237 -0.012699 -0.003210
v -0.003737 -0.012927 -0.003207
v -0.002785 -0.012388 -0.003214
v -0.002394 -0.012003 -0.003221
v -0.003712 -0.011243 -0.001787
v -0.003500 -0.011036 -0.001790
v -0.003328 -0.010795 -0.001795
v -0.002075 -0.011556 -0.003228
v 0.004572 -0.003955 -0.003351
v 0.005180 -0.003103 -0.003365
v 0.005628 -0.002159 -0.003382
v -0.003122 -0.009605 0.000735
v -0.003197 -0.009319 0.000730
v 0.011814 -0.000720 -0.001944
v 0.011543 -0.000843 -0.001943
v 0.012032 -0.002235 -0.003367
v 0.011500 -0.002373 -0.003365
v 0.012647 0.000451 -0.001964
v 0.004251 -0.010958 -0.042672
v 0.003746 -0.012057 -0.040965
v 0.003757 -0.011145 -0.042670
v 0.004599 -0.012433 -0.042644
v 0.003745 -0.012728 -0.042641
v 0.006238 -0.013084 -0.040768
v 0.003735 -0.013563 -0.041445
v 0.003726 -0.014396 -0.040247
v 0.005022 -0.013823 -0.040475
v 0.006135 -0.024566 -0.036222
v 0.006130 -0.025123 -0.035950
v 0.006632 -0.024873 -0.035518
v 0.006636 -0.024386 -0.035756
v 0.006486 -0.013193 -0.040457
v 0.003635 -0.024546 -0.036227
v 0.003630 -0.025103 -0.035956
v 0.003637 -0.023933 -0.034530
v 0.003638 -0.023716 -0.034554
v 0.003640 -0.023499 -0.034537
v 0.003633 -0.024338 -0.034374
v 0.003635 -0.024142 -0.034470
v 0.006634 -0.024166 -0.034463
v 0.006633 -0.024362 -0.034368
v 0.006627 -0.025318 -0.035208
v 0.006631 -0.024538 -0.034239
v 0.003631 -0.024514 -0.034247
v 0.006629 -0.024690 -0.034082
v 0.006623 -0.025709 -0.034832
v 0.006620 -0.026039 -0.034400
v 0.006121 -0.026078 -0.035166
v 0.006125 -0.025632 -0.035595
v 0.003626 -0.025611 -0.035601
v 0.003621 -0.026059 -0.035172
v 0.003630 -0.024665 -0.034089
v 0.006628 -0.024812 -0.033902
v 0.003628 -0.024787 -0.033909
v 0.003617 -0.026434 -0.034678
v 0.003627 -0.024876 -0.033710
v 0.006627 -0.024900 -0.033703
v 0.006626 -0.024952 -0.033491
v 0.006617 -0.026296 -0.033923
v 0.006613 -0.026477 -0.033411
v 0.006113 -0.026749 -0.034128
v 0.006116 -0.026454 -0.034672
v 0.003613 -0.026729 -0.034133
v 0.006110 -0.026956 -0.033543
v 0.006108 -0.027070 -0.032933
v 0.006611 -0.026577 -0.032879
v 0.003610 -0.026936 -0.033548
v 0.003608 -0.027050 -0.032939
v 0.003626 -0.024943 -0.033281
v 0.003626 -0.024929 -0.033498
v 0.006625 -0.024968 -0.033274
v 0.006625 -0.024944 -0.033057
v 0.003625 -0.024921 -0.033064
v 0.006610 -0.026594 -0.032336
v 0.006625 -0.024884 -0.032847
v 0.003625 -0.024861 -0.032855
v 0.006610 -0.026526 -0.031799
v 0.006625 -0.024789 -0.032651
v 0.003625 -0.024765 -0.032659
v 0.006626 -0.024660 -0.032476
v 0.006627 -0.024503 -0.032325
v 0.003626 -0.024636 -0.032483
v 0.006605 -0.024911 -0.023928
v 0.006105 -0.027012 -0.031699
v 0.006352 -0.025121 -0.023718
v 0.006628 -0.024322 -0.032203
v 0.006630 -0.024124 -0.032114
v 0.006632 -0.023912 -0.032061
v 0.006633 -0.023695 -0.032047
v 0.006635 -0.023478 -0.032069
v 0.006636 -0.023269 -0.032130
v 0.006639 -0.023073 -0.032226
v 0.006208 -0.025241 -0.023596
v 0.006100 -0.025330 -0.023505
v 0.009047 -0.036513 -0.006193
v 0.004414 -0.037359 -0.006188
v 0.003541 -0.029974 -0.017325
v 0.008988 -0.036007 0.021802
v 0.004355 -0.036852 0.021808
v 0.002222 -0.037044 0.021806
v 0.002237 -0.037169 0.014808
v 0.002221 -0.038748 0.016576
v 0.002236 -0.037344 0.014640
v 0.002221 -0.038721 0.016836
v -0.000332 -0.037237 0.014804
v 0.002220 -0.038737 0.017083
v -0.000287 -0.037617 -0.006193
v 0.002220 -0.038936 0.016089
v 0.002221 -0.038821 0.016325
v -0.003218 -0.038777 0.016312
v -0.003218 -0.038705 0.016564
v -0.003218 -0.038677 0.016823
v -0.003200 -0.037104 0.014795
v -0.003218 -0.039046 0.015866
v -0.003218 -0.038891 0.016077
v -0.000484 -0.037235 0.014803
v -0.001777 -0.037373 0.014630
v -0.003202 -0.037280 0.014626
v -0.003215 -0.036978 0.021794
v -0.005044 -0.036777 0.021786
v -0.003264 -0.042992 0.021903
v -0.003238 -0.040755 0.018235
v -0.003249 -0.043118 0.014903
v -0.003240 -0.040975 0.018121
v -0.003242 -0.041483 0.017588
v -0.003242 -0.041586 0.017363
v -0.003242 -0.041652 0.017124
v -0.003240 -0.041173 0.017972
v -0.003241 -0.041343 0.017793
v -0.003234 -0.040274 0.018347
v -0.000380 -0.043235 0.014912
v -0.003232 -0.040027 0.018343
v -0.003236 -0.040519 0.018312
v 0.002204 -0.040318 0.018360
v 0.002202 -0.040563 0.018324
v 0.002201 -0.040798 0.018247
v 0.002199 -0.041018 0.018133
v 0.002198 -0.041216 0.017984
v 0.002196 -0.041388 0.017805
v 0.002196 -0.041526 0.017601
v 0.002196 -0.041630 0.017375
v 0.002195 -0.041695 0.017137
v -0.003242 -0.041677 0.016878
v 0.002196 -0.041721 0.016890
v -0.003241 -0.041658 0.016617
v 0.002197 -0.041703 0.016629
v 0.002189 -0.043181 0.014916
v 0.002191 -0.043011 0.014742
v -0.000379 -0.043067 0.014737
v 0.002198 -0.041639 0.016376
v 0.002199 -0.041533 0.016137
v 0.002201 -0.041387 0.015920
v -0.003237 -0.041343 0.015907
v -0.003236 -0.041162 0.015720
v 0.002203 -0.041206 0.015732
v -0.003233 -0.040951 0.015566
v 0.002204 -0.040994 0.015579
v 0.002199 -0.042176 0.014080
v 0.002196 -0.042515 0.014306
v -0.000376 -0.042793 0.014478
v -0.000370 -0.042232 0.014076
v -0.000365 -0.041611 0.013775
v 0.002204 -0.041552 0.013780
v 0.002201 -0.041951 0.013957
v -0.002026 -0.042749 0.014474
v -0.001999 -0.042188 0.014071
v -0.003240 -0.042195 0.014118
v -0.003244 -0.042674 0.014470
v -0.003239 -0.042113 0.014068
v -0.001969 -0.041567 0.013771
v -0.003234 -0.041605 0.013813
v -0.001938 -0.040904 0.013582
v -0.003234 -0.041489 0.013768
v -0.000359 -0.040947 0.013586
v 0.002212 -0.040690 0.013558
v 0.002210 -0.040887 0.013591
v 0.002216 -0.040199 0.013519
v -0.000353 -0.040260 0.013515
v 0.002218 -0.040024 0.013520
v -0.000348 -0.039572 0.013562
v -0.001906 -0.040219 0.013511
v -0.003218 -0.039646 0.013527
v -0.001874 -0.039531 0.013558
v -0.003222 -0.040136 0.013507
v -0.003227 -0.040825 0.013578
v -0.003223 -0.040313 0.013513
v -0.003229 -0.040464 0.015379
v -0.003227 -0.040205 0.015351
v 0.002209 -0.040507 0.015391
v 0.002212 -0.040247 0.015363
v -0.003225 -0.039943 0.015369
v 0.002213 -0.039987 0.015381
v -0.003222 -0.039690 0.015432
v -0.003216 -0.039446 0.013553
v -0.003213 -0.038991 0.013651
v -0.003212 -0.038773 0.013718
v -0.001844 -0.038861 0.013723
v -0.000339 -0.038270 0.014004
v -0.003209 -0.038370 0.013879
v -0.001815 -0.038229 0.014000
v -0.000343 -0.038901 0.013726
v 0.002223 -0.039366 0.013591
v 0.002226 -0.038838 0.013731
v 0.002227 -0.038724 0.013772
v 0.002230 -0.038205 0.014008
v 0.002217 -0.039494 0.015550
v 0.002215 -0.039733 0.015445
v -0.003221 -0.039451 0.015539
v -0.003220 -0.039234 0.015685
v 0.002218 -0.039278 0.015696
v 0.002219 -0.039089 0.015878
v 0.002231 -0.038123 0.014054
v 0.002234 -0.037628 0.014390
v -0.000335 -0.037696 0.014387
v 0.002235 -0.037576 0.014433
v -0.000333 -0.037412 0.014635
v -0.001790 -0.037656 0.014382
v -0.003204 -0.037792 0.014209
v -0.003208 -0.038140 0.013995
v 0.002222 -0.039510 0.013567
v 0.002207 -0.040759 0.015463
v 0.002206 -0.041338 0.013705
v -0.003231 -0.040716 0.015451
v -0.003229 -0.040970 0.013609
v -0.003245 -0.042728 0.014517
v -0.003247 -0.042949 0.014729
v -0.003238 -0.041489 0.016124
v -0.002040 -0.043022 0.014733
v -0.003241 -0.041596 0.016363
v 0.002206 -0.040070 0.018355
v 0.002208 -0.039826 0.018310
v 0.002209 -0.039593 0.018226
v -0.003230 -0.039782 0.018298
v -0.003228 -0.039550 0.018214
v -0.003226 -0.039334 0.018092
v 0.002212 -0.039378 0.018104
v 0.002214 -0.039185 0.017948
v -0.003224 -0.039141 0.017936
v 0.002215 -0.039021 0.017762
v -0.003223 -0.038977 0.017751
v 0.002218 -0.038889 0.017553
v -0.003221 -0.038846 0.017541
v 0.002218 -0.038794 0.017324
v -0.003219 -0.038750 0.017313
v -0.003219 -0.038693 0.017071
v -0.000203 -0.030179 -0.017330
v 0.006106 -0.027090 -0.032314
v 0.003607 -0.027069 -0.032320
v 0.006637 -0.023957 -0.034523
v 0.006638 -0.023740 -0.034546
v 0.006640 -0.023523 -0.034532
v 0.003641 -0.023288 -0.034485
v 0.006641 -0.023311 -0.034479
v 0.003643 -0.023088 -0.034396
v 0.006643 -0.023112 -0.034390
v 0.003645 -0.022908 -0.034275
v 0.006644 -0.022932 -0.034269
v 0.006645 -0.022775 -0.034117
v 0.003645 -0.022751 -0.034124
v 0.003646 -0.022623 -0.033947
v 0.003646 -0.022527 -0.033751
v 0.006645 -0.022647 -0.033941
v 0.006646 -0.022551 -0.033746
v 0.003646 -0.022466 -0.033543
v 0.003646 -0.022443 -0.033326
v 0.003645 -0.022459 -0.033108
v 0.003644 -0.022511 -0.032897
v 0.023884 -0.007104 -0.036500
v 0.012839 -0.004606 -0.041587
v 0.022668 -0.004520 -0.032435
v 0.022855 -0.007520 -0.032324
v 0.023071 -0.007522 -0.032304
v 0.024417 -0.007386 -0.024207
v 0.023289 -0.007523 -0.032322
v 0.023499 -0.007526 -0.032379
v 0.023697 -0.007529 -0.032470
v 0.023876 -0.007533 -0.032595
v 0.024030 -0.007537 -0.032749
v 0.024179 -0.004541 -0.032981
v 0.038985 0.002548 0.016168
v 0.039187 0.002533 0.015418
v 0.039076 0.002538 0.015655
v 0.039007 0.002552 0.016427
v 0.037573 0.002519 0.013993
v 0.039008 0.002542 0.015907
v 0.038965 -0.002894 0.016005
v 0.038941 -0.002889 0.016266
v 0.038963 -0.002885 0.016526
v 0.039030 -0.002881 0.016779
v 0.039140 -0.002877 0.017016
v 0.039075 0.002557 0.016680
v 0.039184 0.002560 0.016918
v 0.039333 0.002562 0.017132
v 0.039290 -0.002875 0.017230
v 0.039475 -0.002873 0.017416
v 0.039688 -0.002872 0.017566
v 0.039518 0.002565 0.017318
v 0.039732 0.002565 0.017468
v 0.039925 -0.002872 0.017678
v 0.039969 0.002565 0.017579
v 0.040221 0.002564 0.017647
v 0.039033 -0.002899 0.015753
v 0.039144 -0.002904 0.015517
v 0.039338 0.002527 0.015204
v 0.039294 -0.002910 0.015303
v 0.039479 -0.002914 0.015118
v 0.039523 0.002523 0.015020
v 0.037853 0.002513 0.013739
v 0.038343 0.002503 0.013396
v 0.038423 0.002501 0.013349
v 0.039738 0.002518 0.014871
v 0.038939 0.002493 0.013104
v 0.039975 0.002514 0.014761
v 0.039694 -0.002919 0.014968
v 0.039052 0.002491 0.013061
v 0.039115 -0.000234 0.013111
v 0.039578 0.002484 0.012914
v 0.039722 0.002483 0.012886
v 0.039782 -0.000246 0.012935
v 0.039657 -0.002954 0.012984
v 0.039857 -0.002957 0.012955
v 0.040469 -0.000255 0.012877
v 0.040235 0.002477 0.012832
v 0.039205 -0.002949 0.013089
v 0.038987 -0.002945 0.013159
v 0.039931 -0.002922 0.014859
v 0.040227 0.002511 0.014693
v 0.040183 -0.002926 0.014792
v 0.040445 -0.002928 0.014770
v 0.040488 0.002508 0.014671
v 0.040346 -0.002961 0.012926
v 0.040524 -0.002962 0.012931
v 0.041035 -0.002965 0.012987
v 0.040705 -0.002931 0.014792
v 0.040957 -0.002931 0.014861
v 0.041001 0.002505 0.014762
v 0.040749 0.002506 0.014694
v 0.041181 -0.002966 0.013016
v 0.041157 -0.000262 0.012939
v 0.041704 -0.002968 0.013166
v 0.041823 -0.000267 0.013117
v 0.041820 -0.002968 0.013210
v 0.042332 -0.002968 0.013456
v 0.041193 -0.002931 0.014972
v 0.041407 -0.002930 0.015122
v 0.041452 0.002507 0.015024
v 0.041238 0.002506 0.014873
v 0.041767 0.002469 0.013068
v 0.042168 0.002469 0.013238
v 0.042395 0.002469 0.013358
v 0.042450 -0.000269 0.013407
v 0.042738 0.002471 0.013578
v 0.043017 -0.000269 0.013801
v 0.043296 -0.000268 0.014055
v 0.043242 0.002474 0.014006
v 0.041635 0.002509 0.015209
v 0.041786 0.002512 0.015424
v 0.041592 -0.002927 0.015308
v 0.042900 -0.002965 0.013850
v 0.042954 -0.002964 0.013895
v 0.041742 -0.002925 0.015522
v 0.043179 -0.002963 0.014104
v 0.041895 0.002515 0.015662
v 0.041852 -0.002922 0.015759
v 0.041919 -0.002918 0.016012
v 0.041962 0.002519 0.015914
v 0.041941 -0.002914 0.016273
v 0.042415 -0.002968 0.013505
v 0.041552 0.002470 0.012997
v 0.041100 0.002471 0.012889
v 0.040901 0.002473 0.012860
v 0.040411 0.002475 0.012828
v 0.038586 -0.002940 0.013327
v 0.038487 -0.000222 0.013399
v 0.038358 -0.002935 0.013447
v 0.038014 -0.002929 0.013666
v 0.037918 -0.000208 0.013789
v 0.037801 0.002514 0.013783
v 0.011569 0.002351 -0.002000
v 0.011401 0.002914 -0.041220
v 0.012045 0.002878 -0.042906
v -0.004690 0.009905 -0.002172
v -0.004858 0.010149 -0.002177
v -0.004696 0.009951 0.000378
v -0.004864 0.010195 0.000374
v -0.005066 0.010360 -0.002181
v -0.005072 0.010406 0.000368
v -0.005313 0.010578 0.000365
v -0.005308 0.010532 -0.002184
v -0.005576 0.010660 -0.002187
v -0.005861 0.010738 -0.002189
v -0.005581 0.010705 0.000362
v -0.005866 0.010784 0.000360
v -0.006156 0.010766 -0.002190
v -0.006161 0.010812 0.000360
v 0.000280 0.035004 -0.000065
v -0.004109 0.034763 -0.000070
v -0.006442 0.010792 0.000359
v -0.008432 0.033974 -0.000065
v -0.006714 0.010725 0.000359
v -0.012624 0.032650 -0.000049
v -0.006972 0.010614 0.000361
v -0.016616 0.030810 -0.000025
v -0.012682 0.033148 0.027506
v -0.016674 0.031309 0.027531
v -0.026370 0.030104 0.027531
v -0.020403 0.028984 0.027565
v -0.020345 0.028486 0.000009
v -0.007208 0.010462 0.000363
v -0.007417 0.010274 0.000366
v -0.023754 0.025712 0.000052
v -0.007591 0.010054 0.000370
v -0.026789 0.022532 0.000103
v -0.023813 0.026210 0.027608
v -0.026757 0.029006 0.027551
v -0.026935 0.028845 0.027553
v -0.027137 0.028716 0.027555
v -0.026847 0.023030 0.027659
v -0.026493 0.029403 0.027544
v -0.026609 0.029194 0.027547
v -0.026481 0.029300 0.021845
v -0.026597 0.029091 0.021848
v -0.025292 0.028745 0.020558
v -0.026745 0.028903 0.021852
v -0.026923 0.028742 0.021854
v -0.027125 0.028612 0.021857
v -0.027356 0.028621 0.027557
v -0.025141 0.029174 0.020550
v -0.026401 0.029526 0.021841
v -0.025063 0.029620 0.020543
v -0.025059 0.030074 0.020534
v -0.026360 0.029762 0.021837
v -0.026358 0.030001 0.021832
v -0.026372 0.029865 0.027536
v -0.026413 0.029629 0.027540
v -0.026395 0.030237 0.021828
v -0.025130 0.030523 0.020525
v -0.029401 0.018997 0.000161
v -0.007727 0.009808 0.000374
v -0.007820 0.009543 0.000379
v -0.031550 0.015164 0.000227
v -0.007868 0.009267 0.000384
v -0.033200 0.011091 0.000296
v -0.007871 0.008986 0.000389
v -0.034328 0.006843 0.000371
v -0.007827 0.008708 0.000394
v -0.034914 0.002487 0.000449
v -0.034386 0.007342 0.027927
v -0.034972 0.002986 0.028004
v -0.035059 0.000790 0.028043
v -0.034949 -0.001907 0.000528
v -0.043559 0.000858 0.028025
v -0.035007 -0.001409 0.028084
v -0.034492 -0.005773 0.028163
v -0.043506 -0.001672 0.028071
v -0.034433 -0.006271 0.000608
v -0.033375 -0.010536 0.000687
v -0.007738 0.008442 0.000399
v -0.007606 0.008194 0.000404
v -0.007435 0.007972 0.000408
v -0.007430 0.007926 -0.002142
v -0.007600 0.008148 -0.002147
v -0.007732 0.008396 -0.002151
v -0.007821 0.008663 -0.002156
v -0.007865 0.008940 -0.002161
v -0.007862 0.009221 -0.002166
v -0.007814 0.009498 -0.002171
v -0.007721 0.009762 -0.002175
v -0.007585 0.010008 -0.002180
v -0.007411 0.010227 -0.002183
v -0.007203 0.010416 -0.002186
v -0.006967 0.010568 -0.002189
v -0.006709 0.010679 -0.002190
v -0.007643 0.011822 -0.003663
v -0.007165 0.012027 -0.003665
v -0.006660 0.012151 -0.003667
v -0.006436 0.010745 -0.002190
v -0.006141 0.012190 -0.003666
v -0.008424 0.033902 -0.004064
v -0.007225 0.007734 -0.002138
v -0.007230 0.007780 0.000412
v -0.006494 -0.010014 0.000736
v -0.006451 -0.010291 0.000740
v -0.006356 -0.010604 -0.001804
v -0.006445 -0.010337 -0.001809
v -0.006224 -0.010851 -0.001800
v -0.006053 -0.011074 -0.001795
v -0.005848 -0.011266 -0.001791
v -0.005854 -0.011219 0.000759
v -0.005615 -0.011422 -0.001788
v -0.043475 -0.001926 0.014072
v -0.042959 -0.006699 0.028162
v -0.043488 -0.001838 0.021073
v -0.041070 -0.001922 0.017488
v -0.037476 -0.001886 0.021086
v -0.043474 -0.001964 0.014073
v -0.040818 -0.001923 0.017556
v -0.042054 -0.001940 0.016077
v -0.040557 -0.001925 0.017579
v -0.042032 -0.001935 0.016337
v -0.041964 -0.001931 0.016589
v -0.041854 -0.001928 0.016827
v -0.041705 -0.001925 0.017041
v -0.041520 -0.001923 0.017226
v -0.041307 -0.001922 0.017376
v -0.042944 -0.006827 0.021164
v -0.036936 -0.006348 0.021168
v -0.035801 -0.010918 0.021253
v -0.034104 -0.015309 0.021336
v -0.034044 -0.015816 -0.006659
v -0.014500 -0.007316 -0.037710
v -0.016015 -0.007269 -0.035725
v -0.035742 -0.011424 -0.006743
v -0.020782 -0.007113 -0.029315
v -0.020839 -0.007112 -0.029238
v -0.022540 -0.007158 -0.032513
v -0.022358 -0.007161 -0.032611
v -0.022195 -0.007164 -0.032737
v -0.022055 -0.007169 -0.032889
v -0.021941 -0.007172 -0.033061
v -0.021859 -0.007176 -0.033250
v -0.021808 -0.007181 -0.033450
v -0.021835 -0.004176 -0.033305
v -0.021783 -0.004181 -0.033504
v -0.021766 -0.004184 -0.033710
v -0.021790 -0.007184 -0.033656
v -0.021808 -0.007188 -0.033873
v -0.021865 -0.007192 -0.034084
v -0.021784 -0.004188 -0.033927
v -0.021840 -0.004191 -0.034138
v -0.021932 -0.004195 -0.034336
v -0.013579 -0.004373 -0.040465
v -0.021956 -0.007194 -0.034282
v -0.022080 -0.007197 -0.034460
v -0.012485 -0.007379 -0.040293
v -0.023659 -0.007214 -0.036131
v -0.012373 -0.007135 -0.040607
v -0.022234 -0.007198 -0.034615
v -0.022413 -0.007199 -0.034739
v -0.022610 -0.007199 -0.034832
v -0.022586 -0.004199 -0.034886
v -0.022821 -0.007199 -0.034889
v -0.022389 -0.004199 -0.034794
v -0.022210 -0.004198 -0.034669
v -0.022056 -0.004197 -0.034515
v -0.022796 -0.004199 -0.034944
v -0.023037 -0.007197 -0.034909
v -0.023013 -0.004197 -0.034963
v -0.023254 -0.007195 -0.034890
v -0.023230 -0.004195 -0.034944
v -0.023464 -0.007193 -0.034834
v -0.023440 -0.004192 -0.034888
v -0.023662 -0.007189 -0.034743
v -0.024151 -0.007206 -0.035903
v -0.024602 -0.007197 -0.035601
v -0.024454 -0.006710 -0.036312
v -0.024391 -0.006712 -0.036348
v -0.023829 -0.006721 -0.036609
v -0.012258 -0.006893 -0.040919
v -0.023809 -0.004221 -0.036654
v -0.024434 -0.004212 -0.036357
v -0.023638 -0.004190 -0.034797
v -0.023817 -0.004186 -0.034672
v -0.023841 -0.007185 -0.034618
v -0.023996 -0.007180 -0.034464
v -0.025000 -0.007187 -0.035234
v -0.025337 -0.007176 -0.034810
v -0.025506 -0.006686 -0.035422
v -0.025363 -0.006690 -0.035584
v -0.025018 -0.006699 -0.035913
v -0.024907 -0.006701 -0.036004
v -0.024998 -0.004199 -0.035958
v -0.025485 -0.004187 -0.035467
v -0.023971 -0.004182 -0.034518
v -0.024097 -0.004178 -0.034340
v -0.024121 -0.007177 -0.034286
v -0.025606 -0.007165 -0.034337
v -0.024214 -0.007172 -0.034088
v -0.024189 -0.004173 -0.034143
v -0.024270 -0.007168 -0.033879
v -0.024246 -0.004169 -0.033933
v -0.024290 -0.007164 -0.033662
v -0.025796 -0.007155 -0.033830
v -0.025907 -0.007145 -0.033299
v -0.026370 -0.006645 -0.033559
v -0.026273 -0.006654 -0.033979
v -0.026192 -0.006659 -0.034227
v -0.026054 -0.006666 -0.034559
v -0.026172 -0.004159 -0.034272
v -0.025880 -0.004173 -0.034899
v -0.026351 -0.004146 -0.033604
v -0.024266 -0.004165 -0.033716
v -0.024249 -0.004162 -0.033510
v -0.024273 -0.007161 -0.033457
v -0.024223 -0.007157 -0.033256
v -0.025935 -0.007135 -0.032758
v -0.026431 -0.006631 -0.032753
v -0.026432 -0.006633 -0.032870
v -0.025879 -0.007125 -0.032218
v -0.026366 -0.006620 -0.032136
v -0.024423 -0.006994 -0.024318
v -0.024141 -0.007155 -0.033067
v -0.024028 -0.007152 -0.032894
v -0.023888 -0.007151 -0.032742
v -0.024004 -0.004153 -0.032948
v -0.023726 -0.007150 -0.032614
v -0.023864 -0.004151 -0.032795
v -0.026346 -0.004120 -0.032183
v -0.023702 -0.004150 -0.032668
v -0.023520 -0.004150 -0.032570
v -0.023545 -0.007150 -0.032516
v -0.023349 -0.007150 -0.032448
v -0.023325 -0.004150 -0.032502
v -0.023146 -0.007150 -0.032414
v -0.022939 -0.007153 -0.032413
v -0.023122 -0.004151 -0.032468
v -0.022915 -0.004153 -0.032468
v -0.022711 -0.004155 -0.032501
v -0.022735 -0.007155 -0.032447
v -0.024906 -0.004995 -0.024307
v -0.026396 -0.004127 -0.032547
v -0.024116 -0.004155 -0.033121
v -0.024199 -0.004158 -0.033310
v -0.026412 -0.004132 -0.032915
v -0.026399 -0.006642 -0.033372
v -0.024898 -0.005245 -0.024247
v -0.024850 -0.006483 -0.023912
v -0.024637 -0.006738 -0.024116
v -0.025901 -0.006673 -0.034854
v -0.025748 -0.006678 -0.035098
v -0.041817 -0.011758 0.021256
v -0.041832 -0.011630 0.028254
v -0.040124 -0.016524 0.021345
v -0.040139 -0.016397 0.028344
v -0.041477 0.003514 0.017129
v -0.041263 0.003515 0.017279
v -0.041026 0.003514 0.017390
v -0.043426 0.003599 0.020974
v -0.043411 0.003473 0.013976
v -0.043435 0.003133 0.013981
v -0.037411 0.003551 0.020988
v -0.040774 0.003514 0.017458
v -0.041661 0.003512 0.016942
v -0.041811 0.003509 0.016729
v -0.040253 0.003510 0.017459
v -0.040513 0.003512 0.017481
v -0.041920 0.003506 0.016491
v -0.041987 0.003501 0.016238
v -0.033846 0.016618 0.020759
v -0.042009 0.003498 0.015978
v -0.041987 0.003492 0.015718
v -0.041919 0.003487 0.015466
v -0.042030 -0.001945 0.015816
v -0.041962 -0.001949 0.015563
v -0.041808 0.003482 0.015228
v -0.041851 -0.001954 0.015327
v -0.041700 -0.001960 0.015113
v -0.041657 0.003477 0.015015
v -0.041471 0.003472 0.014830
v -0.043239 0.003468 0.013804
v -0.042959 0.003461 0.013551
v -0.043013 0.003462 0.013596
v -0.043076 0.000766 0.013599
v -0.043356 0.000773 0.013853
v -0.042796 -0.001981 0.013477
v -0.042507 0.000751 0.013208
v -0.042472 0.003450 0.013208
v -0.042389 0.003450 0.013160
v -0.041880 0.000738 0.012921
v -0.042452 -0.001988 0.013258
v -0.041823 -0.001997 0.012971
v -0.042224 -0.001992 0.013139
v -0.041301 -0.001969 0.014779
v -0.041020 0.003464 0.014571
v -0.041257 0.003468 0.014681
v -0.041516 -0.001965 0.014929
v -0.041064 -0.001974 0.014669
v -0.040811 -0.001977 0.014601
v -0.040767 0.003460 0.014504
v -0.041607 -0.002001 0.012901
v -0.041154 -0.002006 0.012795
v -0.041212 0.000727 0.012746
v -0.040956 -0.002009 0.012766
v -0.040465 -0.002013 0.012737
v -0.040550 -0.001978 0.014580
v -0.040290 -0.001981 0.014603
v -0.040246 0.003456 0.014505
v -0.040507 0.003458 0.014482
v -0.040290 -0.002014 0.012742
v -0.039837 0.000711 0.012749
v -0.039776 -0.002018 0.012798
v -0.040525 0.000718 0.012688
v -0.039912 0.003421 0.012670
v -0.041091 0.003430 0.012697
v -0.040401 0.003424 0.012639
v -0.040578 0.003426 0.012642
v -0.041237 0.003432 0.012725
v -0.041760 0.003439 0.012872
v -0.041876 0.003441 0.012916
v -0.039712 0.003419 0.012699
v -0.039994 0.003456 0.014574
v -0.039260 0.003418 0.012807
v -0.039170 0.000706 0.012927
v -0.039044 0.003417 0.012878
v -0.038643 0.003417 0.013048
v -0.039757 0.003456 0.014684
v -0.038415 0.003418 0.013169
v -0.039543 0.003457 0.014834
v -0.039801 -0.001981 0.014782
v -0.040038 -0.001981 0.014672
v -0.039633 -0.002018 0.012826
v -0.039108 -0.002019 0.012976
v -0.038995 -0.002020 0.013019
v -0.038544 0.000703 0.013218
v -0.038480 -0.002019 0.013267
v -0.038400 -0.002019 0.013314
v -0.039587 -0.001981 0.014933
v -0.037912 -0.002017 0.013661
v -0.039403 -0.001978 0.015119
v -0.039360 0.003459 0.015019
v -0.039209 0.003461 0.015235
v -0.039100 0.003465 0.015472
v -0.039253 -0.001976 0.015333
v -0.039143 -0.001972 0.015570
v -0.037633 -0.002015 0.013915
v -0.037860 -0.002016 0.013705
v -0.037977 0.000704 0.013612
v -0.038072 0.003419 0.013390
v -0.039076 -0.001969 0.015823
v -0.039033 0.003469 0.015724
v -0.039010 0.003473 0.015985
v -0.039054 -0.001964 0.016083
v -0.039034 0.003478 0.016245
v -0.039101 0.003483 0.016498
v -0.039077 -0.001959 0.016343
v -0.039145 -0.001954 0.016595
v -0.039256 -0.001949 0.016833
v -0.039213 0.003488 0.016734
v -0.039364 0.003493 0.016948
v -0.039549 0.003499 0.017133
v -0.039407 -0.001943 0.017047
v -0.039592 -0.001938 0.017230
v -0.039763 0.003503 0.017282
v -0.039806 -0.001934 0.017380
v -0.040044 -0.001930 0.017490
v -0.040000 0.003506 0.017392
v -0.040297 -0.001927 0.017557
v -0.043301 -0.001969 0.013902
v -0.004122 0.011436 -0.003648
v -0.003497 0.024537 -0.024988
v -0.003499 0.022066 -0.032971
v -0.003497 0.022278 -0.032919
v -0.003492 0.022922 -0.032987
v -0.003489 0.023118 -0.033082
v -0.003488 0.023294 -0.033210
v -0.003469 0.025828 -0.032676
v -0.003495 0.022495 -0.032904
v -0.003493 0.022712 -0.032927
v -0.003501 0.021687 -0.033182
v -0.003500 0.021868 -0.033060
v -0.004754 0.024505 -0.024743
v -0.005999 0.024463 -0.024431
v -0.005970 0.025847 -0.032681
v -0.006501 0.024028 -0.024841
v -0.006473 0.025358 -0.032765
v -0.006250 0.024246 -0.024638
v -0.006106 0.024370 -0.024520
v -0.005968 0.025902 -0.033299
v -0.003468 0.025872 -0.033041
v -0.003485 0.023566 -0.033549
v -0.003467 0.025881 -0.033410
v -0.003484 0.023655 -0.033748
v -0.003483 0.023707 -0.033959
v -0.006485 0.023591 -0.033556
v -0.006484 0.023679 -0.033754
v -0.006484 0.023732 -0.033966
v -0.006471 0.025406 -0.033306
v -0.005967 0.025902 -0.033415
v -0.006471 0.025370 -0.033846
v -0.005966 0.025861 -0.033917
v -0.005966 0.025830 -0.034103
v -0.006471 0.025251 -0.034376
v -0.006483 0.023747 -0.034183
v -0.006482 0.023726 -0.034389
v -0.003483 0.023723 -0.034176
v -0.003482 0.023702 -0.034382
v -0.003467 0.025318 -0.035385
v -0.003482 0.023647 -0.034581
v -0.003466 0.025620 -0.034763
v -0.005966 0.025725 -0.034522
v -0.005966 0.025640 -0.034768
v -0.005967 0.025496 -0.035098
v -0.003466 0.025809 -0.034097
v -0.006470 0.025051 -0.034880
v -0.005967 0.025338 -0.035391
v -0.006472 0.024777 -0.035347
v -0.005967 0.025182 -0.035632
v -0.005969 0.024934 -0.035953
v -0.003469 0.024914 -0.035946
v -0.003472 0.024420 -0.036430
v -0.005970 0.024789 -0.036112
v -0.003483 0.023561 -0.034768
v -0.003484 0.023446 -0.034939
v -0.003484 0.023302 -0.035089
v -0.006483 0.023585 -0.034775
v -0.006483 0.023470 -0.034946
v -0.006473 0.024432 -0.035767
v -0.006484 0.023327 -0.035096
v -0.006476 0.024028 -0.036128
v -0.006485 0.023162 -0.035220
v -0.003485 0.023138 -0.035212
v -0.003476 0.023848 -0.036820
v -0.003486 0.022954 -0.035307
v -0.003487 0.022758 -0.035371
v -0.006486 0.022978 -0.035314
v -0.003480 0.023220 -0.037107
v -0.005976 0.023806 -0.036861
v -0.003491 0.022348 -0.035397
v -0.003489 0.022553 -0.035401
v -0.006487 0.022782 -0.035378
v -0.006489 0.022578 -0.035408
v -0.006491 0.022371 -0.035404
v -0.006482 0.023076 -0.036643
v -0.006493 0.022168 -0.035367
v -0.006479 0.023571 -0.036422
v -0.005976 0.023869 -0.036826
v -0.005973 0.024326 -0.036525
v -0.005972 0.024439 -0.036435
v -0.006495 0.021974 -0.035296
v -0.003493 0.022144 -0.035359
v -0.003495 0.021951 -0.035289
v -0.003496 0.021770 -0.035188
v -0.003497 0.021610 -0.035058
v -0.006496 0.021794 -0.035194
v -0.006497 0.021633 -0.035065
v -0.003499 0.021473 -0.034904
v -0.006499 0.021497 -0.034910
v -0.006500 0.021388 -0.034735
v -0.006501 0.021308 -0.034545
v -0.006502 0.021260 -0.034344
v -0.006545 0.015440 -0.036116
v -0.006538 0.016682 -0.034519
v -0.006503 0.021248 -0.034138
v -0.006503 0.021270 -0.033922
v -0.006503 0.021330 -0.033712
v -0.006520 0.020367 -0.029704
v -0.006502 0.021554 -0.033340
v -0.006503 0.021426 -0.033516
v -0.003503 0.021401 -0.033509
v -0.003502 0.021531 -0.033333
v -0.003503 0.021306 -0.033705
v -0.003503 0.021246 -0.033914
v -0.006501 0.021711 -0.033189
v -0.006500 0.021892 -0.033067
v -0.006498 0.022091 -0.032978
v -0.006497 0.022302 -0.032926
v -0.006495 0.022520 -0.032911
v -0.006493 0.022736 -0.032933
v -0.006492 0.022946 -0.032994
v -0.006490 0.023141 -0.033090
v -0.006488 0.023318 -0.033218
v -0.006487 0.023469 -0.033375
v -0.003487 0.023445 -0.033368
v -0.006482 0.023672 -0.034588
v -0.005337 0.007634 0.000418
v -0.005093 0.007802 0.000416
v -0.004876 0.007964 -0.002137
v -0.003452 0.007444 -0.003575
v -0.005968 0.000481 -0.003454
v -0.006268 -0.007178 -0.003316
v -0.006705 -0.007458 -0.003312
v -0.005789 -0.006972 -0.003319
v -0.005590 -0.008432 -0.001842
v -0.005333 -0.008321 -0.001843
v -0.005065 -0.008208 0.000706
v -0.005060 -0.008254 -0.001844
v -0.004785 -0.008187 0.000706
v -0.004448 -0.004017 0.000631
v -0.005051 -0.003230 0.000616
v -0.005515 -0.002355 0.000599
v -0.005042 -0.003302 -0.003384
v -0.004440 -0.004090 -0.003368
v -0.003716 -0.004766 -0.003354
v -0.003689 -0.007009 -0.003314
v -0.003931 -0.008468 -0.001838
v 0.006006 -0.000110 -0.003418
v -0.003854 -0.022384 -0.033342
v -0.003858 -0.022661 -0.032534
v -0.003857 -0.022540 -0.032715
v -0.003855 -0.022452 -0.032914
v -0.003855 -0.022398 -0.033126
v -0.006855 -0.022427 -0.032921
v -0.006854 -0.022375 -0.033132
v -0.006854 -0.022360 -0.033350
v -0.006817 -0.017819 -0.033886
v -0.006802 -0.016542 -0.035654
v -0.006853 -0.022442 -0.033776
v -0.006853 -0.022382 -0.033566
v -0.006854 -0.021159 -0.029180
v -0.006860 -0.022789 -0.032384
v -0.006858 -0.022638 -0.032541
v -0.006857 -0.022516 -0.032722
v -0.006861 -0.022965 -0.032256
v -0.006863 -0.023160 -0.032160
v -0.006865 -0.023370 -0.032100
v -0.003863 -0.023185 -0.032153
v -0.003861 -0.022989 -0.032250
v -0.003860 -0.022813 -0.032377
v -0.003865 -0.023394 -0.032093
v -0.003867 -0.023610 -0.032071
v -0.006867 -0.023586 -0.032077
v -0.006868 -0.023804 -0.032092
v -0.006870 -0.024015 -0.032144
v -0.003869 -0.023828 -0.032086
v -0.003870 -0.024039 -0.032138
v -0.003871 -0.024238 -0.032227
v -0.006871 -0.024215 -0.032233
v -0.003853 -0.022407 -0.033560
v -0.003854 -0.022467 -0.033769
v -0.003854 -0.022562 -0.033965
v -0.006854 -0.022538 -0.033971
v -0.003855 -0.022691 -0.034141
v -0.003856 -0.022847 -0.034292
v -0.006855 -0.022666 -0.034147
v -0.006765 -0.013191 -0.040176
v -0.006856 -0.022823 -0.034300
v -0.003857 -0.023028 -0.034414
v -0.006857 -0.023004 -0.034421
v -0.006858 -0.023204 -0.034509
v -0.006859 -0.023414 -0.034562
v -0.006861 -0.023632 -0.034577
v -0.006863 -0.023849 -0.034554
v -0.028097 -0.027478 0.022869
v -0.026796 -0.027165 0.021566
v -0.028095 -0.027239 0.022865
v -0.026867 -0.026716 0.021558
v -0.027011 -0.026286 0.021550
v -0.027224 -0.025886 0.021542
v -0.028840 -0.026077 0.022842
v -0.029994 -0.024658 0.021514
v -0.032288 -0.027349 0.021557
v -0.032250 -0.027826 0.021567
v -0.030991 -0.027336 0.022861
v -0.030971 -0.027588 0.022865
v -0.006393 -0.026993 -0.032459
v -0.006392 -0.026971 -0.032962
v -0.006389 -0.026857 -0.033571
v -0.006386 -0.026649 -0.034155
v -0.006383 -0.026354 -0.034701
v -0.003879 -0.025999 -0.035188
v -0.022651 0.003343 -0.032636
v -0.022455 0.003341 -0.032703
v -0.021971 0.003330 -0.033079
v -0.021857 0.003326 -0.033251
v -0.022274 0.003337 -0.032800
v -0.022111 0.003334 -0.032927
v -0.022087 0.006334 -0.032982
v -0.022250 0.006337 -0.032854
v -0.020673 0.006384 -0.029559
v -0.022431 0.006340 -0.032757
v -0.022627 0.006343 -0.032691
v -0.022830 0.006344 -0.032657
v -0.024313 0.006503 -0.024562
v -0.023037 0.006347 -0.032658
v -0.023240 0.006348 -0.032692
v -0.023436 0.006348 -0.032759
v -0.023617 0.006348 -0.032857
v -0.023780 0.006346 -0.032985
v -0.023642 0.003348 -0.032804
v -0.023460 0.003348 -0.032705
v -0.023264 0.003348 -0.032637
v -0.023061 0.003347 -0.032603
v -0.022855 0.003346 -0.032603
v -0.023804 0.003347 -0.032931
v -0.023944 0.003346 -0.033083
v -0.023919 0.006345 -0.033138
v -0.021947 0.006329 -0.033133
v -0.021833 0.006325 -0.033305
v -0.021773 0.003322 -0.033440
v -0.021723 0.003318 -0.033641
v -0.021705 0.003313 -0.033846
v -0.021724 0.003310 -0.034063
v -0.025405 0.005812 -0.035648
v -0.024917 0.005798 -0.036138
v -0.025425 0.003312 -0.035602
v -0.024353 0.005787 -0.036537
v -0.037541 0.022430 0.020646
v -0.028056 0.031426 0.027504
v -0.027805 0.031446 0.027504
v -0.028044 0.031322 0.021805
v -0.027793 0.031343 0.021806
v -0.027565 0.031424 0.027506
v 0.000273 0.037917 0.013273
v 0.000428 0.038189 0.013014
v 0.003147 0.038282 0.012846
v 0.003150 0.038621 0.012620
v 0.003152 0.038847 0.012496
v 0.003156 0.039245 0.012320
v 0.003158 0.039460 0.012245
v 0.003174 0.041435 0.012132
v 0.003177 0.041961 0.012271
v -0.002253 0.043005 0.012749
v -0.002250 0.043517 0.013167
v 0.015147 0.041258 0.027418
v 0.019776 0.039218 0.027465
vn -0.0954 -0.9953 0.0178
vn -0.0657 -0.7179 -0.6930
vn 0.0577 -0.7187 -0.6929
vn 0.0789 -0.9967 0.0180
vn -0.0952 -0.9953 0.0177
vn 0.0588 -0.7187 -0.6929
vn 0.1796 -0.6984 -0.6928
vn 0.0020 -0.0181 -0.9998
vn 0.0023 -0.0181 -0.9998
vn 0.0016 -0.0183 -0.9998
vn 0.0024 -0.0178 -0.9998
vn 0.0012 -0.0195 -0.9998
vn 0.0012 -0.0196 -0.9998
vn 0.6920 0.7218 -0.0116
vn 0.0023 -0.0178 -0.9998
vn 0.6037 0.7971 -0.0132
vn 0.0023 -0.0180 -0.9998
vn -0.0020 0.0181 0.9998
vn -0.0017 0.0184 0.9998
vn -0.0026 0.0178 0.9998
vn -0.0024 0.0178 0.9998
vn -0.0024 0.0180 0.9998
vn 0.6036 0.7972 -0.0131
vn -0.0017 0.0181 0.9998
vn 0.4158 -0.9093 0.0173
vn 0.4154 -0.9095 0.0175
vn 0.2505 -0.9680 0.0181
vn 0.2959 -0.6569 -0.6935
vn 0.1788 -0.6986 -0.6928
vn 0.2508 -0.9679 0.0181
vn 0.2958 -0.6570 -0.6934
vn 0.0021 -0.0182 -0.9998
vn 0.0025 -0.0178 -0.9998
vn 0.0023 -0.0179 -0.9998
vn 0.4029 -0.5963 -0.6943
vn 0.0019 -0.0183 -0.9998
vn 0.0020 -0.0182 -0.9998
vn 0.4985 -0.5176 -0.6954
vn 0.4030 -0.5964 -0.6941
vn 0.5672 -0.8234 0.0161
vn 0.7015 -0.7125 0.0144
vn 0.4985 -0.5175 -0.6954
vn 0.5671 -0.8235 0.0160
vn 0.7013 -0.7127 0.0144
vn 0.8144 -0.5802 0.0122
vn 0.5787 -0.4230 -0.6973
vn 0.5785 -0.4237 -0.6970
vn 0.0021 -0.0181 -0.9998
vn 0.6411 -0.3171 -0.6988
vn 0.0021 -0.0183 -0.9998
vn 0.1817 0.9832 -0.0175
vn 0.1816 0.9832 -0.0174
vn 0.0662 0.9976 -0.0179
vn 0.0990 0.9951 0.0061
vn -0.0018 0.0175 0.9998
vn -0.0021 0.0181 0.9998
vn 0.0429 0.9989 -0.0176
vn 0.0408 0.9990 -0.0181
vn -0.0027 0.0191 0.9998
vn -0.0501 0.9987 -0.0077
vn -0.0216 0.9996 -0.0181
vn -0.0021 0.0182 0.9998
vn -0.0022 0.0181 0.9998
vn -0.0023 0.0181 0.9998
vn -0.0022 0.0180 0.9998
vn 0.0109 0.9998 -0.0180
vn 0.0321 0.6956 -0.7177
vn 0.0098 0.6946 -0.7193
vn 0.0318 0.6935 -0.7198
vn 0.0305 0.6588 -0.7517
vn 0.0297 0.6651 -0.7462
vn 1.0000 -0.0078 0.0024
vn 1.0000 -0.0083 0.0020
vn 1.0000 -0.0080 0.0020
vn 1.0000 -0.0082 0.0020
vn -0.0073 -0.6946 0.7194
vn -0.0078 -0.8085 0.5884
vn -0.0078 -0.8083 0.5887
vn 1.0000 -0.0073 0.0027
vn 0.0262 0.5538 -0.8322
vn 0.0240 0.5622 -0.8267
vn 1.0000 -0.0078 0.0021
vn 0.0289 0.6276 -0.7780
vn 0.0241 0.4903 -0.8712
vn 1.0000 -0.0082 0.0022
vn 0.0202 0.4017 -0.9156
vn 0.0171 0.4154 -0.9095
vn 1.0000 -0.0079 0.0023
vn 1.0000 -0.0079 0.0024
vn -0.0064 -0.5584 0.8296
vn -0.0064 -0.5589 0.8292
vn 1.0000 -0.0078 0.0023
vn -0.0053 -0.4063 0.9137
vn -1.0000 0.0076 -0.0024
vn -1.0000 0.0076 -0.0025
vn -1.0000 0.0087 -0.0017
vn -1.0000 0.0079 -0.0024
vn -1.0000 0.0079 -0.0023
vn -0.0054 -0.4067 0.9135
vn 0.0022 0.3721 -0.9282
vn -0.0066 0.4024 -0.9155
vn -0.0044 0.2946 -0.9556
vn -1.0000 0.0086 -0.0020
vn 0.0046 0.2108 -0.9775
vn -1.0000 0.0079 -0.0021
vn -1.0000 0.0078 -0.0024
vn -1.0000 0.0083 -0.0023
vn -0.0028 -0.0687 0.9976
vn -0.0029 -0.0691 0.9976
vn -0.0043 -0.2416 0.9704
vn -1.0000 0.0077 -0.0023
vn -0.0011 0.1278 -0.9918
vn 0.0072 0.0428 -0.9991
vn -1.0000 0.0078 -0.0023
vn -1.0000 0.0080 -0.0023
vn 0.0024 -0.0384 -0.9993
vn 0.0002 0.0681 -0.9977
vn 0.0082 -0.1039 -0.9945
vn -0.0061 -0.1039 -0.9946
vn 0.0014 0.0904 -0.9959
vn 0.0060 0.0682 -0.9977
vn -0.0007 -0.0790 -0.9969
vn 0.0031 0.0039 -1.0000
vn 1.0000 -0.0083 0.0022
vn 1.0000 -0.0083 0.0024
vn 1.0000 -0.0082 0.0021
vn 1.0000 -0.0083 0.0021
vn -0.0016 0.1049 0.9945
vn -0.0015 0.1057 0.9944
vn 1.0000 -0.0076 0.0022
vn 1.0000 -0.0081 0.0022
vn -0.0000 0.2759 0.9612
vn -1.0000 0.0081 -0.0022
vn -1.0000 0.0077 -0.0024
vn 0.0001 0.2767 0.9610
vn -1.0000 0.0082 -0.0023
vn -1.0000 0.0092 -0.0028
vn 0.0014 0.4384 0.8988
vn 0.0016 0.4392 0.8984
vn 0.0099 -0.3697 -0.9291
vn 0.0084 -0.2909 -0.9567
vn -1.0000 0.0071 -0.0019
vn 0.0147 -0.4350 -0.9003
vn 0.0119 -0.4485 -0.8937
vn -1.0000 0.0080 -0.0024
vn -1.0000 0.0073 -0.0017
vn 0.0135 -0.5197 -0.8543
vn 0.0042 0.7201 0.6939
vn 0.0042 0.7197 0.6943
vn 0.0030 0.5887 0.8083
vn -1.0000 0.0088 -0.0032
vn -1.0000 0.0079 -0.0022
vn 0.0054 0.8292 0.5590
vn 0.0053 0.8295 0.5585
vn 0.0064 0.9136 0.4065
vn 1.0000 -0.0083 0.0028
vn 1.0000 -0.0081 0.0023
vn 1.0000 -0.0083 0.0023
vn 1.0000 -0.0079 0.0020
vn -0.0324 -0.7181 -0.6952
vn 1.0000 -0.0080 0.0022
vn -0.0308 -0.7081 -0.7054
vn 0.0465 0.9986 -0.0234
vn 0.1090 0.9939 -0.0178
vn 0.1087 0.9939 -0.0178
vn 0.0596 0.8094 -0.5843
vn 0.1091 0.8027 -0.5863
vn 0.1954 0.9806 -0.0174
vn 0.1952 0.9806 -0.0173
vn 0.1617 0.7957 -0.5837
vn 0.0708 0.9973 -0.0179
vn 0.0594 0.8094 -0.5842
vn 0.0024 -0.0180 -0.9998
vn 0.0020 -0.0180 -0.9998
vn 0.0022 -0.0181 -0.9998
vn -0.0440 0.8102 -0.5844
vn -0.0740 0.8207 -0.5665
vn -0.0740 0.8207 -0.5666
vn 0.0287 -0.0164 -0.9995
vn 0.0022 -0.0179 -0.9998
vn -0.1460 0.7982 -0.5844
vn -0.0437 0.8102 -0.5845
vn -0.1791 0.9837 -0.0182
vn -0.0890 0.9959 -0.0182
vn -0.0547 0.9983 -0.0217
vn -0.1797 0.9835 -0.0181
vn -0.0890 0.9959 -0.0181
vn -1.0000 0.0078 -0.0026
vn -1.0000 0.0085 -0.0020
vn -1.0000 0.0080 -0.0022
vn -1.0000 0.0082 -0.0021
vn -1.0000 0.0076 -0.0026
vn -1.0000 0.0081 -0.0023
vn 0.0033 0.1463 -0.9892
vn 0.0022 -0.0178 -0.9998
vn 1.0000 -0.0077 0.0018
vn 0.0007 -0.1822 -0.9833
vn -0.0006 -0.3419 -0.9397
vn 0.0007 -0.1826 -0.9832
vn -0.0006 -0.3418 -0.9398
vn -1.0000 0.0074 -0.0018
vn -0.0019 -0.4922 -0.8705
vn -0.0021 -0.4913 -0.8710
vn -1.0000 0.0084 -0.0024
vn -0.0033 -0.6279 -0.7783
vn -0.0030 -0.6284 -0.7779
vn -0.0045 -0.7480 -0.6636
vn -0.0046 -0.7476 -0.6642
vn -1.0000 0.0082 -0.0024
vn 1.0000 -0.0080 0.0023
vn 1.0000 -0.0086 0.0026
vn -0.0056 -0.8470 -0.5316
vn 1.0000 -0.0076 0.0021
vn -0.0066 -0.9228 -0.3852
vn -0.0055 -0.8469 -0.5317
vn -1.0000 0.0075 -0.0020
vn -1.0000 0.0083 -0.0025
vn -0.0066 -0.9227 -0.3854
vn -0.0074 -0.9737 -0.2278
vn -0.0072 -0.9737 -0.2276
vn -1.0000 0.0081 -0.0025
vn -0.0078 -0.9978 -0.0651
vn -0.0080 -0.9979 -0.0648
vn 1.0000 -0.0088 0.0017
vn -0.0083 -0.9945 0.1047
vn 1.0000 -0.0076 0.0024
vn 1.0000 -0.0074 0.0028
vn -0.0083 -0.9608 0.2773
vn -0.0079 -0.9943 0.1061
vn -0.0083 -0.9612 0.2757
vn -0.0082 -0.8985 0.4388
vn -0.0083 -0.8987 0.4384
vn 1.0000 -0.0082 0.0023
vn 1.0000 -0.0078 0.0020
vn 0.0034 0.1473 -0.9891
vn 0.0045 0.3071 -0.9517
vn 0.0045 0.3076 -0.9515
vn 0.0058 0.4593 -0.8882
vn 0.0058 0.4606 -0.8876
vn 0.0067 0.5998 -0.8001
vn 0.0066 0.5999 -0.8001
vn 0.0073 0.7233 -0.6905
vn 0.0074 0.7236 -0.6902
vn 0.0079 0.8269 -0.5623
vn 0.0081 0.8271 -0.5621
vn 1.0000 -0.0084 0.0021
vn 0.0081 0.9084 -0.4179
vn 0.0082 0.9082 -0.4184
vn 1.0000 -0.0077 0.0024
vn 0.0084 0.9647 -0.2631
vn 0.0085 0.9650 -0.2621
vn 0.0082 0.9949 -0.1009
vn 1.0000 -0.0071 0.0028
vn 0.0082 0.9948 -0.1014
vn -1.0000 0.0082 -0.0026
vn 0.0080 0.9975 0.0701
vn -1.0000 0.0082 -0.0022
vn 0.0077 0.9976 0.0689
vn 0.0072 0.9705 0.2411
vn -1.0000 0.0080 -0.0020
vn 0.0073 0.9704 0.2412
vn 0.0062 0.9139 0.4059
vn -0.3013 0.9534 -0.0179
vn -0.3015 0.9533 -0.0179
vn 0.0023 -0.0185 -0.9998
vn -0.4185 0.9081 -0.0173
vn 0.0022 -0.0183 -0.9998
vn 0.0020 -0.0178 -0.9998
vn -0.5609 -0.4433 -0.6992
vn -0.6239 -0.3452 -0.7011
vn -0.6240 -0.3452 -0.7010
vn 0.0023 -0.0183 -0.9998
vn -0.2791 0.9601 -0.0181
vn -0.2792 0.9601 -0.0179
vn 0.0019 -0.0179 -0.9998
vn -0.3886 0.9212 -0.0175
vn -0.4931 0.8698 -0.0168
vn -0.3886 0.9213 -0.0175
vn 0.0024 -0.0184 -0.9998
vn -0.3907 -0.6025 -0.6960
vn -0.4827 -0.5298 -0.6974
vn -0.4824 -0.5299 -0.6975
vn -0.6829 -0.7304 0.0117
vn -0.5610 -0.4432 -0.6992
vn -0.7942 -0.6076 0.0094
vn -0.7941 -0.6077 0.0092
vn -0.6831 -0.7302 0.0118
vn -0.0026 0.0184 0.9998
vn -0.0019 0.0178 0.9998
vn -0.0023 0.0184 0.9998
vn -0.5541 -0.8323 0.0140
vn -0.5538 -0.8326 0.0140
vn -0.0020 0.0183 0.9998
vn -0.0020 0.0180 0.9998
vn -0.4089 -0.9124 0.0156
vn -0.4091 -0.9124 0.0157
vn -0.2531 -0.9673 0.0170
vn -0.1776 -0.6979 -0.6938
vn -0.1780 -0.6979 -0.6937
vn -0.2879 -0.6590 -0.6949
vn 0.0020 -0.0183 -0.9998
vn -0.2882 -0.6591 -0.6947
vn -0.5906 0.8068 -0.0158
vn -0.5907 0.8068 -0.0158
vn 0.0023 -0.0182 -0.9998
vn 0.0018 -0.0181 -0.9998
vn -0.6804 0.7327 -0.0146
vn 0.0018 -0.0179 -0.9998
vn 0.0040 -0.0194 -0.9998
vn 0.4984 -0.5178 -0.6953
vn 0.0013 -0.0193 -0.9998
vn 0.4032 -0.5962 -0.6943
vn 0.4033 -0.5961 -0.6943
vn 0.5669 -0.8236 0.0162
vn 0.2956 -0.6571 -0.6934
vn 0.4156 -0.9094 0.0173
vn 0.4157 -0.9094 0.0172
vn -0.0018 0.0180 0.9998
vn -0.0016 0.0180 0.9998
vn -0.0028 0.0184 0.9998
vn 0.7014 -0.7126 0.0144
vn 0.7013 -0.7127 0.0145
vn 0.4988 -0.5173 -0.6954
vn 0.5787 -0.4234 -0.6970
vn 0.5783 -0.4242 -0.6968
vn 0.8145 -0.5801 0.0121
vn 0.6409 -0.3177 -0.6987
vn 0.0022 -0.0186 -0.9998
vn 0.6843 -0.2016 -0.7008
vn 0.0021 -0.0180 -0.9998
vn 0.6414 -0.3165 -0.6988
vn 0.6842 -0.2022 -0.7007
vn 0.9637 -0.2668 0.0068
vn 0.9028 -0.4300 0.0097
vn 0.9031 -0.4294 0.0097
vn -0.0021 0.0176 0.9998
vn 0.8142 -0.5805 0.0123
vn -0.0022 0.0190 0.9998
vn -0.7608 0.6488 -0.0133
vn -0.7608 0.6489 -0.0134
vn -0.0023 0.0182 0.9998
vn -0.0022 0.0177 0.9998
vn -0.0020 0.0184 0.9998
vn -0.0020 0.0192 0.9998
vn 0.9954 -0.0956 0.0037
vn 0.9969 0.0793 0.0007
vn 0.9954 -0.0954 0.0037
vn 0.7077 0.0433 -0.7052
vn 0.7076 0.0437 -0.7052
vn 0.7070 -0.0801 -0.7027
vn 0.0021 -0.0178 -0.9998
vn 0.7068 -0.0805 -0.7028
vn 0.0021 -0.0179 -0.9998
vn 0.6874 0.1648 -0.7074
vn 0.0022 -0.0184 -0.9998
vn 0.6460 0.2814 -0.7096
vn 0.6871 0.1652 -0.7075
vn 0.6458 0.2814 -0.7098
vn 0.9681 0.2505 -0.0024
vn 0.9099 0.4147 -0.0057
vn 0.9680 0.2511 -0.0025
vn 0.5849 0.3891 -0.7117
vn 0.5848 0.3892 -0.7117
vn 0.9095 0.4158 -0.0055
vn 0.8234 0.5674 -0.0085
vn -0.0022 0.0184 0.9998
vn -0.0019 0.0175 0.9998
vn 0.8239 0.5666 -0.0086
vn -0.0022 0.0183 0.9998
vn 0.7128 0.7012 -0.0112
vn 0.7129 0.7012 -0.0112
vn 0.4122 0.5643 -0.7153
vn 0.5803 0.8143 -0.0136
vn 0.4126 0.5642 -0.7152
vn 0.5070 0.4836 -0.7135
vn 0.5065 0.4840 -0.7136
vn 0.0019 -0.0181 -0.9998
vn -0.9369 0.3495 -0.0083
vn -0.9369 0.3496 -0.0084
vn -0.9712 0.2384 -0.0065
vn -0.9712 0.2382 -0.0064
vn -0.0018 0.0179 0.9998
vn 0.5797 0.8147 -0.0134
vn 0.4294 0.9030 -0.0155
vn 0.4299 0.9027 -0.0155
vn 0.3061 0.6267 -0.7167
vn 0.2672 0.9635 -0.0170
vn 0.1905 0.6698 -0.7177
vn 0.1911 0.6699 -0.7174
vn 0.0695 0.6926 -0.7179
vn 0.0958 0.9952 -0.0179
vn 0.2662 0.9638 -0.0167
vn 0.0685 0.6926 -0.7181
vn 0.0953 0.9953 -0.0178
vn -0.0022 0.0182 0.9998
vn -0.0021 0.0180 0.9998
vn -0.0749 0.9970 -0.0183
vn -0.0019 0.0181 0.9998
vn -0.0747 0.9970 -0.0183
vn -0.2380 0.9711 -0.0180
vn -0.1672 0.6750 -0.7186
vn -0.1670 0.6750 -0.7186
vn -0.0515 0.6936 -0.7185
vn 0.0016 -0.0178 -0.9998
vn -0.0509 0.6935 -0.7187
vn 0.0031 -0.0185 -0.9998
vn -0.8043 0.5941 -0.0125
vn -0.7233 0.6904 -0.0141
vn 0.0018 -0.0177 -0.9998
vn 0.0024 -0.0185 -0.9998
vn 0.0024 -0.0183 -0.9998
vn 0.0025 -0.0182 -0.9998
vn -0.7234 0.6903 -0.0140
vn 0.0022 -0.0189 -0.9998
vn -0.6312 0.7755 -0.0154
vn 0.0017 -0.0177 -0.9998
vn 0.0029 -0.0174 -0.9998
vn -0.5934 0.5570 -0.5811
vn -0.5933 0.5571 -0.5811
vn -0.6313 0.7754 -0.0153
vn -0.5176 0.6270 -0.5822
vn -0.5178 0.6269 -0.5822
vn 0.0018 -0.0182 -0.9998
vn 0.0024 -0.0179 -0.9998
vn 0.0023 -0.0186 -0.9998
vn 0.5913 -0.6488 0.4790
vn 0.5916 -0.6486 0.4789
vn 0.6764 -0.5607 0.4775
vn 0.7482 -0.4622 0.4759
vn 0.6762 -0.5609 0.4776
vn 0.8060 -0.3545 0.4741
vn 0.8056 -0.3551 0.4741
vn 0.8427 -0.2574 0.4728
vn -0.0081 -0.9998 0.0181
vn -0.0081 -0.9998 0.0180
vn -0.0080 -0.9998 0.0181
vn -0.7836 0.2471 -0.5701
vn -0.7399 0.3227 -0.5903
vn -0.7667 0.3012 -0.5669
vn -0.3492 -0.0141 -0.9369
vn -0.2414 0.6966 -0.6756
vn -0.7130 0.3852 -0.5859
vn -0.7122 0.3891 -0.5842
vn -0.7116 0.3909 -0.5838
vn -0.2412 0.6969 -0.6754
vn 0.0081 0.9998 -0.0179
vn -0.2412 0.6970 -0.6753
vn 0.0078 0.9998 -0.0180
vn 0.0082 0.9998 -0.0177
vn 0.0079 0.9998 -0.0184
vn 0.0082 0.9998 -0.0179
vn 0.0079 0.9998 -0.0183
vn 0.0084 0.9998 -0.0176
vn -0.7273 0.3727 -0.5763
vn -0.7040 0.4110 -0.5792
vn -0.7158 0.3912 -0.5784
vn -0.7467 0.3293 -0.5779
vn 0.0080 0.9998 -0.0181
vn 0.0077 0.9998 -0.0183
vn -0.7641 0.2911 -0.5757
vn 0.0081 0.9998 -0.0180
vn -0.9666 0.0124 0.2561
vn -0.9070 0.0150 0.4208
vn -0.9067 0.0148 0.4214
vn -0.0075 -0.9998 0.0185
vn -0.8203 0.0169 0.5717
vn -0.0082 -0.9998 0.0175
vn -0.7087 0.0185 0.7052
vn -0.8205 0.0169 0.5714
vn -0.5753 0.0194 0.8177
vn -0.0079 -0.9998 0.0187
vn -0.7088 0.0184 0.7052
vn -0.0082 -0.9998 0.0178
vn -0.4244 0.0198 0.9053
vn -0.5753 0.0195 0.8177
vn -0.0078 -0.9998 0.0178
vn -0.2610 0.0195 0.9651
vn -0.4242 0.0197 0.9054
vn -0.0882 0.0187 0.9959
vn -0.0082 -0.9998 0.0181
vn -0.2615 0.0195 0.9650
vn -0.0082 -0.9998 0.0182
vn 0.0842 0.0175 0.9963
vn -0.0899 0.0187 0.9958
vn 0.0073 0.9998 -0.0177
vn 0.0089 0.9998 -0.0183
vn 0.0864 0.0173 0.9961
vn 0.0075 0.9998 -0.0179
vn 0.2573 0.0154 0.9662
vn 0.2563 0.0152 0.9665
vn -0.0079 -0.9998 0.0181
vn -0.0079 -0.9998 0.0184
vn 0.4208 0.0129 0.9071
vn -0.0070 -0.9998 0.0176
vn 0.5716 0.0103 0.8205
vn 0.4199 0.0130 0.9075
vn 0.0084 0.9998 -0.0183
vn 0.0081 0.9998 -0.0181
vn 0.5721 0.0102 0.8201
vn 0.7058 0.0071 0.7084
vn 0.7057 0.0072 0.7085
vn 0.0084 0.9998 -0.0186
vn 0.0090 0.9998 -0.0186
vn 0.0075 0.9998 -0.0178
vn 0.0079 0.9998 -0.0179
vn 0.8180 0.0038 0.5752
vn 0.8179 0.0039 0.5754
vn 0.0086 0.9998 -0.0185
vn 0.9053 0.0003 0.4248
vn -0.0085 -0.9998 0.0185
vn 0.9654 -0.0030 0.2608
vn -0.0079 -0.9998 0.0177
vn -0.9069 -0.0003 -0.4214
vn -0.9071 -0.0002 -0.4210
vn -0.9659 0.0033 -0.2588
vn -0.9659 0.0032 -0.2588
vn -0.9960 0.0065 -0.0889
vn -0.0080 -0.9998 0.0180
vn -0.0079 -0.9998 0.0188
vn -0.0084 -0.9998 0.0180
vn -0.0137 -0.9997 0.0197
vn 0.9967 -0.0095 -0.0801
vn -0.0077 -0.9998 0.0185
vn 0.9960 -0.0063 0.0893
vn 0.9960 -0.0065 0.0891
vn 0.0076 0.9998 -0.0175
vn 0.9655 -0.0030 0.2606
vn -0.6369 0.7055 -0.3110
vn -0.6784 0.7079 -0.1964
vn -0.6785 0.7080 -0.1960
vn -0.6998 0.7103 -0.0756
vn -0.7000 0.7101 -0.0755
vn 0.0078 0.9998 -0.0186
vn 0.9968 -0.0095 -0.0798
vn 0.9700 -0.0121 -0.2430
vn 0.9699 -0.0123 -0.2432
vn 0.9162 -0.0147 -0.4005
vn 0.9166 -0.0147 -0.3995
vn -0.7010 0.7129 0.0186
vn -0.6950 0.7142 0.0831
vn 0.0082 0.9998 -0.0178
vn -0.6952 0.7141 0.0828
vn -0.6895 0.7151 0.1152
vn -0.9834 0.0116 0.1811
vn -0.9834 0.0111 0.1811
vn -0.9908 0.0104 0.1353
vn -0.9834 0.0113 0.1809
vn -0.9834 0.0113 0.1811
vn -0.8091 0.1246 -0.5743
vn -0.8088 0.1335 -0.5728
vn -0.8036 0.1534 -0.5751
vn -0.9901 0.1400 -0.0046
vn -0.9969 0.0772 -0.0162
vn -0.9911 0.1333 -0.0045
vn -0.8154 0.0997 -0.5703
vn -0.7935 0.2005 -0.5746
vn -0.9665 0.2565 -0.0067
vn -0.9665 0.2566 -0.0067
vn 0.5755 -0.0194 -0.8176
vn 0.7063 -0.0678 -0.7047
vn 0.7392 -0.0476 -0.6718
vn -0.9931 -0.1173 -0.0006
vn -0.8150 -0.1067 -0.5695
vn -0.8206 -0.0038 -0.5714
vn -0.9983 -0.0576 -0.0011
vn -0.8223 -0.0818 -0.5631
vn -0.8207 -0.0040 -0.5714
vn 0.0021 -0.0176 -0.9998
vn -0.8160 0.0736 -0.5733
vn 0.0022 -0.0180 -0.9998
vn 0.8692 -0.1517 0.4706
vn -0.0080 -0.9998 0.0183
vn 0.8807 -0.0984 0.4634
vn 0.8481 -0.2398 0.4725
vn 0.8672 -0.1606 0.4713
vn 0.8744 -0.1206 0.4700
vn -0.0020 0.0182 0.9998
vn 0.8838 0.0014 0.4678
vn 0.8838 0.0015 0.4678
vn -0.0021 0.0183 0.9998
vn 0.8782 0.1234 0.4622
vn 0.8788 0.1003 0.4666
vn 0.8704 0.1600 0.4655
vn 0.8586 0.2234 0.4613
vn 0.0080 0.9998 -0.0179
vn 0.0082 0.9998 -0.0184
vn 0.0086 0.9998 -0.0184
vn 0.8520 0.2430 0.4637
vn -0.0023 0.0179 0.9998
vn 0.8117 0.3585 0.4612
vn 0.8367 0.2918 0.4634
vn 0.8511 0.2471 0.4632
vn 0.0082 0.9998 -0.0180
vn 0.0082 0.9998 -0.0182
vn 0.0079 0.9998 -0.0182
vn -0.7840 -0.2555 -0.5658
vn 0.0018 -0.0185 -0.9998
vn -0.7826 -0.2645 -0.5635
vn -0.7610 -0.3048 -0.5727
vn 0.8114 0.3591 0.4612
vn 0.7559 0.4668 0.4591
vn 0.0022 -0.0182 -0.9998
vn 0.6855 0.5666 0.4572
vn 0.0019 -0.0180 -0.9998
vn 0.7557 0.4671 0.4591
vn -0.6676 -0.4880 -0.5623
vn -0.6676 -0.4879 -0.5623
vn -0.6026 -0.5679 -0.5607
vn -0.6025 -0.5679 -0.5607
vn -0.5278 -0.6392 -0.5593
vn 0.0027 -0.0179 -0.9998
vn -0.4446 -0.7007 -0.5580
vn -0.5277 -0.6393 -0.5593
vn 0.0026 -0.0179 -0.9998
vn 0.5067 0.7330 0.4538
vn 0.6018 0.6561 0.4553
vn 0.6018 0.6561 0.4554
vn -0.0020 0.0179 0.9998
vn 0.5069 0.7329 0.4538
vn 0.4020 0.7960 0.4524
vn 0.4021 0.7960 0.4524
vn 0.2888 0.8444 0.4513
vn 0.3284 0.8341 0.4432
vn 1.0000 -0.0081 0.0020
vn -0.3074 -0.7790 -0.5465
vn -0.2872 -0.8022 -0.5234
vn -0.0007 -0.3681 -0.9298
vn -0.7081 -0.2545 -0.6587
vn -0.3842 -0.7351 -0.5586
vn -0.3530 -0.7473 -0.5630
vn -0.3130 -0.7343 -0.6024
vn -0.0008 -0.3681 -0.9298
vn -0.2646 -0.7910 -0.5517
vn 1.0000 -0.0080 0.0021
vn 1.0000 -0.0084 0.0026
vn 1.0000 -0.0077 0.0021
vn -0.0015 -0.4397 -0.8982
vn -0.0013 -0.4391 -0.8984
vn -0.0026 -0.5725 -0.8199
vn 0.0015 0.4392 0.8984
vn 0.0030 0.5885 0.8085
vn 0.0015 0.4385 0.8987
vn -1.0000 0.0082 -0.0019
vn 0.0029 0.5884 0.8086
vn -1.0000 0.0078 -0.0022
vn -0.7070 -0.3053 -0.6379
vn -0.7079 -0.4000 -0.5822
vn -0.7081 -0.3999 -0.5820
vn -0.7087 -0.4846 -0.5127
vn -0.7088 -0.4846 -0.5126
vn -1.0000 0.0081 -0.0020
vn 0.0053 0.8294 0.5586
vn 0.0041 0.7193 0.6947
vn 0.0053 0.8293 0.5588
vn 1.0000 -0.0082 0.0030
vn 1.0000 -0.0079 0.0017
vn 0.0065 0.9139 0.4060
vn 1.0000 -0.0078 0.0026
vn 0.0071 0.9705 0.2411
vn 0.0062 0.9138 0.4062
vn -1.0000 0.0081 -0.0024
vn -1.0000 0.0078 -0.0020
vn 0.0072 0.9705 0.2410
vn 0.0078 0.9976 0.0686
vn 0.0079 0.9975 0.0699
vn 1.0000 -0.0076 0.0026
vn 1.0000 -0.0097 0.0008
vn 0.0082 0.9944 -0.1049
vn 0.0084 0.9611 -0.2760
vn 1.0000 -0.0065 0.0021
vn 0.0083 0.9945 -0.1049
vn -1.0000 0.0079 -0.0028
vn -1.0000 0.0081 -0.0021
vn 0.0085 0.9613 -0.2755
vn -1.0000 0.0078 -0.0031
vn 0.0081 0.8982 -0.4396
vn 0.0083 0.8985 -0.4390
vn 1.0000 -0.0093 0.0022
vn 1.0000 -0.0075 0.0024
vn 0.0077 0.8081 -0.5889
vn 0.0071 0.6944 -0.7196
vn 0.0079 0.8080 -0.5891
vn 0.0072 0.6948 -0.7191
vn -1.0000 0.0080 -0.0025
vn -0.7131 -0.6869 0.1405
vn -0.7130 -0.6870 0.1406
vn -0.7119 -0.6969 0.0864
vn -0.7118 -0.6881 0.1409
vn -0.7131 -0.6868 0.1405
vn -0.0084 -0.9795 0.2011
vn -0.0080 -0.9796 0.2010
vn -0.0084 -0.9922 0.1242
vn -0.0083 -0.9795 0.2011
vn -0.1845 -0.8176 -0.5454
vn -0.1469 -0.8196 -0.5538
vn -0.0122 -0.0178 -0.9998
vn 1.0000 -0.0079 0.0022
vn -0.1585 -0.8166 -0.5550
vn -0.1416 -0.8209 -0.5533
vn -0.1416 -0.8209 -0.5532
vn -0.1591 -0.8163 -0.5552
vn -0.2073 -0.8048 -0.5562
vn -0.2072 -0.8048 -0.5562
vn -0.2109 -0.8035 -0.5566
vn -0.1954 -0.9806 0.0173
vn -0.3166 -0.9484 0.0165
vn -0.2591 -0.7900 -0.5557
vn -0.3167 -0.9484 0.0165
vn 0.0025 -0.0177 -0.9998
vn -0.4331 -0.9012 0.0154
vn -0.5425 -0.8399 0.0140
vn -0.4330 -0.9013 0.0154
vn -0.6437 -0.7652 0.0125
vn 0.0019 -0.0184 -0.9998
vn 0.0022 -0.0175 -0.9998
vn -0.5426 -0.8399 0.0140
vn -0.6963 0.1086 -0.7095
vn -0.6662 0.2235 -0.7115
vn -0.6663 0.2228 -0.7116
vn -0.9430 0.3326 -0.0082
vn -0.6189 0.3285 -0.7134
vn -0.8761 0.4820 -0.0106
vn -0.8755 0.4832 -0.0105
vn -0.8755 0.4832 -0.0106
vn -0.0019 0.0186 0.9998
vn -0.0018 0.0181 0.9998
vn -0.7842 0.6204 -0.0129
vn -0.1814 -0.9833 0.0175
vn -0.2945 -0.9555 0.0167
vn -0.1817 -0.9832 0.0173
vn -0.2946 -0.9555 0.0167
vn -0.4036 -0.9148 0.0156
vn -0.4035 -0.9149 0.0157
vn -0.0022 0.0179 0.9998
vn -0.5070 -0.8618 0.0144
vn -0.6712 0.7411 -0.0148
vn -0.6718 0.7406 -0.0147
vn -0.5396 0.8417 -0.0164
vn -0.0028 0.0177 0.9998
vn -0.5408 0.8410 -0.0164
vn -0.3940 0.9189 -0.0175
vn -0.0024 0.0182 0.9998
vn -0.6036 -0.7972 0.0132
vn -0.6920 -0.7218 0.0116
vn -0.0027 0.0186 0.9998
vn -0.0019 0.0183 0.9998
vn -0.0746 0.9971 -0.0181
vn -0.2377 0.9712 -0.0179
vn -0.2381 0.9711 -0.0182
vn -0.3938 0.9190 -0.0175
vn -0.2769 0.6383 -0.7182
vn -0.2773 0.6382 -0.7182
vn -0.1662 0.6754 -0.7185
vn -0.1671 0.6750 -0.7187
vn 0.0019 -0.0182 -0.9998
vn 0.0026 -0.0178 -0.9998
vn -0.0520 0.6934 -0.7186
vn -0.0516 0.6934 -0.7187
vn 0.0017 -0.0183 -0.9998
vn 0.0683 0.6923 -0.7184
vn 0.0024 -0.0177 -0.9998
vn 0.0690 0.6923 -0.7183
vn 0.1918 0.6694 -0.7177
vn 0.2672 0.9635 -0.0168
vn 0.0946 0.9954 -0.0179
vn 0.2669 0.9636 -0.0169
vn 0.4298 0.9028 -0.0154
vn 0.4304 0.9025 -0.0153
vn 0.3055 0.6269 -0.7167
vn 0.1902 0.6699 -0.7177
vn 0.5793 0.8150 -0.0134
vn 0.3064 0.6265 -0.7167
vn 0.4128 0.5641 -0.7151
vn 0.7129 0.7012 -0.0110
vn -0.0018 0.0183 0.9998
vn 0.8237 0.5670 -0.0082
vn 0.7128 0.7013 -0.0114
vn 0.8238 0.5669 -0.0086
vn 0.5063 0.4842 -0.7136
vn 0.5064 0.4842 -0.7135
vn 0.9095 0.4157 -0.0057
vn 0.5853 0.3886 -0.7116
vn 0.9096 0.4154 -0.0054
vn 0.6460 0.2812 -0.7096
vn 0.0028 -0.0180 -0.9998
vn -0.7712 -0.6365 0.0098
vn -0.6922 -0.7217 0.0115
vn 0.0026 -0.0177 -0.9998
vn -0.8400 -0.5426 0.0079
vn -0.0013 0.0193 0.9998
vn -0.0030 0.0165 0.9999
vn 0.9639 -0.2662 0.0067
vn 0.9030 -0.4295 0.0098
vn 0.9637 -0.2668 0.0069
vn 0.9027 -0.4302 0.0096
vn 0.6844 -0.2013 -0.7008
vn 0.6407 -0.3177 -0.6990
vn 0.6845 -0.2012 -0.7007
vn 0.6410 -0.3176 -0.6988
vn 0.0020 -0.0186 -0.9998
vn 0.5785 -0.4236 -0.6970
vn 0.5785 -0.4238 -0.6970
vn 0.8148 -0.5796 0.0124
vn 0.7012 -0.7128 0.0145
vn 0.4983 -0.5177 -0.6954
vn 0.4029 -0.5963 -0.6944
vn 0.4982 -0.5177 -0.6956
vn 0.5666 -0.8239 0.0161
vn 0.5665 -0.8239 0.0162
vn 0.2958 -0.6571 -0.6934
vn 0.4034 -0.5962 -0.6941
vn 0.4156 -0.9094 0.0174
vn 0.4152 -0.9096 0.0174
vn 0.1789 -0.6986 -0.6927
vn 0.2511 -0.9678 0.0180
vn 0.2959 -0.6571 -0.6934
vn 0.2513 -0.9677 0.0181
vn -0.0032 0.0178 0.9998
vn 0.0788 -0.9967 0.0181
vn 0.8802 0.4746 -0.0067
vn -0.0026 0.0180 0.9998
vn 0.9327 0.3606 -0.0045
vn 0.8803 0.4744 -0.0067
vn -0.0023 0.0187 0.9998
vn 0.8137 0.5812 -0.0088
vn -0.0019 0.0177 0.9998
vn 0.7344 0.6787 -0.0108
vn 0.8136 0.5814 -0.0088
vn 0.7346 0.6784 -0.0107
vn -0.4082 -0.9128 0.0155
vn -0.2533 -0.9672 0.0169
vn -0.2538 -0.9671 0.0169
vn -0.0910 -0.9957 0.0180
vn -0.0630 -0.7181 -0.6931
vn -0.0625 -0.7180 -0.6932
vn -0.1780 -0.6977 -0.6940
vn 0.0017 -0.0182 -0.9998
vn 0.0022 -0.0176 -0.9998
vn 0.0018 -0.0183 -0.9998
vn -0.8137 -0.5812 0.0088
vn -0.7344 -0.6787 0.0108
vn 0.0027 -0.0178 -0.9998
vn -0.7345 -0.6785 0.0108
vn 0.0014 -0.0192 -0.9998
vn -0.3907 -0.6024 -0.6961
vn -0.4819 -0.5304 -0.6975
vn -0.4820 -0.5301 -0.6976
vn -0.6830 -0.7303 0.0116
vn -0.5612 -0.4430 -0.6992
vn -0.7939 -0.6080 0.0091
vn -0.7943 -0.6074 0.0095
vn -0.8832 -0.4690 0.0067
vn -0.0025 0.0181 0.9998
vn -0.0020 0.0187 0.9998
vn -0.8834 -0.4686 0.0066
vn -0.9483 -0.3175 0.0035
vn -0.0013 0.0166 0.9999
vn -0.9482 -0.3176 0.0037
vn -0.9877 -0.1565 0.0007
vn 0.6436 0.7652 -0.0125
vn 0.5426 0.8399 -0.0140
vn -0.0022 0.0176 0.9998
vn 0.5425 0.8399 -0.0141
vn 0.4331 0.9012 -0.0154
vn -0.0012 0.0178 0.9998
vn 0.3168 0.9484 -0.0164
vn 0.4330 0.9013 -0.0154
vn -0.0017 0.0191 0.9998
vn 0.3168 0.9484 -0.0165
vn 0.1954 0.9806 -0.0173
vn -0.0019 0.0182 0.9998
vn 0.0710 0.9973 -0.0179
vn -0.0030 0.0181 0.9998
vn -0.0789 0.9967 -0.0182
vn -0.0792 0.9967 -0.0183
vn 0.0913 0.9957 -0.0179
vn -0.0028 0.0183 0.9998
vn -0.0544 0.6934 -0.7185
vn -0.0545 0.6933 -0.7186
vn 0.0657 0.6924 -0.7185
vn 0.0904 0.9957 -0.0178
vn 0.2533 0.9672 -0.0169
vn 0.2526 0.9674 -0.0171
vn 0.0659 0.6926 -0.7183
vn 0.1807 0.6724 -0.7178
vn 0.1804 0.6723 -0.7179
vn 0.0024 -0.0182 -0.9998
vn 0.0711 0.9973 -0.0178
vn 0.0706 0.9973 -0.0180
vn 0.0590 0.8910 0.4502
vn 0.0587 0.8910 0.4502
vn 0.1719 0.8761 0.4505
vn 0.2273 0.8627 0.4517
vn 0.1907 0.8720 0.4509
vn 0.2898 0.8440 0.4513
vn 0.1286 0.8900 0.4375
vn 0.1787 0.8755 0.4491
vn -0.0023 0.0183 0.9998
vn 0.4328 0.9013 -0.0157
vn 0.4331 0.9012 -0.0153
vn 0.3166 0.9484 -0.0166
vn 0.0024 -0.0181 -0.9998
vn 0.0025 -0.0183 -0.9998
vn 0.0028 -0.0183 -0.9998
vn 0.0027 -0.0182 -0.9998
vn 0.7100 -0.0188 -0.7040
vn 0.7099 -0.0180 -0.7041
vn 0.7010 0.0981 -0.7064
vn 0.9851 -0.1720 0.0048
vn 0.9851 -0.1720 0.0050
vn 0.6993 -0.1351 -0.7019
vn 0.9434 -0.3316 0.0079
vn 0.6700 -0.2473 -0.7000
vn 0.6994 -0.1345 -0.7019
vn 0.9433 -0.3319 0.0080
vn 0.6213 -0.3554 -0.6983
vn 0.8755 -0.4831 0.0104
vn 0.6696 -0.2482 -0.7000
vn 0.8755 -0.4832 0.0108
vn 0.6218 -0.3545 -0.6983
vn 0.0017 -0.0181 -0.9998
vn 0.5567 -0.4524 -0.6967
vn 0.5569 -0.4522 -0.6967
vn 0.7842 -0.6204 0.0130
vn 0.6717 -0.7406 0.0147
vn 0.6717 -0.7407 0.0149
vn 0.4772 -0.5375 -0.6952
vn -0.0014 0.0180 0.9998
vn 0.7839 -0.6207 0.0128
vn -0.0028 0.0181 0.9998
vn -0.0027 0.0181 0.9998
vn 0.9876 0.1569 -0.0007
vn -0.0043 0.0182 0.9998
vn 0.0037 -0.0175 -0.9998
vn 0.9484 0.3171 -0.0037
vn -0.0022 -0.0179 -0.9998
vn 0.0540 -0.7191 -0.6928
vn -0.0661 -0.7179 -0.6930
vn -0.0658 -0.7178 -0.6931
vn -0.1868 -0.6956 -0.6937
vn -0.2667 -0.9636 0.0168
vn -0.2670 -0.9635 0.0170
vn -0.0950 -0.9953 0.0178
vn -0.4296 -0.9029 0.0153
vn -0.0018 0.0178 0.9998
vn -0.0024 0.0183 0.9998
vn 0.4092 0.9123 -0.0156
vn 0.5538 0.8325 -0.0139
vn 0.2535 0.9672 -0.0170
vn 0.0026 -0.0183 -0.9998
vn -0.4093 -0.5899 -0.6961
vn -0.5034 -0.5097 -0.6977
vn -0.5037 -0.5096 -0.6976
vn -0.5823 -0.4141 -0.6996
vn -0.5823 -0.4142 -0.6996
vn 0.0017 -0.0179 -0.9998
vn -0.6428 -0.3070 -0.7018
vn -0.6430 -0.3072 -0.7016
vn -0.6842 -0.1902 -0.7040
vn -0.6842 -0.1902 -0.7041
vn -0.6843 -0.1905 -0.7039
vn -0.7047 -0.0686 -0.7062
vn -0.7048 -0.0687 -0.7061
vn 0.0017 -0.0180 -0.9998
vn -0.7038 0.0539 -0.7084
vn -0.7038 0.0546 -0.7083
vn 0.0042 -0.0186 -0.9998
vn 0.0043 -0.0186 -0.9998
vn -0.6814 0.1758 -0.7105
vn -0.6813 0.1766 -0.7104
vn -0.0012 -0.0171 -0.9999
vn -0.0789 0.9967 -0.0181
vn 0.0908 0.9957 -0.0177
vn 0.0905 0.9957 -0.0177
vn 0.2535 0.9672 -0.0169
vn -0.0793 0.9967 -0.0182
vn -0.2514 0.9677 -0.0181
vn -0.2511 0.9678 -0.0181
vn -0.0020 0.0174 0.9998
vn -0.4155 0.9094 -0.0174
vn -0.4148 0.9097 -0.0174
vn -0.0056 0.0362 0.9993
vn -0.0056 0.0363 0.9993
vn -0.5671 0.8235 -0.0161
vn -0.0021 0.0177 0.9998
vn -0.0019 0.0180 0.9998
vn -0.0018 0.0177 0.9998
vn -0.0785 0.9967 -0.0184
vn -0.0790 0.9967 -0.0182
vn -0.0023 0.0186 0.9998
vn 0.0899 0.9958 -0.0178
vn -0.0022 0.0185 0.9998
vn -0.0020 0.0177 0.9998
vn -0.0023 0.0185 0.9998
vn -0.0013 0.0135 0.9999
vn 0.2537 0.9671 -0.0169
vn -0.0023 0.0200 0.9998
vn 0.0902 0.9958 -0.0178
vn 0.2536 0.9672 -0.0170
vn 0.0654 0.6925 -0.7185
vn 0.1817 0.6723 -0.7177
vn 0.0656 0.6926 -0.7183
vn 0.0018 -0.0180 -0.9998
vn 0.1805 0.6724 -0.7179
vn 0.0026 -0.0182 -0.9998
vn 0.2917 0.6333 -0.7168
vn 0.2909 0.6336 -0.7169
vn 0.5530 0.8331 -0.0139
vn 0.4089 0.9124 -0.0157
vn 0.3933 0.5773 -0.7156
vn 0.5530 0.8330 -0.0139
vn -0.0019 0.0176 0.9998
vn 0.6834 0.7299 -0.0119
vn -0.0022 0.0194 0.9998
vn 0.7939 0.6079 -0.0092
vn 0.6833 0.7301 -0.0117
vn 0.7941 0.6077 -0.0094
vn 0.5640 0.4174 -0.7125
vn 0.4852 0.5044 -0.7143
vn 0.4856 0.5044 -0.7140
vn 0.8834 0.4685 -0.0066
vn 0.6270 0.3195 -0.7105
vn 0.8834 0.4686 -0.0066
vn 0.5639 0.4178 -0.7124
vn 0.6273 0.3190 -0.7104
vn 0.6732 0.2118 -0.7084
vn 0.6733 0.2120 -0.7083
vn 0.9483 0.3174 -0.0038
vn 0.7010 0.0975 -0.7064
vn 0.9877 0.1565 -0.0008
vn 0.9877 0.1564 -0.0006
vn 0.9851 -0.1722 0.0052
vn -0.0021 0.0178 0.9998
vn 1.0000 -0.0081 0.0025
vn 0.9851 -0.1722 0.0053
vn 0.6995 -0.1352 -0.7018
vn 0.7098 -0.0185 -0.7041
vn 0.9430 -0.3328 0.0079
vn 0.6696 -0.2485 -0.6999
vn 0.9430 -0.3327 0.0079
vn 0.6695 -0.2480 -0.7001
vn 0.8757 -0.4828 0.0106
vn 0.8756 -0.4830 0.0106
vn 0.6219 -0.3548 -0.6982
vn 0.6217 -0.3549 -0.6983
vn 0.0020 -0.0176 -0.9998
vn -0.9680 -0.2511 0.0024
vn -0.9678 -0.2516 0.0025
vn -0.9096 -0.4154 0.0055
vn 0.0017 -0.0173 -0.9998
vn 0.4771 -0.5375 -0.6954
vn 0.5569 -0.4524 -0.6966
vn 0.4769 -0.5379 -0.6951
vn 0.6709 -0.7414 0.0150
vn 0.3842 -0.6087 -0.6942
vn 0.5405 -0.8412 0.0163
vn 0.5401 -0.8414 0.0163
vn -0.0021 0.0173 0.9998
vn -0.0021 0.0184 0.9998
vn 0.6709 -0.7414 0.0149
vn -0.0021 0.0185 0.9998
vn 0.7844 -0.6201 0.0129
vn 0.7843 -0.6202 0.0128
vn -0.0020 0.0176 0.9998
vn 0.3943 -0.9188 0.0175
vn -0.0020 0.0202 0.9998
vn 0.2379 -0.9711 0.0181
vn 0.3939 -0.9190 0.0176
vn 0.2807 -0.6636 -0.6934
vn 0.2384 -0.9710 0.0180
vn 0.1706 -0.7004 -0.6931
vn 0.2808 -0.6635 -0.6935
vn 0.0020 -0.0196 -0.9998
vn 0.3839 -0.6088 -0.6942
vn 0.0753 -0.9970 0.0182
vn 0.1697 -0.7007 -0.6930
vn 0.0542 -0.7191 -0.6928
vn 0.0748 -0.9970 0.0183
vn -0.0952 -0.9953 0.0178
vn -0.0654 -0.7178 -0.6931
vn 0.0542 -0.7190 -0.6929
vn -0.0960 -0.9952 0.0179
vn -0.2662 -0.9638 0.0170
vn -0.0025 0.0182 0.9998
vn -0.0027 0.0183 0.9998
vn -0.4329 -0.9013 0.0154
vn -0.5427 -0.8398 0.0140
vn -0.6435 -0.7653 0.0125
vn -0.7345 -0.6786 0.0107
vn -0.6436 -0.7652 0.0125
vn -0.0016 0.0172 0.9999
vn -0.0024 0.0187 0.9998
vn -0.0024 0.0186 0.9998
vn 0.7132 0.7009 -0.0112
vn 0.8241 0.5664 -0.0085
vn 0.5062 0.4842 -0.7136
vn 0.5851 0.3889 -0.7116
vn 0.5062 0.4842 -0.7137
vn 0.0012 -0.0185 -0.9998
vn 0.0015 -0.0194 -0.9998
vn 0.4122 0.5642 -0.7154
vn 0.3063 0.6268 -0.7165
vn 0.4128 0.5640 -0.7151
vn 0.5804 0.8143 -0.0134
vn 0.5796 0.8148 -0.0134
vn 0.3056 0.6269 -0.7166
vn 0.4296 0.9029 -0.0155
vn 0.4304 0.9025 -0.0154
vn 0.2669 0.9636 -0.0170
vn 0.2670 0.9636 -0.0168
vn 0.0693 0.6923 -0.7183
vn 0.0950 0.9953 -0.0175
vn 0.0691 0.6921 -0.7185
vn 0.1903 0.6700 -0.7176
vn 0.1903 0.6697 -0.7178
vn -0.0549 0.6932 -0.7187
vn -0.1759 0.6729 -0.7185
vn -0.0544 0.6935 -0.7184
vn -0.2507 0.9679 -0.0181
vn -0.1757 0.6732 -0.7183
vn -0.0788 0.9967 -0.0182
vn -0.0799 0.9966 -0.0181
vn 0.0952 0.9953 -0.0179
vn -0.0007 0.0181 0.9998
vn -0.8138 -0.5811 0.0088
vn -0.8801 -0.4747 0.0067
vn -0.7345 -0.6785 0.0107
vn -0.5800 -0.8145 0.0135
vn -0.0016 0.0175 0.9998
vn -0.7126 -0.7014 0.0112
vn -0.5803 -0.8143 0.0134
vn -0.4097 -0.5897 -0.6960
vn -0.4093 -0.5898 -0.6961
vn -0.5033 -0.5098 -0.6977
vn -0.7126 -0.7015 0.0112
vn -0.5033 -0.5097 -0.6977
vn -0.5820 -0.4144 -0.6997
vn -0.8238 -0.5668 0.0085
vn -0.8237 -0.5670 0.0084
vn -0.9098 -0.4151 0.0057
vn -0.9326 -0.3608 0.0045
vn -0.8802 -0.4746 0.0067
vn -0.9327 -0.3606 0.0046
vn -0.9705 -0.2409 0.0023
vn -0.0004 0.0186 0.9998
vn -0.4149 0.9097 -0.0174
vn -0.4157 0.9093 -0.0172
vn -0.0030 0.0180 0.9998
vn -0.2501 0.9680 -0.0180
vn 0.9988 0.0492 0.0012
vn 0.9998 0.0211 0.0017
vn 0.9941 0.1080 0.0005
vn 0.0025 -0.0179 -0.9998
vn 0.9989 0.0461 0.0010
vn 0.0091 0.9998 -0.0184
vn 0.0075 0.9998 -0.0181
vn 0.0085 0.9998 -0.0183
vn 0.0086 0.9998 -0.0186
vn 0.0072 0.9998 -0.0176
vn 0.0083 0.9998 -0.0180
vn 0.0080 0.9998 -0.0180
vn 0.9941 0.1085 0.0002
vn 0.9748 0.2229 -0.0019
vn 0.9424 0.3345 -0.0040
vn 0.9424 0.3344 -0.0041
vn 0.8972 0.4415 -0.0060
vn 0.8971 0.4417 -0.0059
vn -0.8146 0.5800 -0.0122
vn -0.8147 0.5797 -0.0122
vn -0.7013 0.7127 -0.0144
vn -0.5758 0.3974 -0.7145
vn -0.5755 0.3984 -0.7142
vn -0.4955 0.4921 -0.7158
vn -0.7016 0.7124 -0.0145
vn -0.4005 0.5700 -0.7174
vn -0.4953 0.4922 -0.7158
vn -0.5670 0.8236 -0.0160
vn -0.5675 0.8232 -0.0161
vn -0.6382 0.2918 -0.7125
vn 0.8399 0.5426 -0.0082
vn 0.7713 0.6364 -0.0099
vn 0.8398 0.5428 -0.0081
vn -0.7047 -0.0691 -0.7061
vn -0.7039 0.0553 -0.7081
vn -0.7037 0.0548 -0.7083
vn -0.6811 0.1765 -0.7106
vn -0.9638 0.2664 -0.0068
vn -0.9637 0.2667 -0.0070
vn -0.9955 0.0950 -0.0037
vn -0.9029 0.4298 -0.0098
vn -0.0021 0.0186 0.9998
vn -0.0024 0.0176 0.9998
vn -0.0025 0.0171 0.9999
vn -0.9955 0.0950 -0.0038
vn -0.0019 0.0189 0.9998
vn -0.9969 -0.0790 -0.0007
vn -0.9969 -0.0790 -0.0006
vn -0.9679 -0.2513 0.0024
vn -0.6844 -0.1905 -0.7038
vn -0.6842 -0.1906 -0.7040
vn -0.7045 -0.0695 -0.7063
vn -0.9096 -0.4154 0.0057
vn -0.6425 -0.3075 -0.7019
vn -0.6429 -0.3069 -0.7017
vn -0.9098 -0.4151 0.0055
vn -0.0022 0.0174 0.9998
vn -0.8241 -0.5664 0.0086
vn -0.0027 0.0184 0.9998
vn -0.8241 -0.5664 0.0085
vn -0.7125 -0.7016 0.0112
vn -0.7125 -0.7015 0.0112
vn -0.5804 -0.8142 0.0134
vn -0.5797 -0.8147 0.0132
vn -0.0020 0.0175 0.9998
vn -0.4307 -0.9024 0.0154
vn -0.4304 -0.9025 0.0154
vn -0.3031 -0.6523 -0.6947
vn -0.1875 -0.6955 -0.6937
vn -0.2657 -0.9639 0.0167
vn -0.1875 -0.6954 -0.6937
vn -0.3034 -0.6523 -0.6945
vn -0.4094 -0.5897 -0.6961
vn -0.4094 -0.5898 -0.6961
vn -0.5037 -0.5094 -0.6977
vn -0.5824 -0.4141 -0.6995
vn 0.0021 -0.0186 -0.9998
vn -0.5819 -0.4145 -0.6997
vn 0.0014 -0.0182 -0.9998
vn -0.6814 0.1754 -0.7106
vn -0.6379 0.2920 -0.7126
vn -0.9028 0.4300 -0.0096
vn -0.0023 0.0180 0.9998
vn -0.4000 0.5712 -0.7167
vn 0.8802 0.4746 -0.0068
vn 0.9328 0.3604 -0.0046
vn 0.8801 0.4748 -0.0067
vn 0.7245 0.3798 -0.5752
vn 0.7717 0.2778 -0.5721
vn 0.7678 0.2860 -0.5733
vn 0.7549 0.3165 -0.5744
vn 0.0083 0.9998 -0.0186
vn 0.7359 0.3607 -0.5730
vn 0.0082 0.9998 -0.0181
vn 0.9055 0.0004 0.4243
vn 0.0079 0.9998 -0.0177
vn 0.8178 0.0038 0.5755
vn 0.9054 0.0002 0.4247
vn -0.0085 -0.9998 0.0172
vn -0.0084 -0.9998 0.0183
vn -0.0086 -0.9998 0.0187
vn 0.9652 -0.0029 0.2614
vn -0.0079 -0.9998 0.0180
vn 0.3532 -0.0197 -0.9353
vn 0.7864 0.2428 -0.5681
vn -0.0077 -0.9998 0.0175
vn -0.0075 -0.9998 0.0177
vn -0.0086 -0.9998 0.0191
vn -0.0082 -0.9998 0.0177
vn 0.3533 -0.0200 -0.9353
vn 0.7633 0.2841 -0.5802
vn 0.7563 0.3207 -0.5702
vn 0.7851 0.2439 -0.5693
vn 0.3532 -0.0195 -0.9353
vn 0.7218 0.3738 -0.5825
vn 0.2556 0.6928 -0.6743
vn 0.7210 0.3778 -0.5809
vn 0.0022 -0.0177 -0.9998
vn 0.7133 0.3993 -0.5759
vn 0.7202 0.3797 -0.5807
vn 0.6701 0.4671 -0.5768
vn 0.6046 0.5477 -0.5783
vn 0.6700 0.4675 -0.5768
vn 0.8136 0.5813 -0.0088
vn 0.7345 0.6785 -0.0107
vn 0.6049 0.5473 -0.5784
vn 0.7344 0.6787 -0.0107
vn 0.5302 0.6187 -0.5798
vn 0.5305 0.6184 -0.5798
vn 0.6436 0.7653 -0.0125
vn 0.6437 0.7652 -0.0125
vn 0.6458 0.2817 -0.7096
vn 0.5852 0.3886 -0.7117
vn 0.6462 0.2811 -0.7095
vn 0.6871 0.1654 -0.7075
vn 0.9680 0.2510 -0.0025
vn 0.9682 0.2503 -0.0025
vn 0.9097 0.4151 -0.0055
vn 0.7079 0.0430 -0.7050
vn 0.9969 0.0791 0.0009
vn 0.6872 0.1652 -0.7075
vn 0.7076 0.0431 -0.7053
vn 0.7068 -0.0803 -0.7028
vn 0.7066 -0.0804 -0.7030
vn 0.9954 -0.0955 0.0038
vn 0.6845 -0.2013 -0.7007
vn 0.9639 -0.2663 0.0068
vn 0.9640 -0.2659 0.0068
vn -0.0020 0.0186 0.9998
vn -0.0020 0.0194 0.9998
vn 0.9025 -0.4307 0.0097
vn -0.0023 0.0176 0.9998
vn -0.3165 -0.9485 0.0164
vn -0.1951 -0.9806 0.0174
vn -0.2665 -0.9637 0.0169
vn -0.0950 -0.9953 0.0177
vn -0.0953 -0.9953 0.0178
vn -0.0016 0.0192 0.9998
vn -0.0025 0.0175 0.9998
vn -0.9968 -0.0797 -0.0007
vn -0.9968 -0.0798 -0.0008
vn -0.9954 0.0960 -0.0039
vn -0.7048 -0.0693 -0.7060
vn -0.7046 -0.0687 -0.7063
vn -0.7035 0.0554 -0.7085
vn -0.7036 0.0547 -0.7084
vn -0.6812 0.1755 -0.7107
vn -0.9639 0.2663 -0.0069
vn -0.6814 0.1760 -0.7105
vn -0.6380 0.2922 -0.7125
vn -0.9028 0.4300 -0.0097
vn -0.9029 0.4297 -0.0096
vn -0.8145 0.5801 -0.0121
vn -0.0026 0.0175 0.9998
vn 0.2375 -0.9712 0.0180
vn 0.2376 -0.9712 0.0181
vn 0.0747 -0.9970 0.0182
vn 0.3944 -0.9188 0.0174
vn 0.0019 -0.0185 -0.9998
vn -0.4953 0.4923 -0.7158
vn -0.4001 0.5708 -0.7170
vn -0.4004 0.5707 -0.7170
vn 0.0020 -0.0184 -0.9998
vn -0.2931 0.6315 -0.7179
vn -0.2924 0.6318 -0.7178
vn 0.0025 -0.0180 -0.9998
vn 0.6712 -0.7411 0.0148
vn 0.5397 -0.8417 0.0164
vn 0.5402 -0.8414 0.0164
vn 0.7840 -0.6207 0.0128
vn 0.8757 -0.4828 0.0105
vn 0.7842 -0.6204 0.0128
vn 0.8756 -0.4829 0.0106
vn 0.9431 -0.3324 0.0082
vn 0.9431 -0.3324 0.0083
vn -0.2505 0.9680 -0.0179
vn -0.2508 0.9679 -0.0181
vn -0.0794 0.9967 -0.0184
vn -0.0030 0.0179 0.9998
vn -0.0014 0.0181 0.9998
vn -0.0025 0.0185 0.9998
vn -0.0045 0.0182 0.9998
vn -0.0012 0.0181 0.9998
vn 0.0910 0.9957 -0.0179
vn -0.0798 0.9966 -0.0180
vn -0.0552 0.6933 -0.7186
vn -0.0545 0.6934 -0.7185
vn 0.0658 0.6927 -0.7183
vn 0.0907 0.9957 -0.0179
vn 0.2530 0.9673 -0.0169
vn 0.2540 0.9671 -0.0171
vn 0.1810 0.6723 -0.7178
vn 0.0654 0.6923 -0.7186
vn 0.4088 0.9125 -0.0156
vn 0.4085 0.9126 -0.0155
vn 0.2914 0.6334 -0.7168
vn 0.1809 0.6723 -0.7178
vn 0.2914 0.6333 -0.7169
vn 0.5426 0.8399 -0.0141
vn 0.6436 0.7653 -0.0126
vn 0.7345 0.6785 -0.0108
vn 0.6436 0.7652 -0.0126
vn 0.8137 0.5812 -0.0086
vn 0.7344 0.6786 -0.0108
vn 0.8139 0.5809 -0.0087
vn 0.0025 -0.0185 -0.9998
vn 0.9326 0.3608 -0.0046
vn 0.9705 0.2409 -0.0020
vn 0.9327 0.3605 -0.0042
vn 0.9931 0.1172 0.0002
vn 0.9705 0.2410 -0.0021
vn 0.9931 0.1174 -0.0001
vn 0.9911 -0.1332 0.0047
vn 0.9665 -0.2564 0.0069
vn 0.9911 -0.1333 0.0048
vn 0.9267 -0.3757 0.0088
vn 0.9666 -0.2562 0.0067
vn 0.0021 -0.0184 -0.9998
vn 0.8725 -0.4886 0.0106
vn 0.9268 -0.3756 0.0086
vn 0.8043 -0.5941 0.0125
vn 0.8724 -0.4887 0.0107
vn 0.7234 -0.6903 0.0143
vn 0.8042 -0.5943 0.0127
vn 0.6313 -0.7754 0.0154
vn 0.7235 -0.6901 0.0140
vn 0.5289 -0.8485 0.0164
vn 0.5288 -0.8486 0.0165
vn 0.4185 -0.9081 0.0172
vn 0.3894 -0.7855 0.4810
vn 0.4950 -0.7242 0.4801
vn 0.4948 -0.7243 0.4801
vn 0.3896 -0.7854 0.4810
vn -0.3409 0.7321 -0.5898
vn -0.4334 0.6871 -0.5831
vn -0.3867 0.7132 -0.5846
vn -0.3784 0.7178 -0.5844
vn -0.3717 0.7208 -0.5851
vn 0.0049 0.3343 -0.9425
vn -0.7039 0.2420 -0.6678
vn -0.3013 0.7166 -0.6291
vn -0.2934 0.7722 -0.5635
vn -0.2686 0.7698 -0.5790
vn -0.2518 0.7748 -0.5799
vn 0.0030 -0.0178 -0.9998
vn 0.3142 -0.8206 0.4774
vn 0.2587 -0.8382 0.4801
vn 1.0000 -0.0078 0.0022
vn 0.3024 -0.8222 0.4822
vn 1.0000 -0.0080 0.0025
vn 1.0000 -0.0079 0.0018
vn 0.2031 -0.8519 0.4827
vn 0.2762 -0.8316 0.4818
vn 0.1705 -0.8596 0.4817
vn 0.1580 -0.8634 0.4791
vn 0.0548 -0.9983 0.0181
vn 0.0547 -0.9983 0.0183
vn 0.1795 -0.9836 0.0180
vn 0.0015 -0.0180 -0.9998
vn -0.0708 -0.9973 0.0178
vn -0.1952 -0.9806 0.0175
vn -0.0021 0.0179 0.9998
vn -0.1953 -0.9806 0.0175
vn -0.0609 -0.8741 0.4819
vn -0.0607 -0.8741 0.4819
vn -0.1738 -0.8592 0.4812
vn -0.2917 -0.8271 0.4804
vn -0.2293 -0.8458 0.4817
vn -0.1301 -0.8736 0.4689
vn -0.1806 -0.8586 0.4797
vn -0.1928 -0.8551 0.4814
vn -0.4329 -0.9013 0.0152
vn -0.3167 -0.9484 0.0164
vn -0.5427 -0.8398 0.0141
vn -0.6436 -0.7652 0.0126
vn -0.7344 -0.6787 0.0105
vn -0.6431 -0.3067 -0.7017
vn -0.6842 -0.1907 -0.7039
vn -0.6842 -0.1907 -0.7040
vn -0.6843 -0.1907 -0.7038
vn -0.8801 -0.4748 0.0066
vn -0.8138 -0.5810 0.0088
vn -0.8137 -0.5812 0.0087
vn -0.8802 -0.4746 0.0068
vn -0.7577 -0.4501 0.4725
vn -0.6870 -0.5503 0.4745
vn -0.6872 -0.5501 0.4745
vn -0.6037 -0.6393 0.4762
vn -0.6040 -0.6391 0.4762
vn -0.5089 -0.7160 0.4778
vn 0.3552 0.7267 -0.5880
vn 0.4471 0.6800 -0.5811
vn 0.4472 0.6800 -0.5811
vn 0.4009 0.7071 -0.5824
vn 0.3921 0.7118 -0.5827
vn 0.3851 0.7150 -0.5835
vn 0.7103 0.2308 -0.6649
vn 0.3155 0.7117 -0.6277
vn 0.2896 0.7829 -0.5506
vn 0.3100 0.7586 -0.5731
vn -1.0000 0.0080 -0.0021
vn 0.2668 0.7705 -0.5789
vn -1.0000 0.0083 -0.0027
vn -1.0000 0.0076 -0.0018
vn 0.0045 0.3343 -0.9425
vn 0.0046 0.3343 -0.9425
vn 0.0054 0.4144 -0.9101
vn -1.0000 0.0074 -0.0025
vn -1.0000 0.0087 -0.0021
vn -1.0000 0.0086 -0.0018
vn -0.0000 0.2768 0.9609
vn -0.0000 0.2770 0.9609
vn -0.0015 0.1053 0.9944
vn 1.0000 -0.0082 0.0024
vn 0.0030 0.5886 0.8084
vn 0.0016 0.4390 0.8985
vn 0.0042 0.7199 0.6941
vn 0.0027 0.5880 0.8088
vn 0.0041 0.7200 0.6940
vn 0.0054 0.8293 0.5587
vn 0.0065 0.9135 0.4067
vn 0.0054 0.8294 0.5587
vn 1.0000 -0.0083 0.0033
vn 0.0073 0.9705 0.2411
vn 0.0065 0.9138 0.4061
vn 1.0000 -0.0080 0.0019
vn 0.0072 0.9704 0.2414
vn 1.0000 -0.0080 0.0024
vn 0.0078 0.9976 0.0692
vn 0.0080 0.9976 0.0690
vn -1.0000 0.0079 -0.0018
vn -1.0000 0.0081 -0.0026
vn 0.0084 0.9944 -0.1049
vn 0.0080 0.9943 -0.1060
vn 0.0081 0.9612 -0.2759
vn 1.0000 -0.0079 0.0021
vn 0.0082 0.8984 -0.4391
vn 0.0083 0.9613 -0.2755
vn 0.0080 0.8089 -0.5879
vn 1.0000 -0.0075 0.0022
vn 0.0081 0.8980 -0.4398
vn -1.0000 0.0078 -0.0016
vn 0.0078 0.8086 -0.5883
vn 0.0071 0.6945 -0.7195
vn 0.0074 0.6941 -0.7198
vn 1.0000 -0.0081 0.0019
vn 0.0065 0.5581 -0.8298
vn 0.0054 0.4069 -0.9135
vn 0.0061 0.5584 -0.8295
vn 0.0052 0.4054 -0.9141
vn -1.0000 0.0084 -0.0023
vn 0.0043 0.2422 -0.9702
vn 0.0041 0.2411 -0.9705
vn 0.0028 0.0690 -0.9976
vn 0.0029 0.0692 -0.9976
vn 0.0015 -0.1053 -0.9944
vn -0.0000 -0.2756 -0.9613
vn 0.0013 -0.1055 -0.9944
vn -0.0014 -0.4394 -0.8983
vn -0.0000 -0.2770 -0.9609
vn -0.0029 -0.5876 -0.8091
vn -0.0016 -0.4385 -0.8987
vn -1.0000 0.0075 -0.0022
vn -0.0027 -0.5881 -0.8088
vn -0.0026 -0.5881 -0.8088
vn -0.0043 -0.7200 -0.6940
vn -0.0043 -0.7201 -0.6939
vn 1.0000 -0.0080 0.0026
vn -0.0055 -0.8296 -0.5583
vn 0.7124 0.6917 0.1186
vn 0.7122 0.6919 0.1188
vn 0.7120 0.6968 0.0864
vn 0.7122 0.6966 0.0869
vn 1.0000 -0.0078 0.0018
vn 0.7124 0.7015 0.0215
vn 1.0000 -0.0083 0.0026
vn 0.0079 0.9927 0.1206
vn 0.7123 0.7016 0.0214
vn 0.0080 0.9996 0.0281
vn 0.0077 0.9928 0.1198
vn 0.0080 0.9996 0.0282
vn -0.0063 -0.9138 -0.4061
vn -1.0000 0.0077 -0.0017
vn -0.0073 -0.9705 -0.2411
vn -0.0072 -0.9704 -0.2412
vn 1.0000 -0.0081 0.0024
vn 1.0000 -0.0081 0.0021
vn -0.0080 -0.9976 -0.0687
vn -0.0078 -0.9976 -0.0685
vn -0.0082 -0.9945 0.1043
vn -0.0083 -0.9609 0.2767
vn 1.0000 -0.0082 0.0018
vn -0.0081 -0.9945 0.1046
vn 0.7113 0.5693 -0.4123
vn 0.7116 0.6319 -0.3072
vn 0.7116 0.6319 -0.3071
vn 0.0082 0.8999 -0.4361
vn 0.7118 0.6753 -0.1929
vn 0.0083 0.9616 -0.2743
vn 0.0083 0.9617 -0.2741
vn 0.0079 0.9945 -0.1047
vn -1.0000 0.0080 -0.0018
vn 0.0080 0.9000 -0.4359
vn -1.0000 0.0079 -0.0013
vn -0.0079 -0.8979 0.4401
vn -0.0082 -0.9610 0.2763
vn -0.0083 -0.8990 0.4379
vn -0.0079 -0.8086 0.5883
vn 1.0000 -0.0078 0.0025
vn 1.0000 -0.0083 0.0019
vn -0.0070 -0.6944 0.7195
vn -0.0072 -0.6946 0.7194
vn -0.0063 -0.5586 0.8294
vn 1.0000 -0.0076 0.0023
vn -0.0051 -0.4055 0.9141
vn 1.0000 -0.0085 0.0022
vn -0.0065 -0.5586 0.8294
vn 0.7096 0.2881 -0.6430
vn 0.7096 0.2878 -0.6431
vn 0.7104 0.2307 -0.6649
vn 1.0000 -0.0075 0.0026
vn -0.0029 -0.0697 0.9976
vn -0.0027 -0.0686 0.9976
vn -0.0015 0.1042 0.9946
vn -0.0042 -0.2419 0.9703
vn -0.0041 -0.2410 0.9705
vn 0.0054 0.4146 -0.9100
vn 0.7104 0.3947 -0.5827
vn 0.0064 0.5651 -0.8250
vn 0.0073 0.6988 -0.7153
vn 0.0078 0.8115 -0.5843
vn -1.0000 0.0083 -0.0019
vn -1.0000 0.0075 -0.0023
vn 0.7109 0.4893 -0.5052
vn 0.7108 0.4893 -0.5054
vn 0.7113 0.5693 -0.4122
vn 0.0081 0.8114 -0.5844
vn 0.7103 0.3947 -0.5828
vn -1.0000 0.0075 -0.0024
vn -0.0054 -0.4061 0.9138
vn 0.7114 0.6991 -0.0721
vn 0.7118 0.6755 -0.1927
vn 0.0083 0.9945 -0.1043
vn 0.7111 0.6993 -0.0725
vn -0.0066 -0.9135 -0.4068
vn -0.0055 -0.8295 -0.5586
vn -1.0000 0.0083 -0.0033
vn 0.0079 0.9862 0.1656
vn 0.7126 0.6915 0.1185
vn 0.7122 0.6919 0.1186
vn 0.0075 0.9862 0.1655
vn 0.0078 0.9862 0.1656
vn 0.1866 0.7973 -0.5740
vn 0.1494 0.7990 -0.5825
vn 0.2089 0.7843 -0.5842
vn 0.1609 0.7960 -0.5835
vn 0.2146 0.7828 -0.5840
vn 0.2615 0.7694 -0.5828
vn 0.2299 0.7833 -0.5776
vn 0.3170 0.7478 -0.5833
vn 0.3679 0.7259 -0.5812
vn 0.3166 0.9484 -0.0165
vn 0.2853 0.7604 -0.5834
vn 0.3571 0.7305 -0.5821
vn 0.2579 0.7713 -0.5818
vn 0.3167 0.9484 -0.0165
vn 0.0026 -0.0173 -0.9998
vn -1.0000 0.0087 -0.0023
vn -1.0000 0.0074 -0.0023
vn -1.0000 0.0079 -0.0016
vn -0.3310 -0.8174 0.4715
vn -0.2907 -0.8276 0.4803
vn -0.4040 -0.7792 0.4792
vn -0.4038 -0.7793 0.4792
vn 0.7103 0.2307 -0.6650
vn -0.8137 -0.3415 0.4704
vn -0.8132 -0.3425 0.4705
vn -0.7577 -0.4502 0.4725
vn -0.9705 -0.2409 0.0024
vn -0.9931 -0.1174 0.0001
vn 0.0030 -0.0199 -0.9998
vn -0.5802 -0.8144 0.0135
vn -0.5802 -0.8143 0.0136
vn -0.4300 -0.9027 0.0154
vn 0.0021 -0.0185 -0.9998
vn -0.7127 -0.7014 0.0112
vn -0.7129 -0.7012 0.0112
vn 0.0024 -0.0173 -0.9998
vn -0.8237 -0.5670 0.0085
vn -0.8238 -0.5669 0.0085
vn -0.6431 -0.3063 -0.7018
vn -0.6843 -0.1909 -0.7038
vn -0.6842 -0.1909 -0.7039
vn -0.9680 -0.2510 0.0025
vn -0.7046 -0.0692 -0.7062
vn -0.9968 -0.0798 -0.0007
vn -0.9968 -0.0796 -0.0007
vn -0.9954 0.0956 -0.0039
vn -1.0000 0.0080 0.0003
vn -0.9931 -0.1172 -0.0000
vn -0.9997 -0.0235 -0.0017
vn -0.9992 0.0397 -0.0029
vn -0.9911 0.1332 -0.0045
vn -0.9665 0.2564 -0.0067
vn -0.0025 0.0180 0.9998
vn -0.0017 0.0179 0.9998
vn -0.9268 0.3754 -0.0088
vn -0.9268 0.3755 -0.0088
vn -0.8724 0.4888 -0.0107
vn -0.8723 0.4888 -0.0107
vn -0.0030 0.0182 0.9998
vn -0.8043 0.5940 -0.0125
vn 0.0794 -0.9967 0.0181
vn -0.0955 -0.9953 0.0179
vn 0.0787 -0.9967 0.0182
vn 0.0577 -0.7188 -0.6928
vn 0.1796 -0.6981 -0.6931
vn 0.1794 -0.6984 -0.6929
vn 0.2506 -0.9679 0.0181
vn 0.2955 -0.6572 -0.6934
vn 0.2966 -0.6568 -0.6933
vn 0.4152 -0.9096 0.0173
vn 0.2514 -0.9677 0.0180
vn 0.2514 -0.9677 0.0179
vn -0.0018 0.0182 0.9998
vn -0.0017 0.0182 0.9998
vn 0.4151 -0.9096 0.0174
vn -0.0029 0.0172 0.9998
vn 0.5670 -0.8236 0.0162
vn 0.5666 -0.8238 0.0161
vn 0.4981 -0.5180 -0.6954
vn 0.7015 -0.7125 0.0143
vn 0.4031 -0.5963 -0.6942
vn 0.4983 -0.5174 -0.6957
vn 0.0018 -0.0176 -0.9998
vn 0.5789 -0.4233 -0.6969
vn 0.6412 -0.3171 -0.6988
vn 0.6842 -0.2018 -0.7009
vn 0.6411 -0.3176 -0.6987
vn 0.9639 -0.2662 0.0069
vn 0.6843 -0.2015 -0.7008
vn 0.9030 -0.4296 0.0098
vn 0.8146 -0.5799 0.0121
vn -0.0019 0.0184 0.9998
vn 0.7008 -0.7132 0.0146
vn 0.8146 -0.5799 0.0123
vn 0.7067 -0.0802 -0.7029
vn 0.9954 -0.0955 0.0040
vn 0.9639 -0.2660 0.0069
vn 0.7067 -0.0801 -0.7030
vn -0.0022 0.0175 0.9998
vn 0.9954 -0.0955 0.0039
vn -0.0022 0.0192 0.9998
vn 0.9968 0.0795 0.0006
vn 0.9969 0.0790 0.0008
vn 0.6873 0.1651 -0.7073
vn 0.6874 0.1647 -0.7074
vn 0.7076 0.0441 -0.7052
vn 0.9679 0.2512 -0.0026
vn 0.6462 0.2812 -0.7094
vn 0.9681 0.2506 -0.0024
vn 0.9098 0.4151 -0.0055
vn 0.6463 0.2811 -0.7094
vn 0.0019 -0.0178 -0.9998
vn 0.5852 0.3889 -0.7116
vn 0.1658 -0.9860 0.0182
vn 0.2789 -0.9601 0.0178
vn 0.1657 -0.9860 0.0181
vn 0.0795 -0.9967 0.0182
vn 0.0500 -0.9983 0.0286
vn 0.8236 0.5672 -0.0085
vn 0.9098 0.4151 -0.0057
vn 0.8234 0.5674 -0.0084
vn 0.5067 0.4840 -0.7135
vn 0.7128 0.7013 -0.0111
vn 0.5847 0.3893 -0.7118
vn 0.5064 0.4843 -0.7135
vn 0.4122 0.5645 -0.7152
vn 0.5802 0.8143 -0.0136
vn 0.4301 0.9027 -0.0154
vn 0.3064 0.6267 -0.7165
vn -0.0024 0.0177 0.9998
vn 0.7130 0.7011 -0.0111
vn 0.3887 -0.9212 0.0175
vn 0.2792 -0.9601 0.0181
vn 0.3888 -0.9212 0.0176
vn 0.4930 -0.8698 0.0168
vn 0.4929 -0.8699 0.0167
vn 0.5907 -0.8068 0.0158
vn -0.0031 0.0189 0.9998
vn -0.0016 0.0179 0.9998
vn 0.5906 -0.8068 0.0158
vn 0.0029 -0.0184 -0.9998
vn 0.6804 -0.7327 0.0147
vn 0.0016 -0.0181 -0.9998
vn 0.0026 -0.0180 -0.9998
vn 0.7608 -0.6489 0.0133
vn 0.0027 -0.0181 -0.9998
vn 0.0020 -0.0166 -0.9999
vn -0.7038 0.0543 -0.7084
vn -0.6812 0.1767 -0.7105
vn -0.6813 0.1762 -0.7104
vn -0.9638 0.2667 -0.0069
vn -0.6380 0.2921 -0.7125
vn -0.8147 0.5798 -0.0121
vn -0.0022 0.0178 0.9998
vn -0.0022 0.0187 0.9998
vn -0.8145 0.5801 -0.0123
vn -0.7013 0.7128 -0.0142
vn -0.7012 0.7128 -0.0145
vn -0.5668 0.8237 -0.0162
vn -0.0036 0.0187 0.9998
vn -0.5665 0.8239 -0.0159
vn -0.4148 0.9097 -0.0175
vn -0.3997 0.5714 -0.7167
vn -0.4003 0.5705 -0.7172
vn -0.2928 0.6315 -0.7179
vn -0.4159 0.9093 -0.0174
vn -0.2922 0.6319 -0.7179
vn -0.1770 0.6725 -0.7186
vn -0.2515 0.9677 -0.0182
vn -0.2514 0.9677 -0.0182
vn -0.0016 0.0181 0.9998
vn 0.0945 0.9954 -0.0178
vn -0.0789 0.9967 -0.0184
vn -0.0548 0.6932 -0.7187
vn 0.0691 0.6924 -0.7182
vn 0.1904 0.6701 -0.7175
vn 0.2671 0.9635 -0.0170
vn 0.2667 0.9636 -0.0168
vn 0.0687 0.6925 -0.7181
vn -0.1766 0.6729 -0.7183
vn -0.4954 0.4925 -0.7156
vn -0.4955 0.4918 -0.7159
vn -0.5758 0.3980 -0.7142
vn -0.5757 0.3980 -0.7143
vn -0.9637 0.2668 -0.0070
vn -0.0020 0.0178 0.9998
vn -0.9954 0.0954 -0.0038
vn -0.9955 0.0944 -0.0039
vn -0.9969 -0.0786 -0.0007
vn -0.7051 -0.0675 -0.7059
vn -0.7046 -0.0689 -0.7063
vn -0.7038 0.0537 -0.7083
vn -0.6843 -0.1906 -0.7039
vn -0.6840 -0.1916 -0.7039
vn -0.6429 -0.3069 -0.7018
vn -0.9096 -0.4155 0.0054
vn -0.6431 -0.3064 -0.7018
vn -0.9678 -0.2515 0.0024
vn -0.9679 -0.2514 0.0028
vn -0.9969 -0.0788 -0.0006
vn -0.0019 0.0191 0.9998
vn 0.7608 -0.6488 0.0134
vn 0.8310 -0.5561 0.0118
vn 0.8311 -0.5560 0.0119
vn 0.0017 -0.0175 -0.9998
vn 0.8900 -0.4559 0.0101
vn 0.9369 -0.3495 0.0083
vn 0.8900 -0.4558 0.0102
vn 0.9712 -0.2384 0.0064
vn 0.9923 -0.1241 0.0044
vn 0.9918 -0.1279 0.0073
vn 0.9975 -0.0701 0.0034
vn 0.0025 -0.0184 -0.9998
vn 0.9975 -0.0702 0.0034
vn -0.0072 -0.9998 0.0175
vn -0.0083 -0.9998 0.0182
vn -0.0079 -0.9998 0.0178
vn -0.0079 -0.9998 0.0183
vn -0.0085 -0.9998 0.0181
vn -0.0080 -0.9998 0.0179
vn 0.0016 -0.0175 -0.9998
vn 0.0018 -0.0178 -0.9998
vn -0.1872 -0.6955 -0.6937
vn -0.3026 -0.6525 -0.6948
vn -0.3032 -0.6526 -0.6944
vn -0.4296 -0.9029 0.0154
vn -0.4095 -0.5897 -0.6961
vn -0.5806 -0.8141 0.0136
vn -0.7123 -0.7017 0.0111
vn -0.4095 -0.5898 -0.6960
vn -0.5033 -0.5095 -0.6979
vn -0.7128 -0.7013 0.0112
vn -0.5037 -0.5093 -0.6978
vn -0.5822 -0.4144 -0.6995
vn -0.8239 -0.5667 0.0086
vn -0.8236 -0.5671 0.0084
vn -0.2671 -0.9635 0.0171
vn -0.4303 -0.9025 0.0153
vn -0.0955 -0.9953 0.0178
vn -0.0660 -0.7179 -0.6931
vn -0.2656 -0.9639 0.0169
vn 0.9901 -0.1400 0.0046
vn 0.9665 -0.2565 0.0067
vn 0.9969 -0.0777 -0.0090
vn 0.8116 -0.1451 -0.5660
vn 0.8178 -0.1200 -0.5629
vn 0.7959 -0.2212 -0.5636
vn 0.8059 -0.1748 -0.5657
vn 0.9911 -0.1333 0.0045
vn -0.7365 0.0233 -0.6760
vn -0.5712 -0.0103 -0.8207
vn -0.7036 0.0420 -0.7093
vn 0.8231 -0.0168 -0.5677
vn 0.8174 0.0861 -0.5696
vn 0.9983 0.0578 0.0011
vn 0.9931 0.1173 -0.0006
vn 0.7992 0.1875 -0.5711
vn 0.9705 0.2409 -0.0023
vn 0.8136 0.1118 -0.5706
vn 0.8085 0.1410 -0.5714
vn 0.8248 0.0610 -0.5621
vn 0.9928 0.1201 -0.0001
vn 0.9827 -0.0044 0.1853
vn 0.9826 -0.0045 0.1855
vn 0.8076 0.1635 -0.5666
vn 0.7006 0.7037 0.1184
vn 0.7993 0.1902 -0.5700
vn 0.7963 0.1994 -0.5710
vn 0.7006 0.7037 0.1185
vn 0.0085 0.9998 -0.0181
vn 0.0088 0.9998 -0.0182
vn 0.0073 0.9998 -0.0180
vn 0.0083 0.9998 -0.0182
vn 0.0086 0.9998 -0.0181
vn 0.7899 0.2194 -0.5726
vn 0.0074 0.9998 -0.0181
vn -0.7055 -0.0071 -0.7087
vn -0.5717 -0.0102 -0.8204
vn -0.7058 -0.0073 -0.7084
vn -0.0078 -0.9998 0.0174
vn -0.0079 -0.9998 0.0173
vn -0.8180 -0.0038 -0.5753
vn -0.9054 -0.0004 -0.4245
vn -0.0084 -0.9998 0.0186
vn -0.8182 -0.0037 -0.5750
vn 0.0081 0.9998 -0.0183
vn 0.0082 0.9998 -0.0183
vn -0.9054 -0.0004 -0.4247
vn 0.0079 0.9998 -0.0180
vn -0.9651 0.0030 -0.2620
vn -0.9653 0.0031 -0.2610
vn 0.7096 0.7017 0.0639
vn 0.7131 0.6996 -0.0452
vn 0.0077 0.9998 -0.0176
vn 0.6994 0.6978 -0.1547
vn 0.6996 0.6976 -0.1544
vn 0.0080 0.9998 -0.0184
vn 0.0080 0.9998 -0.0176
vn -0.9960 0.0063 -0.0893
vn -0.9964 0.0095 0.0844
vn -0.9963 0.0096 0.0853
vn -0.9664 0.0124 0.2566
vn -0.9666 0.0124 0.2559
vn 0.0082 0.9998 -0.0175
vn 0.0077 0.9998 -0.0189
vn -0.9073 0.0150 0.4202
vn -0.9073 0.0149 0.4202
vn -0.0083 -0.9998 0.0177
vn -0.0076 -0.9998 0.0184
vn -0.8200 0.0169 0.5721
vn -0.0092 -0.9998 0.0174
vn -0.8204 0.0169 0.5715
vn -0.7083 0.0185 0.7056
vn 0.0081 0.9998 -0.0178
vn 0.0080 0.9998 -0.0182
vn 0.6232 0.6946 -0.3595
vn 0.5623 0.6934 -0.4505
vn 0.5622 0.6935 -0.4505
vn 0.4880 0.6926 -0.5313
vn 0.6807 -0.0188 -0.7323
vn 0.7859 -0.0175 -0.6182
vn 0.4879 0.6926 -0.5313
vn 0.4016 0.6921 -0.5997
vn 0.5596 -0.0195 -0.8286
vn 0.5596 -0.0196 -0.8285
vn 0.4243 -0.0197 -0.9053
vn -0.0083 -0.9998 0.0181
vn -0.0077 -0.9998 0.0183
vn -0.0072 -0.9998 0.0183
vn -0.5746 0.0193 0.8182
vn -0.0082 -0.9998 0.0180
vn -0.4256 0.0199 0.9047
vn -0.5752 0.0194 0.8178
vn -0.4245 0.0196 0.9052
vn 0.0078 0.9998 -0.0182
vn 0.4020 0.6919 -0.5997
vn 0.3066 0.6918 -0.6538
vn 0.0083 0.9998 -0.0178
vn 0.2554 0.6929 -0.6743
vn 0.0079 0.9998 -0.0176
vn 0.2555 0.6929 -0.6742
vn 0.0077 0.9998 -0.0184
vn 0.0091 0.9998 -0.0176
vn 0.0073 0.9998 -0.0183
vn -0.2607 0.0195 0.9652
vn -0.0898 0.0188 0.9958
vn -0.0891 0.0187 0.9959
vn -0.0089 -0.9998 0.0180
vn -0.0083 -0.9998 0.0178
vn 0.0843 0.0174 0.9963
vn -0.0083 -0.9998 0.0183
vn -0.2602 0.0196 0.9654
vn 0.0855 0.0173 0.9962
vn 0.2560 0.0155 0.9666
vn 0.2567 0.0152 0.9664
vn 0.0086 0.9998 -0.0194
vn 0.4204 0.0130 0.9072
vn 0.4217 0.0128 0.9066
vn 0.0078 0.9998 -0.0175
vn 0.5718 0.0102 0.8203
vn 0.5711 0.0103 0.8208
vn 0.7059 0.0072 0.7083
vn 0.4250 -0.0197 -0.9050
vn 0.8718 -0.0158 -0.4896
vn 0.6232 0.6942 -0.3601
vn 0.7857 -0.0173 -0.6183
vn 0.9372 -0.0139 -0.3486
vn 0.6695 0.6960 -0.2596
vn 0.6695 0.6961 -0.2594
vn 0.8719 -0.0158 -0.4893
vn 0.9371 -0.0138 -0.3489
vn -0.0080 -0.9998 0.0184
vn -0.0081 -0.9998 0.0182
vn 0.9797 -0.0115 -0.2000
vn 0.9798 -0.0117 -0.1997
vn -0.0085 -0.9998 0.0179
vn -0.0079 -0.9998 0.0182
vn 0.9989 -0.0089 -0.0463
vn 0.9989 -0.0090 -0.0459
vn 0.9940 -0.0062 0.1092
vn 0.9941 -0.0060 0.1087
vn -0.9960 0.0063 -0.0887
vn 0.7099 0.7014 0.0641
vn 0.9826 -0.0052 0.1856
vn 0.8134 0.1210 -0.5690
vn -0.0086 -0.9998 0.0182
vn -0.0078 -0.9998 0.0180
vn -0.8724 -0.1434 0.4674
vn -0.8801 -0.1067 0.4626
vn -0.8808 -0.0836 0.4661
vn -0.0077 -0.9998 0.0180
vn 0.0887 -0.0187 -0.9959
vn 0.2610 -0.0196 -0.9651
vn 0.2605 -0.0196 -0.9653
vn 0.0072 0.9998 -0.0186
vn 0.0078 0.9998 -0.0179
vn 0.4251 -0.0198 -0.9049
vn 0.5752 -0.0195 -0.8178
vn 0.4244 -0.0199 -0.9052
vn -0.0077 -0.9998 0.0182
vn -0.0082 -0.9998 0.0183
vn 0.7083 -0.0185 -0.7056
vn 0.7080 -0.0186 -0.7059
vn -0.0085 -0.9998 0.0177
vn 0.8204 -0.0170 -0.5715
vn 0.8203 -0.0168 -0.5717
vn 0.0079 0.9998 -0.0181
vn 0.0067 0.9998 -0.0189
vn 0.0078 0.9998 -0.0178
vn 0.9073 -0.0148 -0.4202
vn 0.9073 -0.0149 -0.4202
vn 0.9665 -0.0124 -0.2566
vn 0.9072 -0.0150 -0.4204
vn 0.9663 -0.0125 -0.2570
vn 0.9964 -0.0096 -0.0847
vn 0.9960 -0.0064 0.0892
vn 0.9960 -0.0064 0.0886
vn 0.9653 -0.0031 0.2610
vn 0.0080 0.9998 -0.0183
vn 0.0081 0.9998 -0.0184
vn 0.0091 0.9998 -0.0175
vn -0.0845 -0.0174 -0.9963
vn -0.2560 -0.0155 -0.9665
vn -0.0846 -0.0173 -0.9963
vn 0.0898 -0.0188 -0.9958
vn -0.8858 0.0153 0.4638
vn -0.8858 0.0155 0.4638
vn 0.0021 -0.0177 -0.9998
vn -0.8827 0.1147 0.4557
vn -0.8764 0.1372 0.4617
vn 0.8184 -0.0944 -0.5668
vn -0.8712 0.1685 0.4611
vn -0.8691 0.1777 0.4616
vn 0.0081 0.9998 -0.0182
vn 0.8111 -0.1544 -0.5641
vn 0.9826 -0.0046 0.1856
vn 0.0076 0.9998 -0.0181
vn 0.0077 0.9998 -0.0179
vn 0.6980 -0.7104 0.0901
vn 0.6892 -0.7101 0.1441
vn 0.6892 -0.7101 0.1439
vn 0.6983 -0.7101 0.0900
vn 0.9826 -0.0051 0.1854
vn 0.7016 -0.7121 0.0250
vn 0.7011 -0.7126 0.0238
vn 0.7011 -0.7124 -0.0302
vn -0.0080 -0.9998 0.0177
vn -0.0080 -0.9998 0.0182
vn 0.6883 -0.7139 -0.1289
vn 0.7010 -0.7126 -0.0300
vn 0.9798 -0.0116 -0.1999
vn 0.6880 -0.7142 -0.1289
vn 0.9981 -0.0089 -0.0604
vn 0.9989 -0.0060 -0.0462
vn 0.9798 -0.0113 -0.1997
vn 0.0083 0.9998 -0.0187
vn 0.0081 0.9998 -0.0173
vn -0.9960 0.0064 -0.0892
vn -0.9654 0.0032 -0.2609
vn 0.0084 0.9998 -0.0184
vn -0.9959 0.0064 -0.0900
vn -0.0079 -0.9998 0.0179
vn -0.0081 -0.9998 0.0176
vn -0.0081 -0.9998 0.0184
vn -0.9964 0.0095 0.0845
vn -0.0081 -0.9998 0.0173
vn -0.9665 0.0125 0.2562
vn -0.0077 -0.9998 0.0188
vn -0.0077 -0.9998 0.0187
vn -0.9665 0.0124 0.2562
vn -0.9069 0.0150 0.4212
vn 0.0081 0.9998 -0.0176
vn 0.0082 0.9998 -0.0189
vn 0.0081 0.9998 -0.0177
vn 0.8718 -0.0161 -0.4896
vn 0.8718 -0.0161 -0.4897
vn 0.9372 -0.0138 -0.3485
vn 0.7858 -0.0176 -0.6182
vn 0.7856 -0.0173 -0.6185
vn 0.0085 0.9998 -0.0176
vn 0.0083 0.9998 -0.0183
vn -0.7088 0.0185 0.7052
vn -0.8202 0.0169 0.5718
vn -0.7083 0.0184 0.7057
vn -0.8207 0.0170 0.5712
vn -0.0078 -0.9998 0.0181
vn 0.4763 -0.7192 -0.5058
vn 0.5507 -0.7183 -0.4251
vn 0.5508 -0.7183 -0.4250
vn -0.0080 -0.9998 0.0178
vn -0.0084 -0.9998 0.0177
vn 0.3903 -0.7199 -0.5739
vn 0.4762 -0.7192 -0.5059
vn 0.5594 -0.0195 -0.8287
vn 0.3905 -0.7197 -0.5741
vn 0.6807 -0.0186 -0.7324
vn 0.6808 -0.0188 -0.7322
vn 0.5594 -0.0193 -0.8287
vn 0.0075 0.9998 -0.0183
vn -0.4243 0.0199 0.9053
vn -0.4242 0.0198 0.9053
vn 0.0083 0.9998 -0.0179
vn -0.2614 0.0196 0.9650
vn -0.2611 0.0195 0.9651
vn -0.0082 -0.9998 0.0186
vn -0.0899 0.0188 0.9958
vn 0.0858 0.0172 0.9962
vn -0.0890 0.0188 0.9959
vn 0.0850 0.0173 0.9962
vn 0.0083 0.9998 -0.0177
vn 0.0080 0.9998 -0.0186
vn 0.2570 0.0154 0.9663
vn 0.2563 0.0155 0.9665
vn 0.4208 0.0129 0.9070
vn 0.4201 0.0130 0.9074
vn 0.5718 0.0104 0.8203
vn -0.0075 -0.9998 0.0175
vn 0.5720 0.0102 0.8202
vn -0.0083 -0.9998 0.0184
vn 0.7055 0.0071 0.7087
vn 0.0084 0.9998 -0.0187
vn 0.7055 0.0070 0.7086
vn 0.8177 0.0039 0.5757
vn -0.0084 -0.9998 0.0182
vn 0.7493 -0.3496 -0.5625
vn 0.7295 -0.3937 -0.5594
vn 0.7182 -0.4119 -0.5608
vn 0.7629 -0.3189 -0.5623
vn 0.9268 -0.3755 0.0088
vn 0.7665 -0.3117 -0.5615
vn 0.8724 -0.4886 0.0107
vn 0.7749 -0.2948 -0.5591
vn -0.0086 -0.9998 0.0181
vn -0.0070 -0.9998 0.0181
vn -0.0085 -0.9998 0.0180
vn -0.0086 -0.9998 0.0180
vn -0.0084 -0.9998 0.0175
vn 0.5759 -0.0194 -0.8173
vn 0.4238 -0.0196 -0.9056
vn 0.5753 -0.0194 -0.8177
vn 0.7087 -0.0183 -0.7053
vn 0.0079 0.9998 -0.0186
vn 0.8205 -0.0170 -0.5715
vn 0.7084 -0.0186 -0.7056
vn 0.9070 -0.0148 -0.4209
vn 0.8204 -0.0169 -0.5716
vn 0.9071 -0.0150 -0.4206
vn 0.9665 -0.0125 -0.2565
vn 0.9963 -0.0096 -0.0852
vn 0.9665 -0.0124 -0.2565
vn -0.0081 -0.9998 0.0178
vn 0.9964 -0.0095 -0.0846
vn 0.9959 -0.0064 0.0898
vn 0.9960 -0.0064 0.0893
vn 0.9655 -0.0031 0.2605
vn -0.0076 -0.9998 0.0174
vn 0.9653 -0.0030 0.2611
vn 0.0083 0.9998 -0.0181
vn 0.9055 0.0004 0.4244
vn 0.9055 0.0005 0.4244
vn -0.8563 0.2394 0.4577
vn -0.8446 0.2746 0.4597
vn -0.8079 0.3715 0.4575
vn -0.8074 0.3725 0.4575
vn 0.0021 -0.0192 -0.9998
vn 0.7854 -0.2684 -0.5578
vn 0.7422 -0.3442 -0.5750
vn 0.7694 -0.3213 -0.5521
vn 0.7147 -0.4103 -0.5665
vn 0.7066 -0.4313 -0.5610
vn 0.7138 -0.4119 -0.5664
vn 0.7154 -0.4065 -0.5683
vn 0.6621 -0.4988 -0.5593
vn 0.6622 -0.4987 -0.5593
vn 0.8042 -0.5943 0.0125
vn 0.7234 -0.6903 0.0140
vn 0.5958 -0.5776 -0.5580
vn 0.6312 -0.7755 0.0154
vn 0.5960 -0.5774 -0.5580
vn 0.5200 -0.6476 -0.5569
vn 0.5290 -0.8484 0.0165
vn 0.5291 -0.8484 0.0165
vn 0.5199 -0.6477 -0.5569
vn 0.4361 -0.7076 -0.5560
vn 0.4185 -0.9081 0.0173
vn 0.4358 -0.7078 -0.5560
vn 0.3879 -0.7348 -0.5564
vn 0.3451 -0.7566 -0.5554
vn 0.3508 -0.7540 -0.5554
vn 0.3209 -0.7692 -0.5526
vn 1.0000 -0.0080 0.0027
vn 1.0000 -0.0079 0.0027
vn 0.2716 -0.7860 -0.5554
vn -0.0064 -0.9139 -0.4059
vn -0.0053 -0.8293 -0.5588
vn -0.0055 -0.8293 -0.5587
vn -0.0042 -0.7200 -0.6940
vn -0.0026 -0.5878 -0.8090
vn -1.0000 0.0075 -0.0025
vn -0.0043 -0.7194 -0.6946
vn 0.1362 -0.8218 -0.5532
vn -0.1151 0.8853 0.4505
vn -0.1600 0.8802 0.4469
vn -0.1725 0.8765 0.4495
vn -0.2043 0.8690 0.4506
vn -0.2783 0.8484 0.4502
vn -0.1796 0.9836 -0.0183
vn -0.1794 0.9836 -0.0181
vn -0.3013 0.9534 -0.0178
vn -0.4186 0.9080 -0.0174
vn -0.3914 0.8024 0.4506
vn -0.4973 0.7409 0.4515
vn -0.4970 0.7410 0.4515
vn -0.5933 0.6657 0.4527
vn -0.5933 0.6656 0.4527
vn -0.5291 0.8484 -0.0165
vn -0.5290 0.8485 -0.0167
vn -0.6310 0.7756 -0.0153
vn -0.7235 0.6902 -0.0139
vn -0.7235 0.6901 -0.0140
vn -0.8044 0.5940 -0.0125
vn -0.8043 0.5941 -0.0123
vn -0.8724 0.4887 -0.0107
vn -0.8723 0.4888 -0.0106
vn -0.9268 0.3754 -0.0087
vn -0.9268 0.3755 -0.0087
vn -0.9665 0.2564 -0.0066
vn -0.9665 0.2564 -0.0069
vn 0.0023 -0.0175 -0.9998
vn -0.6813 0.1757 -0.7106
vn -0.6381 0.2913 -0.7127
vn -0.6379 0.2921 -0.7126
vn -0.9029 0.4297 -0.0099
vn -0.5756 0.3985 -0.7140
vn -0.8141 0.5806 -0.0122
vn -0.8146 0.5799 -0.0123
vn -0.5757 0.3978 -0.7144
vn -0.4957 0.4920 -0.7157
vn -0.7011 0.7129 -0.0143
vn -0.5672 0.8234 -0.0162
vn -0.7234 0.6902 -0.0141
vn -0.6311 0.7755 -0.0154
vn -0.6313 0.7754 -0.0154
vn -0.5290 0.8485 -0.0165
vn -0.9639 0.2662 -0.0068
vn -0.9638 0.2664 -0.0069
vn -0.9030 0.4296 -0.0097
vn -0.3014 0.9533 -0.0179
vn -0.1794 0.9836 -0.0182
vn -0.1795 0.9836 -0.0182
vn -0.0548 0.9983 -0.0182
vn -0.0547 0.9983 -0.0182
vn 0.0709 0.9973 -0.0179
vn -0.4156 0.9094 -0.0172
vn -0.4156 0.9094 -0.0175
vn -0.2513 0.9677 -0.0181
vn -0.2933 0.6313 -0.7179
vn -0.2924 0.6318 -0.7179
vn -0.1761 0.6728 -0.7185
vn -0.2510 0.9678 -0.0181
vn -0.1766 0.6728 -0.7185
vn -0.4002 0.5706 -0.7171
vn 0.0098 -0.0274 -0.9996
vn -0.4955 0.4920 -0.7158
vn -0.3999 0.5707 -0.7172
vn 0.0019 -0.0177 -0.9998
vn -0.7016 0.7124 -0.0143
vn -0.4957 0.4914 -0.7161
vn -0.5666 0.8239 -0.0162
vn -0.5669 0.8236 -0.0158
vn -0.5756 0.3984 -0.7141
vn -0.7014 0.7127 -0.0143
vn -0.8144 0.5802 -0.0121
vn -0.5753 0.3986 -0.7143
vn 0.0092 -0.0209 -0.9997
vn -0.6383 0.2916 -0.7124
vn -0.0014 -0.0145 -0.9999
vn -0.9028 0.4299 -0.0097
vn -0.6381 0.2917 -0.7125
vn -0.8148 0.5797 -0.0122
vn 0.0060 -0.0205 -0.9998
vn 0.0020 -0.0179 -0.9998
vn -0.7012 0.7128 -0.0144
vn -0.7013 0.7127 -0.0143
vn -0.8143 0.5803 -0.0122
vn -0.8147 0.5798 -0.0124
vn -0.9029 0.4297 -0.0097
vn -0.9030 0.4296 -0.0098
vn -0.9638 0.2665 -0.0071
vn 0.0020 -0.0175 -0.9998
vn -0.9955 0.0947 -0.0039
vn -0.9955 0.0948 -0.0038
vn -0.9969 -0.0787 -0.0007
vn -0.0032 0.0206 0.9998
vn -0.9680 -0.2510 0.0026
vn -0.9096 -0.4154 0.0054
vn -0.9097 -0.4152 0.0056
vn -0.4153 0.9095 -0.0174
vn -0.4159 0.9092 -0.0172
vn -0.2500 0.9681 -0.0181
vn -0.2929 0.6311 -0.7183
vn -0.2923 0.6318 -0.7179
vn -0.1768 0.6728 -0.7184
vn -0.2515 0.9677 -0.0181
vn -0.1769 0.6727 -0.7185
vn 0.0028 -0.0179 -0.9998
vn -0.0543 0.6934 -0.7185
vn -0.0542 0.6934 -0.7185
vn -0.5668 0.8237 -0.0159
vn -0.4001 0.5709 -0.7169
vn -0.4006 0.5706 -0.7169
vn -0.4954 0.4921 -0.7158
vn -0.9639 0.2661 -0.0069
vn -0.6813 0.1760 -0.7106
vn -0.9028 0.4300 -0.0098
vn -0.7037 0.0555 -0.7083
vn -0.7038 0.0545 -0.7083
vn -0.9639 0.2660 -0.0069
vn -0.6783 0.5778 0.4541
vn -0.7505 0.4787 0.4557
vn -0.7502 0.4791 0.4557
vn -0.4185 0.9081 -0.0172
vn -0.6781 0.5779 0.4541
vn 0.0020 -0.0177 -0.9998
vn -0.3916 0.8022 0.4506
vn -0.3041 0.8393 0.4507
vn -0.3161 0.8374 0.4460
vn 0.3436 -0.7527 -0.5616
vn 0.2710 -0.7901 -0.5498
vn 0.2957 -0.7924 -0.5336
vn 0.2544 -0.7950 -0.5506
vn 0.3038 -0.7390 -0.6013
vn -0.0009 -0.3681 -0.9298
vn -0.0015 -0.4391 -0.8984
vn 0.7045 -0.3170 -0.6350
vn 0.7051 -0.3163 -0.6347
vn 0.7064 -0.2660 -0.6559
vn 0.7065 -0.2660 -0.6558
vn -0.0012 -0.3682 -0.9298
vn -0.0014 -0.4390 -0.8985
vn 0.0015 0.4388 0.8986
vn 0.0003 0.2772 0.9608
vn 0.0015 0.4395 0.8982
vn 1.0000 -0.0076 0.0019
vn 0.0029 0.5886 0.8084
vn 0.0042 0.7194 0.6946
vn 0.0028 0.5882 0.8087
vn 0.7024 -0.5691 -0.4275
vn 0.7032 -0.4961 -0.5094
vn 0.7033 -0.4959 -0.5093
vn 0.7033 -0.4959 -0.5094
vn -0.0040 -0.6925 -0.7214
vn 0.7041 -0.4112 -0.5789
vn -0.0027 -0.5726 -0.8198
vn -1.0000 0.0081 -0.0028
vn -0.0039 -0.6924 -0.7215
vn 0.0041 0.7194 0.6946
vn 0.0055 0.8293 0.5587
vn 0.0053 0.8293 0.5587
vn -1.0000 0.0079 -0.0019
vn -1.0000 0.0078 -0.0021
vn -1.0000 0.0084 -0.0030
vn 0.0064 0.9138 0.4062
vn 0.0064 0.9137 0.4063
vn 0.0072 0.9705 0.2409
vn 0.7012 -0.6732 -0.2348
vn 0.7019 -0.6284 -0.3353
vn 0.7015 -0.6288 -0.3353
vn -0.0059 -0.8795 -0.4759
vn 0.7023 -0.5692 -0.4274
vn -0.0049 -0.7958 -0.6055
vn -0.0049 -0.7955 -0.6059
vn 0.7013 -0.6731 -0.2350
vn -0.0062 -0.8799 -0.4752
vn -0.0068 -0.9425 -0.3342
vn -0.0075 -0.9828 -0.1843
vn 0.7008 -0.7015 -0.1290
vn 0.7010 -0.7014 -0.1290
vn -0.0071 -0.9424 -0.3343
vn -0.0075 -0.9829 -0.1842
vn -1.0000 0.0082 -0.0025
vn -1.0000 0.0078 -0.0017
vn 0.0079 0.9976 0.0695
vn 0.0080 0.9976 0.0695
vn 0.0071 0.9706 0.2407
vn 0.0078 0.9975 0.0697
vn 1.0000 -0.0081 0.0027
vn 0.0083 0.9944 -0.1053
vn 0.0084 0.9611 -0.2761
vn 0.0082 0.9944 -0.1056
vn 1.0000 -0.0085 0.0016
vn 1.0000 -0.0084 0.0019
vn 0.0081 0.8983 -0.4393
vn 0.0081 0.9612 -0.2756
vn 1.0000 -0.0077 0.0027
vn 0.0078 0.8089 -0.5879
vn 0.0079 0.8981 -0.4398
vn 0.0078 0.8090 -0.5878
vn 0.0072 0.6941 -0.7198
vn 0.7014 -0.6982 0.1437
vn 0.7010 -0.6985 0.1438
vn 0.2164 -0.8075 -0.5488
vn 1.0000 -0.0090 0.0021
vn 1.0000 -0.0077 0.0023
vn 0.2450 -0.7961 -0.5534
vn 0.0016 -0.1048 -0.9945
vn -0.0001 -0.2755 -0.9613
vn 0.0014 -0.1050 -0.9945
vn 1.0000 -0.0082 0.0025
vn -0.0013 -0.4393 -0.8984
vn -0.0000 -0.2766 -0.9610
vn -0.0029 -0.5888 -0.8083
vn -0.0016 -0.4392 -0.8984
vn 0.0028 0.0687 -0.9976
vn 0.0027 0.0682 -0.9977
vn 0.0042 0.2424 -0.9702
vn 0.0043 0.2406 -0.9706
vn 0.0054 0.4074 -0.9132
vn 0.0053 0.4056 -0.9140
vn 0.0063 0.5582 -0.8297
vn 0.0061 0.5590 -0.8292
vn 0.2106 -0.8097 -0.5477
vn 0.7017 -0.6979 0.1437
vn 0.1974 -0.8078 -0.5555
vn 0.7008 -0.6987 0.1439
vn 0.2487 -0.7939 -0.5548
vn 0.1485 -0.8187 -0.5547
vn 0.1796 -0.9836 0.0182
vn 0.0929 -0.8360 -0.5409
vn 0.3012 -0.9534 0.0179
vn 0.1794 -0.9836 0.0182
vn 0.1406 -0.8217 -0.5523
vn 0.1757 -0.8129 -0.5552
vn 0.0890 -0.9959 0.0183
vn 0.0890 -0.9959 0.0182
vn 1.0000 -0.0076 0.0025
vn 1.0000 -0.0077 0.0028
vn -0.0171 0.6929 -0.7208
vn 0.0263 -0.9995 0.0181
vn 0.0547 -0.9984 0.0147
vn -0.0082 -0.8986 0.4387
vn -0.0083 -0.9612 0.2759
vn -0.0084 -0.9613 0.2755
vn -1.0000 0.0084 -0.0019
vn -0.0082 -0.9944 0.1052
vn -1.0000 0.0079 -0.0025
vn -1.0000 0.0079 -0.0026
vn -0.0485 -0.9987 0.0127
vn 0.0334 0.6441 -0.7642
vn 0.0476 0.6921 -0.7202
vn -0.1093 -0.9938 0.0176
vn -0.1089 -0.9939 0.0178
vn 0.0025 -0.0181 -0.9998
vn -0.1957 -0.9805 0.0174
vn -0.0408 -0.9990 0.0180
vn -1.0000 0.0089 -0.0018
vn -1.0000 0.0077 -0.0026
vn -1.0000 0.0086 -0.0017
vn -0.0994 -0.9942 0.0418
vn 0.0044 0.3071 -0.9517
vn 0.0034 0.1462 -0.9892
vn 0.0035 0.1467 -0.9892
vn 0.0047 0.3076 -0.9515
vn 1.0000 -0.0077 0.0025
vn 0.0059 0.4605 -0.8876
vn 0.0056 0.4606 -0.8876
vn 0.0064 0.6002 -0.7998
vn 0.0067 0.5995 -0.8003
vn 0.0074 0.7237 -0.6901
vn 0.0073 0.7235 -0.6903
vn 0.0079 0.8270 -0.5621
vn 0.0079 0.8267 -0.5626
vn 0.0083 0.9087 -0.4173
vn 0.0082 0.9083 -0.4182
vn 1.0000 -0.0077 0.0026
vn 0.0082 0.9647 -0.2632
vn 0.0083 0.9646 -0.2635
vn 0.0081 0.9949 -0.1004
vn 0.0082 0.9949 -0.1002
vn 0.0078 0.9976 0.0691
vn 0.0079 0.9976 0.0690
vn 1.0000 -0.0084 0.0025
vn 0.0169 -0.7192 -0.6946
vn 0.0213 -0.9996 0.0181
vn 0.0167 -0.7198 -0.6940
vn 1.0000 -0.0077 0.0019
vn 0.0218 -0.9996 0.0182
vn 1.0000 -0.0077 0.0022
vn 0.0054 0.8293 0.5588
vn 0.0042 0.7196 0.6944
vn 0.0041 0.7199 0.6940
vn 0.0029 0.5883 0.8086
vn 1.0000 -0.0076 0.0020
vn 0.0254 -0.6862 -0.7270
vn 0.0156 -0.6595 -0.7516
vn 0.0086 -0.5832 -0.8122
vn 0.0137 -0.5537 -0.8326
vn -0.0137 -0.5831 -0.8123
vn 0.0121 -0.4824 -0.8758
vn -0.0094 -0.4352 -0.9003
vn 0.0114 -0.4349 -0.9004
vn 0.0019 -0.4052 -0.9142
vn -0.0135 -0.5831 -0.8123
vn -0.0291 -0.5197 -0.8539
vn -0.0268 -0.5917 -0.8057
vn -0.0327 -0.5824 -0.8123
vn -0.0237 -0.4342 -0.9005
vn -0.0095 -0.4347 -0.9005
vn -0.0197 -0.3694 -0.9291
vn -0.0161 -0.4481 -0.8938
vn -0.0050 -0.2740 -0.9617
vn -0.0137 -0.2735 -0.9618
vn -0.0050 -0.2741 -0.9617
vn -0.0030 -0.0798 -0.9968
vn 0.0053 -0.1641 -0.9864
vn 0.0081 -0.2739 -0.9617
vn 0.0041 -0.1043 -0.9945
vn -0.0003 -0.1042 -0.9946
vn 0.0015 0.0040 -1.0000
vn -0.0045 0.0687 -0.9976
vn 0.0044 0.0682 -0.9977
vn -0.0002 -0.1041 -0.9946
vn 0.0060 0.0425 -0.9991
vn 0.0169 0.0676 -0.9976
vn 0.0043 0.0685 -0.9976
vn -0.0032 -0.1041 -0.9946
vn 0.0005 -0.0403 -0.9992
vn 0.0069 -0.1260 -0.9920
vn -1.0000 0.0076 -0.0021
vn -0.0012 0.1059 0.9944
vn -0.0017 0.1052 0.9945
vn -0.0027 -0.0688 0.9976
vn -0.0028 -0.0692 0.9976
vn -0.0043 -0.2415 0.9704
vn -1.0000 0.0071 -0.0025
vn 0.0115 0.1285 -0.9916
vn 0.0171 0.2106 -0.9774
vn 0.0219 0.2936 -0.9557
vn 0.0281 0.2379 -0.9709
vn 0.0085 0.2388 -0.9710
vn 0.0269 0.3714 -0.9281
vn 0.0133 0.4021 -0.9155
vn 0.0131 0.4025 -0.9153
vn 0.0389 0.4008 -0.9154
vn 0.0089 0.2382 -0.9712
vn -0.0081 0.2387 -0.9711
vn -0.0046 0.2557 -0.9668
vn -0.0070 0.3355 -0.9420
vn -0.0120 0.4025 -0.9153
vn -0.0090 0.4146 -0.9099
vn -0.0052 -0.4054 0.9141
vn -0.0064 -0.5586 0.8294
vn -0.0063 -0.5593 0.8289
vn -0.0071 -0.6937 0.7202
vn -0.0072 -0.6936 0.7203
vn -0.0132 0.5622 -0.8269
vn -0.0151 0.6289 -0.7773
vn 1.0000 -0.0079 0.0026
vn -0.0170 0.6593 -0.7517
vn -0.0161 0.6657 -0.7460
vn -0.0168 0.6943 -0.7195
vn 0.0089 0.6938 -0.7201
vn 0.0209 0.6987 -0.7151
vn 0.0199 0.6592 -0.7517
vn 0.0201 0.6593 -0.7516
vn 0.0341 0.6306 -0.7753
vn 0.0456 0.6583 -0.7514
vn 0.0490 0.5518 -0.8325
vn 0.0173 0.5533 -0.8328
vn 0.0367 0.5222 -0.8520
vn 0.0321 0.4493 -0.8928
vn 0.0172 0.5535 -0.8327
vn -0.0154 0.5535 -0.8327
vn -0.0110 0.4912 -0.8709
vn -0.0078 -0.8087 0.5882
vn -0.0077 -0.8085 0.5884
vn -0.0053 -0.4061 0.9138
vn -1.0000 0.0083 -0.0021
vn 1.0000 -0.0081 0.0026
vn -0.0042 -0.2414 0.9704
vn 1.0000 -0.0075 0.0023
vn -0.0005 0.0902 -0.9959
vn -0.0022 0.1704 -0.9854
vn -0.0001 0.2756 0.9613
vn -0.0005 -0.2458 -0.9693
vn 0.0090 -0.3293 -0.9442
vn 1.0000 -0.0084 0.0024
vn 0.0017 0.4395 0.8983
vn 0.0001 0.2758 0.9612
vn -1.0000 0.0083 -0.0024
vn 0.0013 0.4388 0.8986
vn -0.0099 -0.2078 -0.9781
vn -1.0000 0.0084 -0.0022
vn -0.0050 -0.2908 -0.9568
vn -0.0050 -0.2907 -0.9568
vn -1.0000 0.0077 -0.0022
vn -0.0374 -0.6561 -0.7537
vn -0.0367 -0.6911 -0.7218
vn -0.0410 -0.7183 -0.6945
vn -0.0388 -0.6852 -0.7273
vn -0.0296 -0.7670 -0.6409
vn -0.0169 -0.6862 -0.7272
vn -0.0179 -0.7196 -0.6941
vn -0.0166 -0.6862 -0.7273
vn -1.0000 0.0079 -0.0020
vn 0.0063 0.9135 0.4068
vn 0.0065 0.9138 0.4062
vn 0.0054 0.8296 0.5583
vn 0.0072 0.9704 0.2413
vn 0.0072 0.9706 0.2407
vn -1.0000 0.0077 -0.0019
vn -1.0000 0.0084 -0.0028
vn 1.0000 -0.0077 0.0020
vn 0.0009 -0.1824 -0.9832
vn -0.0006 -0.3413 -0.9400
vn 0.0005 -0.1820 -0.9833
vn -0.0005 -0.3415 -0.9399
vn -0.0020 -0.4919 -0.8706
vn -0.0020 -0.4918 -0.8707
vn -0.0034 -0.6282 -0.7780
vn -0.0034 -0.6281 -0.7781
vn -0.0045 -0.7480 -0.6637
vn -0.0045 -0.7479 -0.6638
vn -0.0044 -0.7479 -0.6638
vn -0.0056 -0.8469 -0.5317
vn -0.0064 -0.9228 -0.3852
vn 1.0000 -0.0084 0.0023
vn -0.0066 -0.9230 -0.3848
vn -0.0072 -0.9736 -0.2280
vn -1.0000 0.0076 -0.0022
vn -0.0073 -0.9736 -0.2280
vn -0.0079 -0.9979 -0.0644
vn -0.0078 -0.9979 -0.0640
vn -1.0000 0.0085 -0.0025
vn -0.0098 -0.9998 0.0180
vn -0.0708 -0.9973 0.0175
vn -0.0082 -0.8987 0.4386
vn -0.0081 -0.9945 0.1047
vn 0.0463 -0.8309 -0.5546
vn 0.0462 -0.8308 -0.5546
vn -0.0569 -0.8300 -0.5548
vn -0.0571 -0.8300 -0.5548
vn 0.3014 -0.9533 0.0179
vn 0.0043 -0.0202 -0.9998
vn 0.7000 -0.7084 0.0900
vn -0.0083 -0.9922 0.1244
vn -0.0083 -0.9922 0.1243
vn -0.0082 -0.9995 -0.0300
vn 0.7003 -0.7136 -0.0197
vn 0.7002 -0.7083 0.0896
vn -0.0079 -0.9995 -0.0301
vn 0.0071 0.6936 -0.7203
vn -1.0000 0.0083 -0.0016
vn 0.7005 -0.7134 -0.0200
vn 0.7041 -0.4113 -0.5789
vn -0.0000 0.2754 0.9613
vn -0.0016 0.1059 0.9944
vn -0.0016 0.1048 0.9945
vn -0.0028 -0.0688 0.9976
vn -0.0029 -0.0700 0.9975
vn -0.0042 -0.2410 0.9705
vn -0.0042 -0.2415 0.9704
vn -0.0052 -0.4055 0.9141
vn -0.0051 -0.4058 0.9139
vn -0.0063 -0.5584 0.8296
vn -0.0064 -0.5596 0.8288
vn -0.0071 -0.6937 0.7203
vn -0.0072 -0.6947 0.7193
vn -1.0000 0.0079 -0.0031
vn -0.0081 -0.8984 0.4391
vn -0.0084 -0.8989 0.4381
vn 1.0000 -0.0079 0.0025
vn -0.0084 -0.9610 0.2765
vn -0.0082 -0.9608 0.2770
vn -0.0082 -0.9944 0.1051
vn -0.0078 -0.9976 -0.0686
vn -0.0083 -0.9945 0.1048
vn -0.0079 -0.9976 -0.0694
vn -0.0072 -0.9704 -0.2414
vn -1.0000 0.0081 -0.0029
vn -0.0064 -0.9137 -0.4063
vn -0.0072 -0.9705 -0.2408
vn -1.0000 0.0083 -0.0018
vn 0.3819 -0.7379 -0.5565
vn 0.3738 -0.7415 -0.5572
vn -0.2610 0.8549 0.4484
vn -0.0548 0.9983 -0.0183
vn -0.0465 0.8918 0.4500
vn -0.0469 0.8918 0.4499
vn 0.0007 -0.0173 -0.9999
vn 0.0016 -0.0177 -0.9998
vn 0.2442 -0.7207 -0.6488
vn 0.2439 -0.7210 -0.6485
vn 0.2441 -0.7208 -0.6488
vn 0.2957 -0.7197 -0.6282
vn 0.4246 -0.0198 -0.9052
vn 0.4249 -0.0198 -0.9050
vn 0.3532 -0.0198 -0.9353
vn 0.7805 -0.2771 -0.5604
vn 0.7822 -0.2758 -0.5586
vn -0.8501 0.2565 0.4599
vn 0.4243 -0.0198 -0.9053
vn 0.2607 -0.0195 -0.9652
vn 0.2612 -0.0195 -0.9651
vn 0.0893 -0.0188 -0.9958
vn 0.7931 -0.2320 -0.5631
vn 0.6892 -0.7101 0.1440
vn -0.0077 -0.9998 0.0179
vn 0.7860 -0.2530 -0.5641
vn -0.5718 -0.0101 -0.8203
vn -0.0081 -0.9998 0.0185
vn -0.7051 -0.0071 -0.7091
vn -0.5721 -0.0103 -0.8202
vn -0.7056 -0.0071 -0.7085
vn -0.8179 -0.0039 -0.5754
vn -0.8179 -0.0038 -0.5754
vn -0.4207 -0.0131 -0.9071
vn -0.4208 -0.0129 -0.9071
vn -0.2569 -0.0156 -0.9663
vn -0.2567 -0.0154 -0.9664
vn -0.0844 -0.0174 -0.9963
vn -0.0855 -0.0173 -0.9962
vn 0.0888 -0.0186 -0.9959
vn 0.0076 0.9998 -0.0176
vn 0.2953 -0.7200 -0.6280
vn -0.0077 -0.9998 0.0181
vn -0.5755 0.0194 0.8176
vn -0.0081 -0.9998 0.0177
vn 0.6117 -0.7172 -0.3339
vn 0.6119 -0.7171 -0.3337
vn 0.6579 -0.7157 -0.2342
vn 0.9369 -0.0137 -0.3494
vn 0.6578 -0.7159 -0.2338
vn 0.0077 0.9998 -0.0171
vn -0.9056 -0.0005 -0.4241
vn -0.9655 0.0030 -0.2602
vn 0.0083 0.9998 -0.0192
vn -0.8177 -0.0038 -0.5756
vn -0.9053 -0.0004 -0.4247
vn 0.9998 -0.0078 0.0167
vn 0.9941 -0.0060 0.1086
vn 0.7957 -0.2244 -0.5626
vn 0.8047 -0.1967 -0.5601
vn -0.8540 -0.2261 0.4685
vn -0.8607 -0.2065 0.4654
vn -0.5717 -0.0101 -0.8204
vn -0.4209 -0.0130 -0.9070
vn -0.4215 -0.0131 -0.9067
vn -0.2574 -0.0154 -0.9662
vn 0.7808 0.2446 -0.5749
vn -0.7039 -0.0532 -0.7083
vn 0.9928 0.1201 -0.0000
vn 0.9653 -0.0029 0.2613
vn 0.9960 -0.0065 0.0895
vn 0.9963 -0.0095 -0.0851
vn -0.0081 -0.9998 0.0179
vn -0.0099 -0.9998 0.0181
vn 0.9665 -0.0125 -0.2564
vn 0.9072 -0.0149 -0.4205
vn 0.9666 -0.0126 -0.2561
vn 0.0076 0.9998 -0.0180
vn 0.9072 -0.0149 -0.4203
vn 0.0090 0.9998 -0.0177
vn 0.8201 -0.0171 -0.5719
vn 0.7090 -0.0184 -0.7050
vn 0.5756 -0.0195 -0.8175
vn 0.7087 -0.0184 -0.7053
vn 0.0076 0.9998 -0.0182
vn 0.0078 0.9998 -0.0181
vn 0.4245 -0.0198 -0.9052
vn 0.4237 -0.0197 -0.9056
vn 0.0080 0.9998 -0.0175
vn 0.2604 -0.0195 -0.9653
vn 0.2609 -0.0195 -0.9652
vn 0.0085 0.9998 -0.0179
vn 0.0888 -0.0188 -0.9959
vn 0.0901 -0.0187 -0.9958
vn -0.0083 -0.9998 0.0179
vn -0.0089 -0.9998 0.0189
vn 0.9053 0.0004 0.4248
vn 0.9053 0.0005 0.4248
vn 0.8176 0.0039 0.5758
vn 0.8181 0.0037 0.5751
vn 0.7061 0.0071 0.7081
vn -0.0078 -0.9998 0.0175
vn 0.0073 0.9998 -0.0175
vn 0.0068 0.9998 -0.0172
vn 0.0085 0.9998 -0.0182
vn 0.4202 0.0130 0.9073
vn 0.5711 0.0104 0.8208
vn -0.3507 -0.0253 -0.9361
vn -0.2710 -0.0237 -0.9623
vn -0.2542 -0.0269 -0.9668
vn 0.0098 0.9998 -0.0185
vn -0.1860 -0.0220 -0.9823
vn -0.2538 -0.0007 -0.9673
vn -0.2262 -0.0069 -0.9741
vn -0.1435 -0.0111 -0.9896
vn -0.0837 -0.0098 -0.9964
vn -0.0843 -0.0241 -0.9961
vn -0.1063 -0.0204 -0.9941
vn -0.3093 -0.0025 -0.9510
vn -0.0076 -0.9998 0.0179
vn 0.2565 0.0154 0.9664
vn 0.2571 0.0154 0.9663
vn -0.0077 -0.9998 0.0177
vn 0.4212 0.0130 0.9069
vn -0.0084 -0.9998 0.0181
vn 0.0851 0.0174 0.9962
vn 0.0852 0.0173 0.9962
vn -0.0591 -0.0154 -0.9981
vn 0.0250 -0.0193 -0.9995
vn 0.1098 -0.0174 -0.9938
vn -0.0075 -0.9998 0.0181
vn -0.2603 0.0194 0.9653
vn -0.0893 0.0188 0.9958
vn -0.0063 -0.9998 0.0180
vn 0.2756 -0.0249 -0.9609
vn 0.1900 -0.0261 -0.9814
vn 0.2584 -0.0288 -0.9656
vn 0.3545 -0.0325 -0.9345
vn -0.0095 -0.9998 0.0177
vn 0.4339 -0.0315 -0.9004
vn -0.5762 0.0194 0.8171
vn -0.5754 0.0194 0.8176
vn -0.4247 0.0198 0.9051
vn 0.4678 -0.0064 -0.8838
vn 0.5399 -0.0044 -0.8417
vn 0.5703 -0.0085 -0.8214
vn 0.6745 0.0084 -0.7382
vn 0.6475 -0.0011 -0.7620
vn 0.7057 0.0009 -0.7085
vn 0.7066 0.0176 -0.7074
vn 0.0074 0.9998 -0.0193
vn -0.8206 0.0169 0.5713
vn -0.7085 0.0185 0.7055
vn -0.0087 -0.9998 0.0177
vn 0.6742 -0.0425 -0.7373
vn 0.6801 -0.0414 -0.7319
vn 0.6891 -0.0428 -0.7234
vn 0.7068 -0.0620 -0.7047
vn -0.9070 0.0149 0.4208
vn -0.9074 0.0149 0.4200
vn -0.9074 0.0150 0.4200
vn -0.0082 -0.9998 0.0179
vn -0.0084 -0.9998 0.0178
vn -0.9664 0.0125 0.2567
vn 0.0074 0.9998 -0.0186
vn -0.9963 0.0096 0.0850
vn -0.0086 -0.9998 0.0175
vn -0.9960 0.0064 -0.0896
vn 0.0086 0.9998 -0.0173
vn 0.6437 -0.0415 -0.7642
vn 0.5701 -0.0395 -0.8206
vn 0.5790 -0.0370 -0.8145
vn 0.5055 -0.0378 -0.8620
vn -0.0084 -0.9998 0.0171
vn 0.8688 -0.0160 -0.4949
vn 0.4204 -0.0349 -0.9067
vn 0.4202 -0.0077 -0.9074
vn 0.3908 -0.0169 -0.9203
vn 0.0088 0.9998 -0.0177
vn 0.3139 -0.0107 -0.9494
vn 0.2310 -0.0197 -0.9728
vn 0.2582 -0.0122 -0.9660
vn 0.1492 -0.0148 -0.9887
vn 0.0628 -0.0234 -0.9978
vn 0.0076 0.9998 -0.0179
vn 0.0077 0.9998 -0.0180
vn 0.0092 0.9998 -0.0182
vn -0.0184 -0.0184 -0.9997
vn 0.0886 -0.0160 -0.9959
vn 0.0886 -0.0220 -0.9958
vn -0.0893 0.0187 0.9958
vn 0.0090 0.9998 -0.0180
vn -0.3859 0.0013 -0.9225
vn -0.4164 0.0085 -0.9091
vn -0.4642 0.0063 -0.8857
vn -0.0078 -0.9998 0.0182
vn -0.5356 0.0102 -0.8444
vn -0.0085 -0.9998 0.0184
vn -0.6711 0.0100 -0.7413
vn -0.6433 0.0172 -0.7654
vn -0.5662 0.0176 -0.8241
vn -0.6715 -0.0304 -0.7403
vn -0.5666 -0.0307 -0.8234
vn -0.6425 -0.0295 -0.7657
vn -0.5751 -0.0286 -0.8176
vn -0.6771 -0.0296 -0.7353
vn 0.0085 0.9998 -0.0191
vn -0.4170 -0.0291 -0.9084
vn -0.4294 -0.0265 -0.9027
vn -0.5048 -0.0279 -0.8628
vn 0.0082 0.9998 -0.0187
vn -0.7196 -0.0297 -0.6938
vn 0.0026 -0.0184 -0.9998
vn -0.9654 0.0030 -0.2609
vn -0.9654 0.0031 -0.2606
vn -0.9055 -0.0004 -0.4244
vn -0.9054 -0.0003 -0.4245
vn -0.0847 -0.0172 -0.9963
vn -0.8177 -0.0039 -0.5756
vn -0.8177 -0.0040 -0.5756
vn -0.7057 -0.0070 -0.7084
vn -0.7056 -0.0072 -0.7085
vn -0.5712 -0.0102 -0.8207
vn -0.5719 -0.0101 -0.8203
vn -0.4210 -0.0130 -0.9070
vn -0.4202 -0.0129 -0.9073
vn -0.2570 -0.0154 -0.9663
vn -0.2566 -0.0156 -0.9664
vn 1.0000 -0.0080 -0.0030
vn 0.9993 -0.0369 0.0028
vn 0.0576 -0.7189 -0.6928
vn -0.0861 -0.0173 -0.9961
vn -0.5820 -0.4145 -0.6996
vn -0.9098 -0.4149 0.0056
vn 0.1904 0.6700 -0.7175
vn 0.4297 0.9028 -0.0154
vn -0.0014 0.0172 0.9999
vn 0.7077 0.0431 -0.7052
vn 0.4029 -0.5964 -0.6943
vn -0.9931 -0.1174 -0.0000
vn -0.9680 -0.2508 0.0026
vn -0.7049 -0.0685 -0.7060
vn -0.9096 -0.4155 0.0053
vn -0.6427 -0.3070 -0.7019
vn -0.1872 -0.6956 -0.6936
vn -0.3038 -0.6521 -0.6946
vn -0.3033 -0.6521 -0.6948
vn -0.2665 -0.9637 0.0168
vn -0.1870 -0.6955 -0.6937
vn -0.4298 -0.9028 0.0154
vn -0.5822 -0.4143 -0.6995
vn -0.0662 -0.7179 -0.6930
vn -0.4303 -0.9026 0.0154
vn -0.2666 -0.9637 0.0169
vn -0.8387 -0.2750 0.4700
vn 0.0019 -0.0192 -0.9998
vn 0.7868 0.2325 -0.5717
vn -0.8532 -0.2301 0.4681
vn -0.9098 -0.4149 0.0055
vn -0.6430 -0.3067 -0.7018
vn -0.9680 -0.2510 0.0024
vn -0.9679 -0.2511 0.0026
vn -0.8234 -0.5673 0.0085
vn -0.8235 -0.5673 0.0085
vn -0.7129 -0.7012 0.0111
vn -0.5804 -0.8142 0.0135
vn -0.5801 -0.8145 0.0134
vn -0.4301 -0.9026 0.0155
vn -0.3032 -0.6523 -0.6947
vn -0.3030 -0.6524 -0.6947
vn -0.4094 -0.5899 -0.6960
vn -0.1871 -0.6956 -0.6937
vn -0.1873 -0.6955 -0.6936
vn -0.4297 -0.9029 0.0153
vn -0.2665 -0.9637 0.0171
vn -0.0956 -0.9953 0.0178
vn -0.0946 -0.9954 0.0177
vn -0.0708 -0.9973 0.0179
vn 0.0547 -0.9983 0.0182
vn -0.0706 -0.9973 0.0179
vn 0.1795 -0.9836 0.0182
vn 0.0548 -0.9983 0.0182
vn 0.3015 -0.9533 0.0179
vn 0.5290 -0.8485 0.0165
vn 0.6313 -0.7754 0.0153
vn -0.0024 0.0179 0.9998
vn -0.0018 0.0185 0.9998
vn -0.8757 0.4827 -0.0105
vn -0.8755 0.4831 -0.0106
vn -0.7841 0.6205 -0.0130
vn -0.6187 0.3294 -0.7132
vn -0.6188 0.3288 -0.7134
vn -0.5541 0.4263 -0.7150
vn -0.7841 0.6205 -0.0129
vn -0.5539 0.4270 -0.7148
vn -0.4739 0.5124 -0.7161
vn -0.6714 0.7410 -0.0148
vn -0.6716 0.7408 -0.0149
vn -0.3808 0.5833 -0.7175
vn -0.4744 0.5118 -0.7163
vn -0.5399 0.8416 -0.0165
vn -0.5402 0.8414 -0.0163
vn -0.3814 0.5829 -0.7174
vn -0.2777 0.6380 -0.7182
vn -0.3942 0.9189 -0.0175
vn -0.3946 0.9187 -0.0175
vn -0.0036 0.0179 0.9998
vn -0.2368 0.9714 -0.0181
vn -0.6666 0.2226 -0.7114
vn 0.0026 -0.0186 -0.9998
vn -0.6668 0.2222 -0.7114
vn -0.6961 0.1094 -0.7095
vn 0.0023 -0.0184 -0.9998
vn -0.7068 -0.0075 -0.7073
vn -0.6961 0.1101 -0.7095
vn -0.7067 -0.0074 -0.7074
vn -0.9849 0.1728 -0.0052
vn -0.9849 0.1731 -0.0051
vn -0.9433 0.3319 -0.0080
vn -0.9876 -0.1568 0.0007
vn -0.6976 -0.1245 -0.7056
vn -0.6981 -0.1237 -0.7052
vn -0.6704 -0.2369 -0.7032
vn -0.9485 -0.3166 0.0038
vn -0.6705 -0.2367 -0.7031
vn -0.9876 -0.1568 0.0009
vn -0.9431 0.3323 -0.0080
vn 0.8043 -0.5941 0.0124
vn -0.0018 0.0188 0.9998
vn -0.0024 0.0169 0.9999
vn 0.9268 -0.3755 0.0087
vn 0.8725 -0.4886 0.0107
vn 0.9665 -0.2564 0.0067
vn 0.9911 -0.1332 0.0045
vn 0.9992 -0.0397 0.0028
vn 1.0000 -0.0079 0.0048
vn 0.9997 0.0236 0.0017
vn -0.0020 0.0185 0.9998
vn 0.9931 0.1175 -0.0000
vn 0.9931 0.1174 -0.0000
vn 0.8827 0.4698 -0.0066
vn 0.7942 0.6076 -0.0094
vn 0.7943 0.6075 -0.0093
vn 0.5643 0.4175 -0.7122
vn 0.5643 0.4173 -0.7123
vn 0.8830 0.4694 -0.0067
vn 0.6267 0.3198 -0.7106
vn 0.9486 0.3166 -0.0038
vn 0.9485 0.3167 -0.0036
vn 0.6273 0.3194 -0.7103
vn 0.6735 0.2113 -0.7083
vn 0.9877 0.1563 -0.0007
vn 0.9877 0.1566 -0.0006
vn 0.7011 0.0984 -0.7063
vn 0.6733 0.2116 -0.7084
vn 0.7098 -0.0190 -0.7041
vn 0.7010 0.0984 -0.7063
vn 0.7099 -0.0185 -0.7041
vn 0.6993 -0.1341 -0.7022
vn 0.9850 -0.1724 0.0053
vn 0.9850 -0.1724 0.0052
vn 0.9431 -0.3325 0.0080
vn 0.9431 -0.3324 0.0080
vn 0.6694 -0.2489 -0.7000
vn 0.6990 -0.1350 -0.7023
vn 0.8755 -0.4831 0.0107
vn 0.8756 -0.4828 0.0106
vn 0.6219 -0.3546 -0.6982
vn 0.6695 -0.2482 -0.7001
vn 0.7845 -0.6201 0.0131
vn 0.5570 -0.4523 -0.6965
vn 0.6218 -0.3549 -0.6982
vn 0.5568 -0.4521 -0.6968
vn 0.4776 -0.5372 -0.6952
vn 0.6713 -0.7410 0.0149
vn 0.6712 -0.7412 0.0149
vn 0.5404 -0.8412 0.0163
vn 0.5398 -0.8416 0.0165
vn 0.4768 -0.5376 -0.6955
vn 0.3941 -0.9189 0.0175
vn 0.3950 -0.9185 0.0174
vn 0.2806 -0.6637 -0.6933
vn 0.3844 -0.6086 -0.6941
vn 0.2804 -0.6637 -0.6934
vn 0.1702 -0.7007 -0.6929
vn 0.0541 -0.7190 -0.6929
vn 0.0747 -0.9970 0.0181
vn 0.2377 -0.9712 0.0181
vn 0.0738 -0.9971 0.0182
vn 0.0547 -0.7189 -0.6929
vn 0.3014 -0.9533 0.0177
vn 0.1794 -0.9836 0.0183
vn 0.3013 -0.9534 0.0180
vn -0.0663 -0.7179 -0.6930
vn 0.2376 -0.9712 0.0182
vn 0.4854 0.5042 -0.7142
vn 0.4856 0.5041 -0.7142
vn 0.6831 0.7302 -0.0115
vn 0.3930 0.5774 -0.7157
vn 0.6835 0.7298 -0.0117
vn 0.5537 0.8326 -0.0139
vn 0.3934 0.5772 -0.7156
vn 0.5539 0.8324 -0.0138
vn 0.9706 0.2409 -0.0023
vn 0.9877 0.1562 -0.0007
vn 0.9485 0.3167 -0.0037
vn 0.9485 0.3168 -0.0037
vn 0.6735 0.2115 -0.7083
vn 0.6733 0.2121 -0.7083
vn 0.9877 0.1565 -0.0009
vn 0.7011 0.0977 -0.7063
vn 0.6271 0.3194 -0.7105
vn 0.6276 0.3186 -0.7103
vn 0.8833 0.4688 -0.0065
vn 0.8831 0.4692 -0.0065
vn 0.7937 0.6082 -0.0093
vn 0.5635 0.4184 -0.7124
vn 0.5641 0.4177 -0.7123
vn 0.4850 0.5047 -0.7142
vn 0.6832 0.7301 -0.0117
vn 0.7938 0.6081 -0.0093
vn 0.4854 0.5044 -0.7141
vn 0.6834 0.7300 -0.0118
vn 0.3939 0.5767 -0.7157
vn 0.5539 0.8325 -0.0138
vn 0.3940 0.5766 -0.7157
vn 0.5540 0.8324 -0.0140
vn 0.2914 0.6335 -0.7168
vn 0.0049 0.0044 1.0000
vn 0.0048 0.0044 1.0000
vn -0.0026 0.0181 0.9998
vn -0.9987 -0.0507 -0.0010
vn -0.9998 -0.0210 -0.0018
vn -0.9941 -0.1082 0.0001
vn -0.9987 -0.0505 -0.0019
vn -0.0084 -0.9998 0.0179
vn -0.0090 -0.9998 0.0183
vn -0.0072 -0.9998 0.0179
vn -0.0087 -0.9998 0.0179
vn -0.0075 -0.9998 0.0182
vn -0.9941 -0.1085 -0.0001
vn -0.9328 -0.3605 0.0045
vn -0.7525 -0.3368 -0.5660
vn -0.7221 -0.4004 -0.5641
vn -0.7693 -0.2984 -0.5649
vn -0.9327 -0.3606 0.0045
vn -0.7654 -0.3067 -0.5658
vn -0.7847 -0.2566 -0.5642
vn -0.0075 -0.9998 0.0180
vn -0.0085 -0.9998 0.0182
vn -0.8362 -0.0033 -0.5484
vn -0.9149 -0.0000 -0.4038
vn -0.8360 -0.0034 -0.5488
vn -0.9689 0.0033 -0.2474
vn -0.9152 -0.0000 -0.4030
vn -0.9688 0.0033 -0.2480
vn -0.9964 0.0065 -0.0850
vn -0.9964 0.0066 -0.0849
vn -0.0079 -0.9998 0.0185
vn -0.9963 0.0095 0.0853
vn -0.9964 0.0096 0.0846
vn -0.9663 0.0122 0.2570
vn -0.9072 0.0149 0.4205
vn -0.8202 0.0170 0.5718
vn -0.0085 -0.9998 0.0173
vn -0.2526 -0.7171 -0.6496
vn -0.7176 -0.4005 -0.5697
vn -0.0077 -0.9998 0.0186
vn -0.7334 -0.3815 -0.5627
vn -0.7110 -0.4198 -0.5641
vn -0.4246 0.0200 0.9051
vn 0.0086 0.9998 -0.0176
vn 0.0077 0.9998 -0.0181
vn -0.5754 0.0195 0.8177
vn 0.0080 0.9998 -0.0185
vn -0.7085 0.0184 0.7054
vn -0.5750 0.0193 0.8179
vn -0.7087 0.0185 0.7053
vn -0.8205 0.0170 0.5714
vn -0.2614 0.0195 0.9650
vn -0.0903 0.0189 0.9957
vn -0.0872 0.0186 0.9960
vn 0.0856 0.0173 0.9962
vn 0.0845 0.0173 0.9963
vn 0.2566 0.0155 0.9664
vn 0.2570 0.0155 0.9663
vn 0.4200 0.0130 0.9074
vn -0.3980 -0.7166 -0.5728
vn -0.3577 -0.7151 -0.6005
vn -0.3036 -0.7151 -0.6296
vn -0.3039 -0.7150 -0.6296
vn -0.4212 -0.0128 -0.9069
vn -0.2527 -0.7167 -0.6500
vn -0.3492 -0.0139 -0.9369
vn -0.3492 -0.0142 -0.9370
vn -0.4292 -0.0105 -0.9031
vn 0.0087 0.9998 -0.0185
vn 0.0066 0.9998 -0.0178
vn 0.0071 0.9998 -0.0177
vn 0.0072 0.9998 -0.0177
vn 0.4211 0.0130 0.9069
vn 0.0087 0.9998 -0.0183
vn 0.5713 0.0103 0.8207
vn 0.5724 0.0101 0.8199
vn 0.7052 0.0072 0.7090
vn -0.5544 -0.7170 -0.4226
vn -0.5364 -0.7110 -0.4547
vn -0.4944 -0.7117 -0.4990
vn -0.4814 -0.7175 -0.5035
vn -0.6909 -0.0074 -0.7229
vn -0.4535 -0.7133 -0.5343
vn -0.6324 -0.0089 -0.7746
vn -0.7101 -0.0018 -0.7041
vn -0.5780 -0.0061 -0.8160
vn 0.7060 0.0071 0.7082
vn 0.8178 0.0039 0.5755
vn 0.8178 0.0037 0.5754
vn 0.9056 0.0003 0.4242
vn 0.9053 0.0005 0.4247
vn 0.9654 -0.0031 0.2608
vn -0.0079 -0.9998 0.0174
vn 0.9654 -0.0031 0.2606
vn 0.9959 -0.0064 0.0900
vn 0.9959 -0.0063 0.0900
vn -0.0080 -0.9998 0.0191
vn -0.6919 -0.7101 -0.1302
vn -0.6949 -0.7037 -0.1480
vn -0.6780 -0.7054 -0.2066
vn -0.6606 -0.7133 -0.2340
vn -0.6587 -0.7065 -0.2586
vn -0.9235 0.0005 -0.3835
vn -0.9505 0.0020 -0.3106
vn -0.9066 0.0057 -0.4220
vn -0.9659 0.0086 -0.2589
vn 0.9959 -0.0064 0.0899
vn 0.9967 -0.0096 -0.0808
vn 0.9967 -0.0094 -0.0806
vn 0.9699 -0.0123 -0.2431
vn -0.7128 -0.7010 0.0208
vn -0.7099 -0.6989 0.0865
vn -0.7078 -0.7061 -0.0231
vn -0.7103 -0.6984 0.0873
vn -0.7012 -0.6989 0.1409
vn -0.0086 -0.9998 0.0171
vn -0.0078 -0.9998 0.0188
vn 0.7370 -0.0182 -0.6757
vn 0.7370 -0.0181 -0.6756
vn 0.6159 -0.0193 -0.7876
vn 0.6164 -0.0192 -0.7872
vn 0.4774 -0.0197 -0.8785
vn 0.4781 -0.0197 -0.8781
vn 0.3271 -0.0198 -0.9448
vn 0.3263 -0.0197 -0.9451
vn 0.1665 -0.0192 -0.9859
vn -0.0087 -0.9998 0.0181
vn 0.1662 -0.0190 -0.9859
vn 0.0085 0.9998 -0.0178
vn -0.1622 -0.0166 -0.9866
vn -0.1632 -0.0167 -0.9865
vn -0.3222 -0.0145 -0.9466
vn -0.0073 -0.9998 0.0176
vn -0.3217 -0.0146 -0.9467
vn 0.0076 0.9998 -0.0184
vn 0.0076 0.9998 -0.0191
vn -0.9834 0.0114 0.1811
vn -0.9908 0.0105 0.1353
vn 0.9166 -0.0146 -0.3995
vn 0.8387 -0.0165 -0.5443
vn 0.8383 -0.0166 -0.5449
vn 0.9700 -0.0123 -0.2429
vn 0.9166 -0.0145 -0.3995
vn -0.9990 0.0103 0.0441
vn -0.9999 0.0081 0.0129
vn -0.9978 0.0070 -0.0654
vn -0.9960 0.0113 -0.0886
vn -0.7118 -0.7016 -0.0333
vn -0.7045 -0.7034 -0.0943
vn -0.9885 0.0051 -0.1511
vn -0.9945 0.0053 0.1044
vn -0.8109 -0.1417 -0.5677
vn -0.8112 -0.1323 -0.5696
vn -0.9834 0.0112 0.1811
vn -0.8060 -0.1617 -0.5693
vn -0.8054 -0.1835 -0.5637
vn -0.7968 -0.2083 -0.5672
vn -0.7010 -0.6991 0.1408
vn -0.7968 -0.2112 -0.5662
vn -0.7941 -0.2195 -0.5667
vn -0.7875 -0.2400 -0.5677
vn -0.9738 0.0037 -0.2275
vn -0.8869 -0.0012 -0.4619
vn -0.8488 -0.0028 -0.5288
vn -0.8207 0.0021 -0.5714
vn 0.0086 0.9998 -0.0191
vn -0.6062 -0.7086 -0.3610
vn -0.5714 -0.7098 -0.4121
vn -0.7995 -0.0044 -0.6007
vn -0.6146 -0.7155 -0.3322
vn -0.6332 -0.7074 -0.3140
vn 0.0084 0.9998 -0.0180
vn -0.7507 -0.0058 -0.6606
vn -0.4041 -0.7137 -0.5722
vn -0.5635 -0.0102 -0.8260
vn -0.4964 -0.0117 -0.8680
vn -0.7193 -0.3950 -0.5715
vn -0.7541 -0.3409 -0.5614
vn -0.7185 -0.3988 -0.5699
vn -0.7840 -0.2635 -0.5621
vn -0.7343 -0.0064 -0.6788
vn -0.7340 -0.0065 -0.6791
vn -0.6133 -0.0094 -0.7898
vn -0.6118 -0.0094 -0.7910
vn -0.4747 -0.0120 -0.8801
vn -0.4745 -0.0119 -0.8802
vn -0.9705 -0.2410 0.0023
vn -0.9928 -0.1201 0.0001
vn -0.9928 -0.1201 -0.0000
vn -0.9749 -0.2227 0.0020
vn -0.9423 -0.3346 0.0041
vn -0.8973 -0.4415 0.0060
vn -0.9424 -0.3345 0.0040
vn -0.8972 -0.4415 0.0061
vn 0.5749 -0.0194 -0.8180
vn 0.5746 -0.0193 -0.8182
vn 0.4247 -0.0197 -0.9051
vn 0.4249 -0.0197 -0.9050
vn -0.9975 0.0700 -0.0034
vn -0.9976 0.0699 -0.0034
vn 0.0075 0.9998 -0.0186
vn -0.9918 0.1281 -0.0015
vn -0.8724 0.4886 -0.0107
vn 0.9665 -0.0124 -0.2564
vn 0.9663 -0.0125 -0.2571
vn 0.9964 -0.0096 -0.0844
vn 0.0074 0.9998 -0.0178
vn 0.9963 -0.0096 -0.0849
vn 0.0087 0.9998 -0.0182
vn 0.9960 -0.0064 0.0896
vn 0.9653 -0.0031 0.2613
vn -0.0083 -0.9998 0.0180
vn 0.9054 0.0004 0.4245
vn 0.9052 0.0005 0.4249
vn 0.8182 0.0038 0.5750
vn 0.8174 0.0038 0.5760
vn 0.7057 0.0071 0.7084
vn 0.0085 0.9998 -0.0193
vn -0.6775 0.0148 -0.7354
vn -0.6392 0.0138 -0.7689
vn -0.6712 -0.0353 -0.7404
vn -0.6705 0.0157 -0.7418
vn -0.5669 -0.0210 -0.8235
vn -0.5664 0.0097 -0.8241
vn -0.5030 0.0066 -0.8643
vn -0.5758 0.0074 -0.8176
vn -0.4164 0.0018 -0.9092
vn -0.4166 -0.0251 -0.9087
vn -0.5365 -0.0262 -0.8435
vn -0.4644 -0.0255 -0.8852
vn -0.3866 -0.0164 -0.9221
vn 0.4205 0.0131 0.9072
vn 0.5709 0.0104 0.8209
vn -0.0084 -0.9998 0.0184
vn 0.2572 0.0153 0.9662
vn 0.2565 0.0155 0.9664
vn -0.3095 -0.0237 -0.9506
vn -0.2262 -0.0149 -0.9740
vn -0.2541 -0.0230 -0.9669
vn -0.1457 -0.0212 -0.9891
vn -0.0589 -0.0128 -0.9982
vn -0.0076 -0.9998 0.0180
vn -0.0891 0.0186 0.9958
vn 0.0850 0.0174 0.9962
vn 0.0883 -0.0120 -0.9960
vn 0.1102 -0.0156 -0.9938
vn 0.0237 -0.0177 -0.9996
vn 0.0884 -0.0265 -0.9957
vn 0.0634 -0.0210 -0.9978
vn -0.1058 -0.0186 -0.9942
vn -0.0844 -0.0142 -0.9963
vn -0.0208 -0.0171 -0.9996
vn -0.0843 -0.0200 -0.9962
vn 0.0075 0.9998 -0.0182
vn 0.0067 0.9998 -0.0181
vn 0.0089 0.9998 -0.0181
vn 0.0084 0.9998 -0.0181
vn -0.1868 -0.0093 -0.9824
vn -0.2715 -0.0099 -0.9624
vn -0.2542 -0.0062 -0.9671
vn -0.3511 -0.0014 -0.9363
vn 0.0075 0.9998 -0.0177
vn -0.4299 -0.0012 -0.9029
vn 0.0074 0.9998 -0.0179
vn 0.1481 -0.0246 -0.9887
vn 0.2302 -0.0282 -0.9727
vn 0.2580 -0.0343 -0.9655
vn 0.3134 -0.0317 -0.9491
vn 0.0086 0.9998 -0.0175
vn 0.3900 -0.0347 -0.9202
vn 0.0079 0.9998 -0.0187
vn 0.0085 0.9998 -0.0175
vn -0.5751 0.0194 0.8179
vn -0.4249 0.0199 0.9050
vn -0.4239 0.0197 0.9055
vn 0.3548 -0.0091 -0.9349
vn 0.2754 -0.0112 -0.9613
vn -0.0074 -0.9998 0.0189
vn 0.4213 -0.0038 -0.9069
vn 0.4336 -0.0062 -0.9011
vn -0.0071 -0.9998 0.0189
vn 0.5051 -0.0040 -0.8630
vn -0.0087 -0.9998 0.0175
vn 0.0085 0.9998 -0.0172
vn 0.0078 0.9998 -0.0187
vn -0.8204 0.0169 0.5716
vn 0.0077 0.9998 -0.0185
vn -0.0075 -0.9998 0.0190
vn -0.9071 0.0149 0.4206
vn 0.6804 0.0029 -0.7328
vn 0.7072 0.0281 -0.7065
vn 0.7227 0.0048 -0.6911
vn 0.6430 0.0014 -0.7659
vn 0.6746 0.0037 -0.7382
vn 0.5704 0.0011 -0.8213
vn 0.5698 -0.0472 -0.8204
vn 0.5793 -0.0010 -0.8151
vn 0.6741 -0.0368 -0.7377
vn 0.6466 -0.0449 -0.7615
vn 0.5392 -0.0407 -0.8412
vn -0.0090 -0.9998 0.0169
vn -0.9663 0.0125 0.2570
vn -0.9664 0.0124 0.2567
vn 0.0076 0.9998 -0.0185
vn -0.9964 0.0097 0.0845
vn 0.0086 0.9998 -0.0182
vn -0.9653 0.0030 -0.2610
vn -0.0093 -0.9998 0.0174
vn -0.9653 0.0031 -0.2613
vn -0.0087 -0.9998 0.0182
vn -0.9056 -0.0004 -0.4241
vn -0.0073 -0.9998 0.0178
vn 0.0088 0.9998 -0.0185
vn -0.7061 -0.0071 -0.7080
vn 0.0077 0.9998 -0.0178
vn -0.8175 -0.0039 -0.5759
vn -0.7055 -0.0070 -0.7087
vn -0.7054 -0.0070 -0.7087
vn -0.5716 -0.0102 -0.8204
vn -0.5725 -0.0102 -0.8198
vn -0.0076 -0.9998 0.0178
vn -0.4203 -0.0129 -0.9073
vn -0.2564 -0.0155 -0.9664
vn -0.2566 -0.0153 -0.9664
vn -0.0072 -0.9998 0.0178
vn -0.0847 -0.0173 -0.9963
vn -0.0086 -0.9998 0.0183
vn -0.0070 -0.9998 0.0191
vn 0.4206 -0.0413 -0.9063
vn 0.4676 -0.0381 -0.8831
vn 0.2581 -0.0082 -0.9661
vn 0.1912 -0.0134 -0.9815
vn -0.2613 0.0195 0.9651
vn 0.0859 0.0173 0.9962
vn 0.7053 0.0072 0.7089
vn -0.7027 -0.0267 -0.7109
vn -0.6440 -0.0265 -0.7645
vn -0.7040 -0.0449 -0.7087
vn -0.0078 -0.9998 0.0177
vn 0.0073 0.9998 -0.0176
vn 0.0090 0.9998 -0.0188
vn -0.8665 -0.0022 -0.4991
vn -0.6857 0.0166 -0.7277
vn -0.7034 0.0366 -0.7098
vn 0.9070 -0.0149 -0.4208
vn 0.9072 -0.0149 -0.4204
vn 0.0891 -0.0187 -0.9958
vn 0.8206 -0.0169 -0.5712
vn 0.8203 -0.0169 -0.5717
vn 0.7085 -0.0185 -0.7055
vn 0.7088 -0.0184 -0.7052
vn 0.2605 -0.0195 -0.9653
vn 0.0889 -0.0188 -0.9959
vn -0.9902 0.1399 -0.0046
vn -0.9999 0.0079 -0.0076
vn -0.9993 0.0372 -0.0028
vn 0.2618 -0.0196 -0.9649
vn -0.5037 -0.5095 -0.6977
vn -0.4099 -0.5898 -0.6958
vn -0.5033 -0.5097 -0.6978
vn -0.3166 -0.9484 0.0163
vn 0.0015 -0.0181 -0.9998
vn 0.0448 -0.8750 0.4821
vn 0.0447 -0.8750 0.4821
vn 0.1131 -0.8684 0.4827
vn -0.1338 0.8013 -0.5831
vn 1.0000 -0.0086 0.0024
vn 1.0000 -0.0087 0.0025
vn 0.0073 0.9862 0.1656
vn 1.0000 -0.0085 0.0024
vn -0.1733 0.7923 -0.5850
vn 0.0077 0.9862 0.1655
vn -0.1380 0.8013 -0.5822
vn -0.7017 0.7030 0.1152
vn -0.7016 0.7031 0.1156
vn -0.7004 0.7112 0.0613
vn -0.7017 0.7030 0.1155
vn -0.7022 0.7026 0.1154
vn 0.0030 0.9961 0.0886
vn 0.0077 0.9928 0.1195
vn 0.0095 0.9996 0.0282
vn 1.0000 -0.0079 0.0019
vn -0.0072 -0.9704 -0.2415
vn -0.0063 -0.9141 -0.4055
vn -0.0064 -0.9138 -0.4060
vn -0.0072 -0.9704 -0.2413
vn -1.0000 0.0080 -0.0026
vn -0.7014 0.7128 -0.0053
vn -0.7006 0.7109 0.0609
vn -0.7055 0.7070 -0.0483
vn -0.7008 0.7109 -0.0587
vn -0.7011 0.7030 -0.1193
vn -0.7074 0.6894 -0.1557
vn -1.0000 0.0081 -0.0027
vn -0.0083 -0.9949 0.1006
vn -0.0081 -0.9949 0.1008
vn 1.0000 -0.0083 0.0018
vn -0.0083 -0.9647 0.2632
vn 0.0140 0.9616 -0.2740
vn 0.0083 0.9457 -0.3248
vn 0.0081 0.9172 -0.3984
vn 0.0141 0.8998 -0.4360
vn 0.0087 0.9700 -0.2429
vn 0.0129 0.9944 -0.1044
vn 0.0082 0.9859 -0.1668
vn -0.7008 0.6546 -0.2834
vn -0.7010 0.6277 -0.3385
vn 0.0081 0.8793 -0.4761
vn -0.7085 0.6089 -0.3568
vn -0.7014 0.6004 -0.3842
vn 0.0079 0.8402 -0.5422
vn -0.7014 0.5638 -0.4360
vn 0.0077 0.7897 -0.6134
vn 0.0137 0.8114 -0.5844
vn 0.0075 0.7403 -0.6723
vn 0.0123 0.6987 -0.7153
vn -0.0080 -0.8273 0.5617
vn -0.0075 -0.7236 0.6902
vn -0.0078 -0.8267 0.5626
vn -1.0000 0.0084 -0.0018
vn -1.0000 0.0079 -0.0027
vn -0.0073 -0.7232 0.6906
vn -0.0066 -0.5992 0.8006
vn -0.0067 -0.6000 0.8000
vn -0.0058 -0.4605 0.8876
vn -0.0047 -0.3076 0.9515
vn 1.0000 -0.0086 0.0020
vn -0.0056 -0.4599 0.8879
vn 0.0075 0.4144 -0.9100
vn 0.0054 0.4065 -0.9136
vn 0.0047 0.3342 -0.9425
vn 1.0000 -0.0076 0.0027
vn -0.0034 -0.1470 0.9891
vn -0.0033 -0.1469 0.9892
vn -0.7037 0.2419 -0.6680
vn -0.7024 0.2935 -0.6485
vn -0.7032 0.2422 -0.6684
vn -1.0000 0.0084 -0.0020
vn -1.0000 0.0082 -0.0020
vn -0.7053 0.3875 -0.5936
vn -0.7024 0.3463 -0.6218
vn -0.7024 0.2936 -0.6484
vn -0.7017 0.3951 -0.5928
vn 0.0065 0.5501 -0.8351
vn 0.0059 0.4826 -0.8758
vn 0.0069 0.6205 -0.7842
vn -0.7021 0.4436 -0.5570
vn 0.0103 0.5650 -0.8250
vn -0.7072 0.4732 -0.5254
vn -0.7013 0.4866 -0.5209
vn 0.0071 0.6792 -0.7339
vn -0.0008 0.1827 0.9832
vn -1.0000 0.0075 -0.0016
vn 0.0006 0.3414 0.9399
vn 0.0005 0.3416 0.9398
vn 0.0019 0.4913 0.8710
vn 0.0033 0.6284 0.7779
vn 0.0020 0.4916 0.8708
vn 0.0034 0.6290 0.7774
vn -1.0000 0.0083 -0.0028
vn 0.0047 0.7477 0.6640
vn 0.0043 0.7477 0.6640
vn 0.0054 0.8471 0.5314
vn 0.0057 0.8469 0.5317
vn 0.0065 0.9226 0.3857
vn 0.0065 0.9229 0.3849
vn 0.0070 0.9738 0.2275
vn 0.0072 0.9737 0.2279
vn -0.3484 0.7333 -0.5838
vn -0.3182 0.7488 -0.5814
vn -1.0000 0.0080 -0.0027
vn -0.2695 0.7652 -0.5847
vn -0.3427 0.7360 -0.5839
vn 0.0081 0.8988 -0.4382
vn 0.0078 0.8081 -0.5890
vn 1.0000 -0.0079 0.0033
vn 0.0073 0.6949 -0.7190
vn 0.0084 0.8987 -0.4385
vn 0.0082 0.9609 -0.2768
vn 0.0083 0.9944 -0.1050
vn 0.0064 0.5588 -0.8293
vn 0.0063 0.5586 -0.8294
vn 0.0055 0.4060 -0.9139
vn -1.0000 0.0083 -0.0022
vn 0.0055 0.4069 -0.9135
vn 0.0041 0.2404 -0.9707
vn -1.0000 0.0072 -0.0028
vn 0.0042 0.2410 -0.9705
vn 0.0029 0.0704 -0.9975
vn 0.0030 0.0685 -0.9976
vn -1.0000 0.0086 -0.0025
vn 0.0014 -0.1057 -0.9944
vn -1.0000 0.0085 -0.0024
vn -0.0002 -0.2759 -0.9612
vn 0.0001 -0.2763 -0.9611
vn -1.0000 0.0074 -0.0022
vn -0.0016 -0.4388 -0.8986
vn -0.0015 -0.4390 -0.8985
vn -1.0000 0.0089 -0.0024
vn -0.0030 -0.5880 -0.8089
vn -0.0027 -0.5880 -0.8088
vn -0.0042 -0.7197 -0.6942
vn -0.0042 -0.7201 -0.6939
vn -0.0054 -0.8293 -0.5587
vn -0.2424 0.7756 -0.5829
vn 0.0078 0.9979 0.0642
vn 0.0078 0.9979 0.0645
vn 1.0000 -0.0083 0.0027
vn -0.0007 0.1829 0.9831
vn -0.0047 -0.3071 0.9517
vn -0.7017 0.5291 -0.4771
vn -0.7080 0.5475 -0.4461
vn -0.0082 -0.9087 0.4173
vn -0.0082 -0.9084 0.4181
vn -0.0084 -0.9646 0.2635
vn -1.0000 0.0081 -0.0018
vn -1.0000 0.0081 -0.0019
vn -0.7085 0.6566 -0.2587
vn -0.7009 0.6746 -0.2316
vn -0.7006 0.6920 -0.1739
vn -0.0080 -0.9976 -0.0691
vn 0.0081 0.9967 -0.0810
vn 0.0079 1.0000 -0.0047
vn -0.1951 0.7871 -0.5852
vn -0.2464 0.7733 -0.5843
vn -0.2083 0.7893 -0.5776
vn -0.2145 0.7869 -0.5786
vn 0.0049 0.3342 -0.9425
vn -0.4157 0.9093 -0.0174
vn -0.5669 0.8237 -0.0160
vn -0.5670 0.8236 -0.0161
vn -0.0024 0.0181 0.9998
vn -0.7018 0.7123 -0.0145
vn -0.7015 0.7125 -0.0144
vn -0.8145 0.5800 -0.0123
vn -0.5756 0.3979 -0.7144
vn -0.5757 0.3981 -0.7142
vn -0.4958 0.4914 -0.7160
vn -0.6380 0.2919 -0.7126
vn -0.1756 0.6734 -0.7181
vn -0.1770 0.6727 -0.7185
vn 0.9850 -0.1723 0.0053
vn 0.9850 -0.1726 0.0054
vn -0.0037 -0.0182 -0.9998
vn 0.3840 -0.6086 -0.6944
vn 0.2807 -0.6636 -0.6935
vn 0.2380 -0.9711 0.0180
vn 0.2372 -0.9713 0.0182
vn 0.1698 -0.7007 -0.6930
vn 0.0745 -0.9971 0.0180
vn 0.0745 -0.9971 0.0181
vn 0.0546 -0.7190 -0.6929
vn 0.1690 -0.7008 -0.6930
vn -0.0948 -0.9953 0.0178
vn 0.8831 0.4691 -0.0066
vn 0.7943 0.6075 -0.0094
vn 0.7941 0.6077 -0.0093
vn 0.6832 0.7302 -0.0117
vn -0.1877 -0.6954 -0.6937
vn -0.3028 -0.6524 -0.6948
vn -0.3033 -0.6523 -0.6946
vn -0.4305 -0.9024 0.0155
vn -0.5801 -0.8144 0.0135
vn 0.8833 0.4687 -0.0065
vn 0.9485 0.3168 -0.0038
vn -0.0009 0.0182 0.9998
vn 0.3841 -0.6088 -0.6941
vn 0.3943 -0.9188 0.0174
vn 0.5399 -0.8416 0.0163
vn 0.0026 -0.0181 -0.9998
vn 0.4769 -0.5378 -0.6953
vn 0.3944 -0.9188 0.0175
vn 0.0745 -0.9971 0.0182
vn -0.1952 -0.9806 0.0173
vn 0.9955 -0.0950 0.0038
vn -0.0022 0.0172 0.9998
vn 0.6411 -0.3175 -0.6987
vn 0.9027 -0.4301 0.0098
vn 0.8181 0.0037 0.5750
vn -0.2929 0.6316 -0.7179
vn -0.2932 0.6313 -0.7179
vn 0.9095 0.4156 -0.0055
vn -0.9097 -0.4153 0.0054
vn -0.0017 0.0208 0.9998
vn 0.0026 -0.0174 -0.9998
vn 0.0026 -0.0175 -0.9998
vn 0.5572 -0.4517 -0.6967
vn -0.9969 -0.0791 -0.0007
vn -0.9955 0.0952 -0.0038
vn 0.7011 0.0982 -0.7063
vn 0.9484 0.3172 -0.0037
vn -0.9639 0.2662 -0.0069
vn 0.3935 0.5772 -0.7155
vn -0.8237 -0.5669 0.0083
vn -0.8241 -0.5663 0.0086
vn -0.7128 -0.7012 0.0111
vn 0.5396 -0.8418 0.0164
vn 0.0053 -0.0183 -0.9998
vn 1.0000 -0.0082 0.0016
vn -0.0072 -0.9705 -0.2410
vn -0.0078 -0.9975 -0.0695
vn -0.0078 -0.9976 -0.0689
vn -1.0000 0.0078 -0.0028
vn -0.3145 -0.7685 -0.5572
vn -1.0000 0.0079 -0.0030
vn -0.2823 -0.7812 -0.5568
vn -0.2555 -0.7919 -0.5546
vn -1.0000 0.0071 -0.0020
vn -0.0016 -0.4393 -0.8983
vn -0.0000 -0.2757 -0.9612
vn -0.0015 -0.4392 -0.8984
vn -0.0029 -0.5887 -0.8083
vn -0.0042 -0.7193 -0.6947
vn -0.0029 -0.5883 -0.8087
vn -0.0000 -0.2760 -0.9612
vn 0.0015 -0.1047 -0.9945
vn 0.0013 -0.1050 -0.9945
vn 0.0026 0.0697 -0.9976
vn 0.0041 0.2402 -0.9707
vn 0.0029 0.0688 -0.9976
vn 0.0040 0.2414 -0.9704
vn 0.0055 0.4067 -0.9135
vn 0.0053 0.4070 -0.9134
vn -1.0000 0.0086 -0.0023
vn 0.0064 0.5586 -0.8294
vn -0.0064 -0.9137 -0.4064
vn -0.0064 -0.9139 -0.4060
vn -0.0054 -0.8294 -0.5586
vn -0.0083 -0.9611 0.2762
vn -0.0085 -0.8983 0.4394
vn -0.0083 -0.8983 0.4393
vn -0.0077 -0.8084 0.5885
vn -0.0072 -0.6945 0.7194
vn -0.0065 -0.5583 0.8296
vn -0.0053 -0.4060 0.9139
vn -0.0053 -0.4059 0.9139
vn -1.0000 0.0084 -0.0017
vn -0.0043 -0.2422 0.9702
vn -0.0041 -0.2405 0.9706
vn -0.0040 -0.2405 0.9706
vn -1.0000 0.0072 -0.0018
vn -0.0027 -0.0691 0.9976
vn -0.0029 -0.0702 0.9975
vn -0.0013 0.1059 0.9944
vn -0.0016 0.1047 0.9945
vn -0.0000 0.2761 0.9611
vn -0.7079 -0.2545 -0.6588
vn -0.7075 -0.2546 -0.6593
vn -0.3903 -0.7321 -0.5583
vn -0.3660 -0.7462 -0.5561
vn -0.3977 -0.7282 -0.5582
vn -0.3976 -0.7282 -0.5582
vn -0.3547 -0.7511 -0.5568
vn -1.0000 0.0082 -0.0018
vn -0.0081 -0.9944 0.1051
vn 0.4095 0.9122 -0.0156
vn -0.0663 -0.9976 0.0181
vn -0.9431 0.3323 -0.0077
vn -0.0019 0.0194 0.9998
vn -0.9851 0.1719 -0.0052
vn -0.9850 0.1722 -0.0051
vn -0.7068 -0.0067 -0.7074
vn -0.7068 -0.0065 -0.7074
vn -0.6963 0.1088 -0.7094
vn -0.9878 -0.1559 0.0009
vn -0.6979 -0.1241 -0.7053
vn -0.6982 -0.1237 -0.7052
vn -0.6702 -0.2379 -0.7030
vn -0.6240 -0.3448 -0.7012
vn -0.6700 -0.2380 -0.7031
vn -0.5611 -0.4431 -0.6991
vn -0.6243 -0.3447 -0.7010
vn -0.6834 -0.7300 0.0119
vn -0.5537 -0.8326 0.0138
vn -0.3920 -0.6020 -0.6957
vn -0.4086 -0.9126 0.0156
vn -0.2883 -0.6590 -0.6947
vn -0.2881 -0.6591 -0.6947
vn -0.5538 -0.8325 0.0140
vn -0.8136 -0.5813 0.0088
vn 0.0579 -0.7188 -0.6928
vn 0.0574 -0.7189 -0.6928
vn 0.0789 -0.9967 0.0182
vn -0.0905 -0.9957 0.0179
vn 0.8144 -0.5802 0.0123
vn -0.8399 -0.5427 0.0081
vn 0.7067 -0.0804 -0.7030
vn 0.7077 0.0433 -0.7051
vn 0.7068 -0.0802 -0.7029
vn 0.7078 0.0437 -0.7051
vn 0.9969 0.0792 0.0006
vn 0.9955 -0.0948 0.0037
vn 0.9954 -0.0954 0.0040
vn 0.9968 0.0797 0.0008
vn 0.9680 0.2509 -0.0025
vn 0.6874 0.1651 -0.7073
vn 0.9681 0.2506 -0.0025
vn 0.0028 -0.0177 -0.9998
vn 0.0024 -0.0176 -0.9998
vn -0.0750 0.9970 -0.0182
vn 0.0951 0.9953 -0.0179
vn -0.3815 0.5832 -0.7172
vn -0.5068 -0.8619 0.0146
vn -0.3821 0.5822 -0.7176
vn -0.4735 0.5126 -0.7163
vn -0.4739 0.5122 -0.7163
vn -0.5539 0.4267 -0.7149
vn -0.5537 0.4266 -0.7151
vn -0.6188 0.3292 -0.7132
vn -0.4447 -0.7006 -0.5580
vn -0.2271 -0.8037 -0.5499
vn -0.7130 -0.7008 0.0220
vn -0.0084 -0.9994 0.0321
vn -0.7123 -0.7016 0.0213
vn -0.0081 -0.9922 0.1245
vn -0.0079 -0.9990 -0.0444
vn -0.7121 -0.7013 -0.0333
vn -0.7118 -0.7016 -0.0336
vn -0.0048 -0.9995 -0.0303
vn -0.7112 -0.6904 -0.1321
vn -0.7114 -0.6903 -0.1319
vn -0.0074 -0.9828 -0.1843
vn -0.0068 -0.9426 -0.3339
vn -0.7110 -0.6616 -0.2381
vn -0.7108 -0.6618 -0.2383
vn -0.0073 -0.9828 -0.1847
vn -0.0059 -0.8796 -0.4757
vn -0.7103 -0.6171 -0.3385
vn -0.7103 -0.6173 -0.3383
vn -0.0068 -0.9426 -0.3338
vn -0.7094 -0.5578 -0.4308
vn -0.7096 -0.5578 -0.4306
vn -0.0059 -0.8795 -0.4758
vn -0.0049 -0.7957 -0.6057
vn -0.0039 -0.6925 -0.7214
vn -0.0039 -0.6926 -0.7214
vn -0.0026 -0.5724 -0.8199
vn -0.7072 -0.3052 -0.6377
vn 0.6853 0.5669 0.4572
vn -0.0086 -0.9998 0.0184
vn -0.0084 -0.9998 0.0185
vn 0.8543 -0.2227 0.4697
vn -0.6129 -0.0095 -0.7901
vn -0.6131 -0.0094 -0.7900
vn 0.0087 0.9998 -0.0186
vn -0.4740 -0.0121 -0.8805
vn 0.0076 0.9998 -0.0178
vn -0.3232 -0.0145 -0.9462
vn -0.4736 -0.0120 -0.8807
vn -0.1630 -0.0164 -0.9865
vn -0.3223 -0.0146 -0.9465
vn -0.7904 0.2122 -0.5746
vn 0.0084 0.9998 -0.0179
vn -0.7836 0.2322 -0.5762
vn 0.4771 -0.0197 -0.8786
vn 0.6162 -0.0191 -0.7874
vn 0.4779 -0.0196 -0.8782
vn 0.3274 -0.0197 -0.9447
vn 0.3267 -0.0197 -0.9449
vn 0.1671 -0.0191 -0.9858
vn -0.0073 -0.9998 0.0182
vn -0.1629 -0.0164 -0.9865
vn 0.6160 -0.0193 -0.7875
vn 0.7371 -0.0182 -0.6755
vn 0.7370 -0.0180 -0.6757
vn 0.8381 -0.0166 -0.5453
vn 0.8384 -0.0166 -0.5448
vn -0.7605 0.2983 -0.5768
vn -0.7717 0.2749 -0.5735
vn -0.7346 -0.0064 -0.6785
vn -0.8359 -0.0033 -0.5489
vn -0.8359 -0.0032 -0.5489
vn -0.9145 -0.0000 -0.4046
vn 0.0071 0.9998 -0.0180
vn -0.9147 0.0002 -0.4041
vn -0.9964 0.0065 -0.0848
vn -0.9690 0.0032 -0.2472
vn -0.9964 0.0065 -0.0851
vn -0.9666 0.0124 0.2560
vn -0.0080 -0.9998 0.0176
vn -0.9963 0.0096 0.0852
vn -0.7935 0.2032 -0.5736
vn -0.8024 0.1761 -0.5703
vn -0.9907 0.0105 0.1356
vn -0.7013 0.7126 0.0182
vn -0.9990 0.0088 0.0438
vn -0.0072 -0.9998 0.0181
vn -0.9960 0.0064 -0.0888
vn -0.9990 0.0088 0.0433
vn 0.0079 0.9998 -0.0178
vn -0.5758 0.7030 -0.4175
vn -0.6368 0.7053 -0.3114
vn -0.5759 0.7029 -0.4175
vn -0.8208 -0.0039 -0.5713
vn -0.7098 -0.0071 -0.7044
vn -0.4973 0.7006 -0.5116
vn -0.4972 0.7005 -0.5119
vn -0.8205 -0.0037 -0.5716
vn -0.7100 -0.0070 -0.7041
vn -0.5779 -0.0101 -0.8160
vn -0.4039 0.6986 -0.5906
vn -0.4040 0.6983 -0.5909
vn -0.2983 0.6964 -0.6527
vn -0.2980 0.6963 -0.6530
vn -0.4290 -0.0129 -0.9032
vn -0.5782 -0.0100 -0.8158
vn -0.4289 -0.0126 -0.9032
vn -0.3492 -0.0142 -0.9369
vn -0.7779 0.2571 -0.5734
vn -0.7795 0.2553 -0.5720
vn -0.6598 0.4780 -0.5798
vn -0.4335 0.6871 -0.5831
vn -0.5289 0.8485 -0.0165
vn -0.5290 0.8484 -0.0165
vn -0.2776 0.6381 -0.7182
vn 0.3060 0.6268 -0.7166
vn -0.9923 0.1241 -0.0044
vn -0.8900 0.4558 -0.0102
vn -0.8310 0.5561 -0.0118
vn -0.8310 0.5561 -0.0119
vn 0.9639 -0.2663 0.0067
vn 0.2514 -0.9677 0.0181
vn 0.0786 -0.9967 0.0183
vn 0.2499 -0.9681 0.0180
vn 0.0799 -0.9966 0.0181
vn 0.1788 -0.6984 -0.6930
vn -0.0911 -0.9957 0.0179
vn -0.0635 -0.7181 -0.6931
vn 0.0577 -0.7189 -0.6928
vn -0.0895 -0.9958 0.0179
vn -0.2535 -0.9672 0.0169
vn 0.2961 -0.6570 -0.6933
vn -0.0624 -0.7180 -0.6932
vn -0.3903 -0.6027 -0.6960
vn -0.1657 0.9860 -0.0183
vn -0.9485 -0.3168 0.0036
vn -0.8830 -0.4693 0.0066
vn -0.8833 -0.4688 0.0066
vn -0.0797 0.9966 -0.0183
vn -0.0261 0.9995 -0.0182
vn 0.0201 -0.7189 -0.6948
vn -1.0000 0.0075 -0.0018
vn -0.0055 -0.7193 -0.6947
vn 0.0197 -0.7195 -0.6942
vn 0.0193 -0.6919 -0.7217
vn 0.0190 -0.6934 -0.7203
vn -0.0064 -0.6863 -0.7273
vn 0.0168 -0.6553 -0.7552
vn 0.0175 -0.5833 -0.8121
vn -0.0305 -0.5827 -0.8121
vn -0.0219 -0.6859 -0.7273
vn 0.0155 -0.5917 -0.8060
vn -0.0296 -0.6582 -0.7523
vn -0.0237 -0.5528 -0.8330
vn 1.0000 -0.0075 0.0018
vn -0.0203 -0.4823 -0.8758
vn -0.0229 -0.4345 -0.9004
vn -0.0162 -0.4049 -0.9142
vn -0.0126 -0.3278 -0.9446
vn -0.0147 -0.2739 -0.9616
vn -0.0085 -0.2454 -0.9694
vn 1.0000 -0.0076 0.0017
vn 0.0028 0.5885 0.8085
vn 0.0113 -0.2738 -0.9617
vn 0.0063 -0.2071 -0.9783
vn 0.0044 -0.1264 -0.9920
vn -0.0046 -0.1648 -0.9863
vn 0.0104 0.1704 -0.9853
vn 0.0097 0.2562 -0.9666
vn 0.0134 0.2382 -0.9711
vn 0.0175 0.3351 -0.9420
vn 1.0000 -0.0087 0.0019
vn -0.0034 0.2392 -0.9710
vn -0.0041 -0.2401 0.9707
vn -0.0076 0.4502 -0.8929
vn -0.0090 0.5234 -0.8520
vn -0.0043 0.5538 -0.8327
vn -0.0203 0.6593 -0.7516
vn -0.0111 0.6319 -0.7750
vn -0.0124 0.6934 -0.7204
vn -0.0072 -0.6943 0.7196
vn -0.0136 0.6825 -0.7307
vn 0.8149 -0.5794 0.0121
vn 0.2946 0.9555 -0.0167
vn 0.4034 0.9149 -0.0158
vn 0.5070 0.8618 -0.0145
vn 0.4034 0.9149 -0.0157
vn -0.0016 0.0183 0.9998
vn 0.5069 0.8619 -0.0145
vn 0.0795 -0.9967 0.0181
vn -0.2663 -0.9638 0.0169
s 0
f 5//1 1//1 2//1
f 1//2 3//2 2//2
f 1//3 7//3 3//3
f 4//4 6//4 1//4
f 4//5 1//5 5//5
f 6//6 7//6 1//6
f 6//7 8//7 7//7
f 9//8 7//8 8//8
f 3//9 7//9 9//9
f 9//10 10//10 16//10
f 11//11 10//11 9//11
f 11//12 9//13 14//12
f 15//14 12//14 9//14
f 14//15 9//15 12//15
f 9//8 8//8 13//8
f 17//16 9//16 13//16
f 9//17 16//17 3//17
f 15//14 9//14 17//14
f 4//18 5//18 17//18
f 19//19 4//19 17//19
f 17//20 5//20 18//20
f 17//21 18//21 15//21
f 17//22 22//22 19//22
f 17//23 13//23 20//23
f 20//22 21//22 17//22
f 17//24 21//24 22//24
f 22//25 23//25 24//25
f 21//26 23//26 22//26
f 22//27 24//27 19//27
f 23//28 25//28 24//28
f 24//29 8//29 6//29
f 19//30 24//30 6//30
f 24//31 25//31 8//31
f 13//32 8//32 25//32
f 13//33 25//33 26//33
f 26//34 25//34 27//34
f 23//35 27//35 25//35
f 26//36 27//36 28//36
f 28//37 27//37 29//37
f 30//38 29//38 27//38
f 30//39 27//39 23//39
f 31//40 30//40 21//40
f 31//41 32//41 30//41
f 32//42 29//42 30//42
f 21//43 30//43 23//43
f 33//44 32//44 31//44
f 33//45 34//45 32//45
f 34//46 35//46 32//46
f 32//47 35//47 29//47
f 39//48 35//48 36//48
f 35//34 37//34 36//34
f 34//49 37//49 35//49
f 38//32 35//32 39//32
f 38//50 29//50 35//50
f 40//51 38//51 39//51
f 40//52 39//52 41//52
f 41//53 39//53 42//53
f 39//54 36//54 42//54
f 45//55 42//55 43//55
f 48//56 43//56 42//56
f 42//57 44//57 57//57
f 36//58 44//58 42//58
f 47//59 42//59 45//59
f 42//60 46//60 48//60
f 42//61 55//61 46//61
f 47//62 49//62 42//62
f 49//18 50//18 42//18
f 50//63 51//63 42//63
f 42//64 51//64 52//64
f 42//62 52//62 53//62
f 54//65 42//65 53//65
f 41//63 42//63 54//63
f 56//61 55//61 42//61
f 42//66 57//66 56//66
f 58//67 57//67 59//67
f 58//68 56//68 57//68
f 59//69 57//69 44//69
f 59//70 60//70 58//70
f 59//71 61//71 60//71
f 63//72 61//72 59//72
f 44//73 62//73 59//73
f 59//74 62//74 63//74
f 64//75 67//75 63//75
f 65//76 64//76 63//76
f 65//77 63//77 66//77
f 66//78 63//78 62//78
f 63//79 67//79 61//79
f 60//80 67//80 68//80
f 67//81 69//81 68//81
f 64//82 69//82 67//82
f 61//83 67//83 60//83
f 68//84 69//84 70//84
f 70//85 69//85 64//85
f 68//86 70//86 71//86
f 71//87 70//87 72//87
f 73//88 72//88 70//88
f 73//89 70//89 64//89
f 74//90 73//90 64//90
f 76//91 73//91 74//91
f 75//92 72//92 73//92
f 76//93 75//93 73//93
f 76//94 77//95 80//94
f 76//96 78//96 77//96
f 74//97 78//97 76//97
f 76//98 80//98 79//98
f 79//99 75//99 76//99
f 68//100 80//100 77//100
f 71//101 80//101 68//101
f 71//102 81//102 80//102
f 79//103 80//103 81//103
f 82//104 81//104 71//104
f 81//105 82//105 83//105
f 79//106 81//106 83//106
f 83//107 87//107 84//107
f 84//108 85//108 83//108
f 83//109 85//109 86//109
f 83//110 86//110 79//110
f 83//111 82//111 87//111
f 88//112 87//112 82//112
f 88//113 89//113 87//113
f 84//114 87//114 89//114
f 84//115 89//115 90//115
f 91//116 90//116 89//116
f 91//117 89//117 88//117
f 92//118 90//118 91//118
f 94//119 92//119 91//119
f 91//120 93//120 96//120
f 88//121 93//121 91//121
f 94//122 91//122 95//122
f 91//123 96//123 95//123
f 96//124 93//124 86//124
f 96//125 85//125 95//125
f 86//126 85//126 96//126
f 95//92 97//92 94//92
f 95//127 85//127 97//127
f 84//128 97//128 85//128
f 100//129 97//129 84//129
f 98//130 97//130 99//130
f 94//131 97//131 98//131
f 100//132 99//132 97//132
f 100//133 101//133 102//133
f 100//114 90//114 101//114
f 84//134 90//134 100//134
f 102//135 99//135 100//135
f 102//136 103//136 106//136
f 102//137 101//137 103//137
f 102//133 106//133 104//133
f 104//138 105//138 102//138
f 102//139 105//139 99//139
f 107//140 108//140 106//140
f 106//141 103//141 107//141
f 104//142 106//142 108//142
f 107//143 109//143 108//143
f 109//144 110//144 108//144
f 104//145 108//145 110//145
f 112//146 110//146 111//146
f 109//147 111//147 110//147
f 104//97 110//97 112//97
f 112//148 113//148 115//148
f 116//149 113//149 112//149
f 112//115 111//115 114//115
f 112//145 114//145 116//145
f 112//150 115//150 104//150
f 116//151 114//151 119//151
f 116//98 119//98 117//98
f 117//152 118//152 116//152
f 118//153 120//153 116//153
f 116//154 120//154 113//154
f 122//92 120//92 121//92
f 118//155 121//155 120//155
f 122//156 113//156 120//156
f 124//157 113//157 122//157
f 122//158 123//158 128//158
f 122//159 125//159 123//159
f 124//160 122//160 126//160
f 121//161 125//161 122//161
f 126//162 122//162 127//162
f 130//163 127//163 122//163
f 122//164 128//164 129//164
f 122//165 129//165 130//165
f 130//166 131//166 136//166
f 130//167 133//167 131//167
f 130//168 132//168 135//168
f 130//169 129//169 132//169
f 135//170 133//170 130//170
f 134//171 127//171 130//171
f 136//172 134//172 130//172
f 137//173 136//173 138//173
f 137//174 139//174 136//174
f 138//175 136//175 131//175
f 139//176 134//176 136//176
f 139//177 140//177 142//178
f 141//179 140//179 139//179
f 141//180 139//180 137//180
f 142//181 143//181 139//181
f 139//182 143//182 134//182
f 145//183 143//183 142//183
f 144//184 143//184 145//184
f 144//185 134//185 143//185
f 145//186 142//186 147//186
f 146//175 145//175 147//175
f 146//37 148//37 145//37
f 145//187 148//187 144//187
f 148//115 151//115 144//115
f 148//97 158//97 149//97
f 149//115 150//115 148//115
f 150//188 152//188 148//188
f 148//115 156//115 151//115
f 148//189 152//189 153//189
f 148//190 153//190 154//190
f 154//191 155//191 148//191
f 148//192 155//192 156//192
f 46//175 148//175 146//175
f 46//193 157//193 148//193
f 148//191 157//191 158//191
f 158//194 159//194 149//194
f 158//195 160//195 159//195
f 157//48 160//48 158//48
f 36//89 160//89 161//89
f 36//196 159//196 160//196
f 157//197 161//197 160//197
f 161//157 162//157 36//157
f 163//198 162//198 161//198
f 163//199 161//199 157//199
f 164//200 162//200 163//200
f 164//201 163//201 46//201
f 46//106 163//106 157//106
f 164//202 165//202 162//202
f 166//203 165//203 164//203
f 46//204 166//204 164//204
f 166//205 167//205 165//205
f 168//206 167//206 166//206
f 46//145 168//145 166//145
f 168//207 170//207 167//207
f 169//208 170//208 168//208
f 169//209 168//209 46//209
f 167//210 170//210 36//210
f 170//211 171//211 36//211
f 169//212 171//212 170//212
f 36//213 171//213 172//213
f 173//214 172//214 171//214
f 173//215 171//215 169//215
f 173//216 46//216 174//216
f 173//217 169//217 46//217
f 174//218 172//218 173//218
f 46//111 176//111 174//111
f 174//219 175//219 172//219
f 176//220 175//220 174//220
f 46//221 177//221 176//221
f 177//222 178//222 176//222
f 176//223 178//223 175//223
f 44//224 178//224 179//224
f 177//225 179//225 178//225
f 44//226 175//226 178//226
f 179//227 180//227 44//227
f 181//228 180//228 179//228
f 181//229 179//229 177//229
f 182//230 180//230 181//230
f 55//193 181//193 177//193
f 182//114 181//114 55//114
f 55//115 66//115 182//115
f 66//231 62//231 182//231
f 182//232 62//232 180//232
f 44//88 180//88 62//88
f 55//136 177//136 46//136
f 36//233 175//233 44//233
f 36//125 172//125 175//125
f 36//131 165//131 167//131
f 36//234 162//234 165//234
f 128//157 159//157 36//157
f 128//126 183//126 159//126
f 149//235 159//235 183//235
f 150//236 183//236 184//236
f 184//85 183//85 128//85
f 149//237 183//237 150//237
f 152//238 184//238 185//238
f 128//210 185//210 184//210
f 150//239 184//239 152//239
f 152//240 185//240 153//240
f 153//241 185//241 186//241
f 128//161 186//161 185//161
f 187//210 186//210 128//210
f 154//242 186//242 187//242
f 153//243 186//243 154//243
f 128//85 188//85 187//85
f 155//244 187//244 188//244
f 154//245 187//245 155//245
f 128//246 189//246 188//246
f 156//247 188//247 189//247
f 155//248 188//248 156//248
f 190//249 189//249 128//249
f 151//250 189//250 190//250
f 156//251 189//251 151//251
f 191//252 190//252 123//252
f 128//253 123//253 190//253
f 151//254 190//254 191//254
f 144//255 191//255 192//255
f 191//256 123//256 192//256
f 144//257 151//257 191//257
f 192//258 123//258 125//258
f 192//259 125//259 193//259
f 192//260 193//260 144//260
f 193//261 125//261 121//261
f 193//262 121//262 118//262
f 144//190 193//190 118//190
f 147//263 142//263 194//263
f 147//264 194//264 195//264
f 146//174 147//174 195//174
f 196//195 195//195 198//195
f 199//265 195//265 196//265
f 195//266 194//266 197//266
f 199//267 146//267 195//267
f 195//266 197//266 198//266
f 204//268 199//268 200//268
f 201//269 200//269 199//269
f 201//270 199//270 202//270
f 202//271 199//271 196//271
f 203//48 146//48 199//48
f 203//272 199//272 204//272
f 205//273 203//273 204//273
f 205//274 204//274 206//274
f 204//275 200//275 207//275
f 206//276 204//276 207//276
f 208//277 207//277 209//277
f 206//278 207//278 208//278
f 207//279 210//279 209//279
f 207//275 200//275 210//275
f 209//32 210//32 211//32
f 212//280 211//280 210//280
f 212//281 210//281 213//281
f 213//282 210//282 200//282
f 214//283 212//283 213//283
f 213//284 200//284 201//284
f 43//285 213//285 201//285
f 214//286 213//286 43//286
f 215//287 212//287 214//287
f 206//288 215//288 214//288
f 205//289 214//289 43//289
f 206//290 214//290 205//290
f 215//291 216//291 212//291
f 217//292 216//292 215//292
f 208//293 217//293 215//293
f 208//294 215//294 206//294
f 217//295 220//295 216//295
f 219//56 218//56 217//56
f 218//296 220//296 217//296
f 219//65 217//65 208//65
f 218//297 221//297 220//297
f 221//298 222//298 220//298
f 220//299 222//299 223//299
f 220//300 223//300 216//300
f 224//301 223//301 222//301
f 216//302 223//302 211//302
f 209//32 211//32 223//32
f 209//32 223//32 224//32
f 219//303 209//303 224//303
f 219//304 224//304 226//304
f 224//305 222//305 225//305
f 228//306 224//306 225//306
f 226//307 224//307 227//307
f 224//308 231//308 227//308
f 228//305 229//305 224//305
f 229//36 230//36 224//36
f 224//309 230//309 231//309
f 233//310 232//310 231//310
f 231//311 232//311 227//311
f 233//312 231//312 234//312
f 234//313 231//313 230//313
f 237//314 233//314 234//314
f 234//315 230//315 235//315
f 236//316 234//316 235//316
f 237//317 234//317 236//317
f 226//318 238//318 237//318
f 236//319 226//319 237//319
f 238//43 233//43 237//43
f 226//320 239//320 238//320
f 239//321 240//321 238//321
f 238//322 240//322 233//322
f 240//323 232//323 233//323
f 240//324 242//324 232//324
f 241//325 242//325 240//325
f 239//326 241//326 240//326
f 227//34 232//34 242//34
f 241//327 243//327 242//327
f 227//328 242//328 243//328
f 245//329 244//329 243//329
f 244//330 227//330 243//330
f 245//331 243//331 241//331
f 246//332 244//332 245//332
f 247//333 246//333 245//333
f 247//334 245//334 248//334
f 248//335 245//335 241//335
f 247//336 248//336 249//336
f 248//337 241//337 239//337
f 249//338 248//338 239//338
f 249//63 239//63 226//63
f 226//307 227//307 249//307
f 249//339 227//339 250//339
f 249//340 250//340 251//340
f 251//341 253//341 249//341
f 249//342 254//342 252//342
f 252//343 247//343 249//343
f 249//344 253//344 254//344
f 254//345 256//345 252//345
f 253//346 255//346 254//346
f 254//346 255//346 256//346
f 252//347 256//347 246//347
f 256//348 257//348 258//348
f 255//349 257//349 256//349
f 256//350 258//350 246//350
f 258//37 250//37 227//37
f 257//351 250//351 258//351
f 246//352 258//352 244//352
f 258//353 227//353 244//353
f 257//265 259//265 250//265
f 255//354 259//354 257//354
f 250//355 259//355 260//355
f 261//356 260//356 259//356
f 261//357 259//357 255//357
f 263//358 260//358 261//358
f 262//359 261//359 253//359
f 262//360 263//360 261//360
f 253//361 261//361 255//361
f 263//362 264//362 260//362
f 265//363 264//363 263//363
f 266//364 263//364 262//364
f 266//365 265//365 263//365
f 266//366 262//366 251//366
f 266//367 251//367 267//367
f 267//368 265//368 266//368
f 267//63 251//63 268//63
f 267//369 268//369 269//369
f 269//370 270//370 267//370
f 267//371 270//371 265//371
f 271//372 272//372 270//372
f 269//373 271//373 270//373
f 270//374 272//374 273//374
f 270//375 273//375 265//375
f 273//305 274//305 276//305
f 272//32 274//32 273//32
f 265//376 273//376 264//376
f 275//377 264//377 273//377
f 273//275 276//275 275//275
f 277//378 275//378 276//378
f 277//379 276//379 278//379
f 278//380 276//380 274//380
f 269//56 277//56 278//56
f 278//381 274//381 279//381
f 280//382 278//382 279//382
f 269//320 278//320 280//320
f 279//56 281//56 280//56
f 280//63 281//63 282//63
f 280//383 271//383 269//383
f 280//294 282//294 283//294
f 283//384 284//384 280//384
f 280//385 284//385 271//385
f 284//386 285//386 271//386
f 283//387 287//387 284//387
f 284//388 286//388 285//388
f 287//389 286//389 284//389
f 288//390 289//390 287//390
f 290//391 288//391 287//391
f 290//392 287//392 283//392
f 287//393 289//393 286//393
f 293//394 288//394 290//394
f 283//395 291//395 290//395
f 290//396 291//396 292//396
f 290//18 292//18 293//18
f 293//397 295//397 288//397
f 293//398 292//398 294//398
f 294//399 295//399 293//399
f 294//400 296//400 295//400
f 296//401 297//401 295//401
f 295//402 297//402 298//402
f 295//403 298//403 288//403
f 299//404 298//404 297//404
f 288//405 298//405 289//405
f 299//406 289//406 298//406
f 299//407 300//407 301//407
f 305//408 300//408 299//408
f 299//407 301//407 304//407
f 286//175 289//175 299//175
f 299//409 302//409 305//409
f 299//410 303//410 302//410
f 299//411 304//411 285//411
f 285//412 286//412 299//412
f 297//195 303//195 299//195
f 305//413 309//413 300//413
f 302//414 308//414 305//414
f 306//415 309//415 305//415
f 305//416 307//416 306//416
f 305//417 308//417 307//417
f 309//418 310//418 300//418
f 309//419 312//419 310//419
f 306//420 311//420 309//420
f 311//421 312//421 309//421
f 311//422 313//422 312//422
f 313//423 314//423 312//423
f 312//306 314//306 315//306
f 312//424 315//424 310//424
f 310//425 315//425 318//425
f 315//426 316//426 317//426
f 314//427 316//427 315//427
f 315//428 317//428 318//428
f 321//305 318//305 319//305
f 318//48 320//48 319//48
f 318//429 322//429 320//429
f 310//32 318//32 321//32
f 318//430 317//430 322//430
f 317//56 323//56 322//56
f 322//56 323//56 324//56
f 322//396 324//396 325//396
f 320//429 322//429 325//429
f 325//396 324//396 326//396
f 325//62 326//62 327//62
f 328//431 325//431 327//431
f 320//432 325//432 328//432
f 328//433 327//433 329//433
f 329//434 330//434 328//434
f 328//435 330//435 331//435
f 328//436 331//436 332//436
f 333//265 328//265 332//265
f 333//174 320//174 328//174
f 334//437 333//437 332//437
f 335//438 333//438 334//438
f 335//439 319//439 333//439
f 319//268 320//268 333//268
f 334//440 336//440 335//440
f 336//441 337//441 335//441
f 337//442 321//442 335//442
f 321//443 319//443 335//443
f 337//444 338//444 321//444
f 336//445 338//445 337//445
f 339//446 344//446 338//446
f 339//447 338//447 336//447
f 338//448 345//448 340//448
f 340//449 341//449 338//449
f 338//450 341//450 342//450
f 338//451 342//451 343//451
f 343//452 346//452 338//452
f 338//453 344//453 345//453
f 301//454 338//454 346//454
f 301//455 321//455 338//455
f 301//456 346//456 347//456
f 347//457 346//457 348//457
f 343//446 348//446 346//446
f 348//449 349//449 350//449
f 354//458 349//458 348//458
f 350//458 351//458 348//458
f 348//458 351//458 352//458
f 348//459 352//459 353//459
f 348//460 353//460 347//460
f 354//461 348//461 343//461
f 354//462 355//462 349//462
f 354//463 356//463 355//463
f 343//464 356//464 354//464
f 330//465 355//465 356//465
f 343//466 357//466 356//466
f 330//434 356//434 357//434
f 357//467 358//467 330//467
f 342//468 358//468 357//468
f 342//469 357//469 343//469
f 341//470 359//470 358//470
f 358//471 359//471 330//471
f 341//472 358//472 342//472
f 330//473 359//473 360//473
f 340//474 360//474 359//474
f 340//475 359//475 341//475
f 361//476 360//476 362//476
f 330//434 360//434 361//434
f 345//477 362//477 360//477
f 345//478 360//478 340//478
f 344//479 363//479 362//479
f 361//480 362//480 363//480
f 344//481 362//481 345//481
f 363//482 364//482 361//482
f 365//483 364//483 363//483
f 365//484 363//484 344//484
f 339//485 365//485 344//485
f 366//486 365//486 339//486
f 366//487 364//487 365//487
f 339//488 367//488 366//488
f 367//489 368//489 366//489
f 366//490 368//490 364//490
f 361//436 368//436 369//436
f 361//491 364//491 368//491
f 369//492 368//492 370//492
f 367//493 370//493 368//493
f 369//436 370//436 371//436
f 371//494 370//494 372//494
f 373//495 372//495 370//495
f 373//496 370//496 367//496
f 339//497 373//497 367//497
f 374//458 373//458 339//458
f 374//498 375//498 373//498
f 375//499 372//499 373//499
f 375//500 376//500 372//500
f 378//501 376//501 375//501
f 377//502 375//502 374//502
f 377//503 378//503 375//503
f 379//504 381//504 378//504
f 379//505 378//505 377//505
f 378//506 380//506 376//506
f 381//507 380//507 378//507
f 379//508 382//508 381//508
f 382//509 383//509 381//509
f 381//509 383//509 380//509
f 385//510 380//510 383//510
f 382//511 384//511 383//511
f 386//512 383//512 384//512
f 385//434 383//434 386//434
f 387//513 386//513 388//513
f 387//514 385//514 386//514
f 388//515 386//515 389//515
f 386//435 384//435 389//435
f 388//516 389//516 390//516
f 390//517 389//517 391//517
f 389//518 392//518 391//518
f 389//519 384//519 392//519
f 391//520 392//520 396//520
f 392//436 393//436 395//436
f 394//521 393//521 392//521
f 397//522 394//522 392//522
f 392//523 395//523 396//523
f 398//524 392//524 384//524
f 397//525 392//525 398//525
f 400//498 397//498 398//498
f 399//526 398//526 382//526
f 400//451 398//451 399//451
f 398//527 384//527 382//527
f 399//528 388//528 400//528
f 400//529 388//529 390//529
f 400//530 390//530 401//530
f 401//458 397//458 400//458
f 401//531 390//531 402//531
f 401//532 402//532 403//532
f 403//498 404//498 401//498
f 401//498 404//498 397//498
f 403//533 406//533 404//533
f 404//534 394//534 397//534
f 404//535 405//535 394//535
f 406//536 405//536 404//536
f 409//505 406//505 403//505
f 406//537 407//537 405//537
f 408//538 407//538 406//538
f 409//449 408//449 406//449
f 403//539 411//539 409//539
f 409//540 412//540 410//540
f 410//541 408//541 409//541
f 409//542 411//542 412//542
f 413//543 410//543 412//543
f 413//543 412//543 414//543
f 415//544 414//544 412//544
f 412//545 416//545 415//545
f 411//546 395//546 412//546
f 395//547 393//547 412//547
f 412//548 393//548 416//548
f 416//549 417//549 418//549
f 393//550 417//550 416//550
f 416//551 418//551 415//551
f 423//552 418//552 419//552
f 419//553 418//553 424//553
f 424//554 418//554 420//554
f 418//555 417//555 420//555
f 415//556 418//556 421//556
f 422//557 421//557 418//557
f 422//558 418//558 423//558
f 428//98 425//98 424//98
f 425//559 427//559 424//559
f 424//560 426//560 419//560
f 424//561 427//561 426//561
f 424//98 420//98 428//98
f 429//562 430//562 428//562
f 431//563 429//563 428//563
f 431//564 428//564 420//564
f 428//565 430//565 425//565
f 432//566 429//566 431//566
f 433//48 432//48 431//48
f 433//32 431//32 434//32
f 434//50 431//50 435//50
f 420//567 435//567 431//567
f 434//568 435//568 436//568
f 420//569 417//569 435//569
f 436//570 435//570 417//570
f 438//571 436//571 437//571
f 436//572 417//572 437//572
f 438//573 434//573 436//573
f 438//18 439//18 441//18
f 327//396 439//396 438//396
f 438//574 440//574 327//574
f 437//575 440//575 438//575
f 442//576 434//576 438//576
f 438//577 441//577 442//577
f 442//578 433//578 434//578
f 442//65 441//65 443//65
f 442//65 443//65 444//65
f 444//579 433//579 442//579
f 444//56 443//56 445//56
f 444//580 445//580 446//580
f 446//581 447//581 444//581
f 444//582 447//582 433//582
f 447//180 432//180 433//180
f 432//458 447//458 448//458
f 448//498 447//498 449//498
f 446//583 449//583 447//583
f 449//498 455//498 448//498
f 456//584 450//584 449//584
f 450//585 451//585 449//585
f 449//586 451//586 452//586
f 449//498 452//498 453//498
f 453//587 454//587 449//587
f 449//498 454//498 455//498
f 456//588 449//588 446//588
f 456//293 457//293 458//293
f 446//589 457//589 456//589
f 456//18 458//18 459//18
f 459//590 460//590 456//590
f 456//591 460//591 461//591
f 461//592 450//592 456//592
f 462//593 450//593 461//593
f 462//594 461//594 463//594
f 463//595 461//595 460//595
f 463//36 460//36 464//36
f 464//596 462//596 463//596
f 464//597 460//597 467//597
f 464//598 465//598 462//598
f 466//599 465//599 464//599
f 467//17 466//17 464//17
f 459//600 467//600 460//600
f 459//601 469//601 467//601
f 467//602 468//602 466//602
f 469//377 468//377 467//377
f 471//603 470//603 469//603
f 470//604 472//604 469//604
f 471//605 469//605 459//605
f 469//377 472//377 468//377
f 473//606 472//606 474//606
f 473//607 468//607 472//607
f 474//608 472//608 475//608
f 470//377 475//377 472//377
f 474//609 475//609 476//609
f 476//610 475//610 477//610
f 477//570 475//570 470//570
f 480//611 478//611 477//611
f 479//612 477//612 478//612
f 476//613 477//613 479//613
f 480//614 477//614 470//614
f 483//615 481//615 480//615
f 481//32 478//32 480//32
f 482//616 480//616 470//616
f 483//617 480//617 482//617
f 482//341 484//341 483//341
f 483//65 484//65 485//65
f 483//618 485//618 486//618
f 486//619 481//619 483//619
f 486//62 485//62 487//62
f 486//62 487//62 488//62
f 488//620 489//620 486//620
f 486//621 489//621 481//621
f 489//377 490//377 481//377
f 489//272 493//272 490//272
f 488//622 491//622 489//622
f 491//623 492//623 489//623
f 492//9 493//9 489//9
f 492//624 494//624 493//624
f 495//625 493//625 494//625
f 490//626 493//626 495//626
f 498//627 496//627 495//627
f 496//628 497//628 495//628
f 478//629 495//629 497//629
f 490//630 495//630 478//630
f 495//631 494//631 498//631
f 499//632 500//632 498//632
f 498//633 494//633 499//633
f 498//632 500//632 496//632
f 499//634 501//634 500//634
f 500//635 501//635 502//635
f 500//636 502//636 503//636
f 503//85 504//85 500//85
f 500//88 504//88 505//88
f 500//157 505//157 506//157
f 506//637 496//637 500//637
f 506//638 507//638 496//638
f 508//639 507//639 506//639
f 506//210 509//210 508//210
f 506//157 505//157 509//157
f 505//640 511//640 509//640
f 509//641 512//641 510//641
f 508//157 509//157 510//157
f 509//642 511//642 512//642
f 513//643 512//643 511//643
f 515//98 512//98 513//98
f 510//644 512//644 514//644
f 515//645 514//645 512//645
f 513//646 507//646 515//646
f 515//647 507//647 516//647
f 515//648 516//648 517//648
f 517//193 514//193 515//193
f 517//649 518//649 519//649
f 517//650 516//650 518//650
f 519//152 520//152 517//152
f 517//651 520//651 514//651
f 523//652 520//652 521//652
f 519//136 521//136 520//136
f 522//653 514//653 520//653
f 522//654 520//654 523//654
f 525//210 522//210 523//210
f 524//655 523//655 526//655
f 525//656 523//656 524//656
f 523//657 521//657 526//657
f 526//74 528//74 527//74
f 524//658 526//658 527//658
f 526//659 529//659 528//659
f 526//660 521//660 529//660
f 530//661 529//661 521//661
f 531//152 529//152 530//152
f 531//662 532//662 529//662
f 528//663 529//663 532//663
f 534//664 532//664 533//664
f 533//115 532//115 531//115
f 528//665 532//665 534//665
f 536//666 534//666 535//666
f 534//210 538//210 535//210
f 527//636 534//636 536//636
f 527//92 528//92 534//92
f 534//157 537//157 538//157
f 539//667 537//667 534//667
f 534//668 533//668 539//668
f 539//669 541//669 540//669
f 540//670 537//670 539//670
f 539//671 533//671 541//671
f 542//672 541//672 533//672
f 543//133 541//133 542//133
f 544//673 541//673 543//673
f 544//115 545//115 541//115
f 540//674 541//674 545//674
f 547//675 545//675 544//675
f 548//676 545//676 546//676
f 547//260 546//260 545//260
f 540//677 545//677 548//677
f 540//678 548//678 537//678
f 548//679 549//679 537//679
f 548//680 546//680 549//680
f 549//681 551//681 550//681
f 537//92 549//92 550//92
f 549//682 546//682 551//682
f 550//683 551//683 552//683
f 552//684 551//684 553//684
f 553//255 551//255 546//255
f 554//115 552//115 553//115
f 554//685 553//685 555//685
f 555//686 553//686 556//686
f 547//687 556//687 553//687
f 553//193 546//193 547//193
f 557//688 556//688 558//688
f 555//689 556//689 557//689
f 556//690 560//690 558//690
f 538//691 537//691 556//691
f 538//692 556//692 559//692
f 547//687 559//687 556//687
f 556//693 537//693 560//693
f 560//694 561//694 558//694
f 560//695 537//695 561//695
f 562//696 564//696 561//696
f 562//697 561//697 563//697
f 561//698 566//698 558//698
f 563//697 561//697 537//697
f 564//699 565//700 561//699
f 561//701 565//701 566//701
f 566//702 557//703 558//702
f 566//704 555//704 557//704
f 565//705 568//705 566//705
f 566//706 569//706 567//706
f 567//707 555//707 566//707
f 566//708 568//708 569//708
f 568//48 570//48 569//48
f 571//709 569//709 570//709
f 567//710 569//710 571//710
f 571//32 572//32 574//32
f 570//32 572//32 571//32
f 573//711 571//711 575//711
f 567//712 571//712 573//712
f 571//570 574//570 575//570
f 479//713 575//713 576//713
f 576//353 575//353 577//353
f 575//714 578//714 577//714
f 575//715 574//715 578//715
f 573//716 575//716 479//716
f 579//717 577//717 578//717
f 579//718 578//718 580//718
f 580//719 578//719 574//719
f 582//720 579//720 580//720
f 580//721 574//721 581//721
f 583//722 580//722 581//722
f 582//723 580//723 583//724
f 582//725 583//725 585//725
f 584//726 586//726 583//726
f 583//727 581//727 584//727
f 583//56 587//56 585//56
f 583//577 586//577 587//577
f 587//728 588//728 570//728
f 586//729 588//729 587//729
f 587//730 570//730 585//730
f 588//32 572//32 570//32
f 588//11 589//11 572//11
f 590//570 589//570 588//570
f 586//731 590//731 588//731
f 590//301 592//301 589//301
f 591//48 592//48 590//48
f 593//732 591//732 590//732
f 593//733 590//733 586//733
f 595//734 594//734 593//734
f 594//735 591//735 593//735
f 584//65 593//65 586//65
f 595//62 593//62 584//56
f 595//736 596//736 597//736
f 584//737 596//737 595//737
f 595//738 597//738 598//738
f 598//739 594//739 595//739
f 598//740 597//740 599//740
f 598//741 599//741 600//741
f 600//742 601//742 598//742
f 598//63 601//63 594//63
f 601//743 602//743 604//743
f 607//744 602//744 601//744
f 603//589 605//589 601//589
f 608//24 603//24 601//24
f 601//743 604//743 594//743
f 601//745 605//745 606//745
f 601//18 606//18 607//18
f 608//746 601//746 600//746
f 608//747 609//747 603//747
f 608//748 610//748 609//748
f 600//749 610//749 608//749
f 600//750 599//750 610//750
f 599//751 611//751 610//751
f 610//752 611//752 612//752
f 610//753 612//753 609//753
f 609//754 612//754 613//754
f 602//755 613//755 612//755
f 602//756 612//756 604//756
f 604//34 612//34 611//34
f 609//757 613//757 614//757
f 614//758 613//758 615//758
f 615//759 613//759 602//759
f 614//760 615//760 617//760
f 602//761 616//761 615//761
f 617//762 615//762 616//762
f 617//763 616//763 618//763
f 606//764 617//764 618//764
f 605//765 614//765 617//765
f 605//766 617//766 606//766
f 619//767 618//767 621//767
f 606//768 618//768 619//768
f 618//769 620//769 621//769
f 618//770 616//770 620//770
f 619//771 621//771 624//771
f 621//772 620//772 623//772
f 621//773 623//773 622//773
f 624//373 621//373 622//373
f 624//774 622//774 625//774
f 607//64 624//64 625//64
f 607//775 619//775 624//775
f 625//776 627//776 626//776
f 625//726 626//726 607//726
f 625//777 622//777 627//777
f 626//778 627//778 630//778
f 627//362 628//362 630//362
f 627//779 629//779 628//779
f 622//780 629//780 627//780
f 626//781 630//781 631//781
f 630//782 628//782 633//782
f 631//783 630//783 632//783
f 630//784 633//784 632//784
f 632//356 633//356 634//356
f 633//173 635//173 634//173
f 633//785 628//785 635//785
f 634//570 635//570 636//570
f 637//786 636//786 635//786
f 637//786 635//786 607//786
f 607//787 635//787 602//787
f 635//11 629//11 602//11
f 635//788 628//788 629//788
f 637//293 642//293 638//293
f 638//789 636//789 637//789
f 607//396 631//396 637//396
f 637//790 631//790 639//790
f 637//791 639//791 640//791
f 640//64 641//64 637//64
f 637//62 641//62 642//62
f 642//19 643//19 638//19
f 641//792 644//792 642//792
f 642//793 645//793 643//793
f 642//794 644//794 645//794
f 643//795 645//795 646//795
f 644//796 647//796 645//796
f 645//797 648//797 646//797
f 645//798 647//798 648//798
f 646//799 648//799 649//799
f 636//800 649//800 648//800
f 636//424 648//424 647//424
f 650//48 649//48 636//48
f 650//17 651//17 649//17
f 652//801 649//801 651//801
f 646//802 649//802 652//802
f 653//321 652//321 654//321
f 653//803 646//803 652//803
f 654//804 652//804 655//804
f 652//805 651//805 655//805
f 655//806 656//806 658//806
f 655//807 651//807 656//807
f 654//808 655//808 657//808
f 657//809 655//809 658//809
f 658//810 659//810 661//810
f 658//811 656//811 659//811
f 660//812 658//812 661//812
f 657//813 658//813 660//813
f 661//814 663//814 662//814
f 664//815 661//815 662//815
f 661//816 659//816 663//816
f 660//817 661//817 664//817
f 664//64 665//64 667//64
f 666//56 665//56 664//56
f 664//818 667//818 660//818
f 664//819 662//819 666//819
f 665//820 670//820 667//820
f 667//821 669//821 660//821
f 667//822 668//822 669//822
f 667//823 670//823 668//823
f 671//56 668//56 670//56
f 671//824 670//824 672//824
f 672//395 670//395 673//395
f 665//825 673//825 670//825
f 672//826 673//826 674//826
f 674//294 673//294 675//294
f 676//827 675//827 673//827
f 676//828 673//828 665//828
f 676//577 677//577 678//577
f 681//341 677//341 676//341
f 676//18 678//18 679//18
f 680//294 676//294 665//294
f 679//829 675//829 676//829
f 681//382 676//382 680//382
f 681//830 682//830 677//830
f 681//831 683//831 682//831
f 680//832 683//832 681//832
f 680//833 684//833 683//833
f 684//834 685//834 683//834
f 683//835 685//835 686//835
f 683//298 686//298 682//298
f 682//836 686//836 687//836
f 688//305 687//305 686//305
f 688//837 686//837 685//837
f 688//838 689//838 692//838
f 576//839 689//839 688//839
f 474//840 688//840 690//840
f 476//841 688//841 474//841
f 690//755 688//755 685//755
f 691//842 687//842 688//842
f 476//843 576//843 688//843
f 688//844 692//844 691//844
f 693//845 691//845 692//845
f 693//846 692//846 694//846
f 694//847 692//847 689//847
f 696//848 693//848 694//848
f 694//849 689//849 695//849
f 697//850 694//850 695//850
f 696//851 694//851 697//851
f 697//852 695//852 698//852
f 679//853 696//853 697//853
f 697//854 698//854 679//854
f 698//855 695//855 699//855
f 698//856 699//856 700//856
f 679//857 698//857 700//857
f 700//858 699//858 701//858
f 700//859 701//859 702//859
f 700//395 702//395 703//395
f 679//580 700//580 703//580
f 703//860 704//860 679//860
f 703//861 707//861 704//861
f 703//862 702//862 705//862
f 703//369 705//369 706//369
f 706//863 707//863 703//863
f 708//56 704//56 707//56
f 708//396 707//396 709//396
f 709//56 707//56 710//56
f 706//864 710//864 707//864
f 709//865 710//865 711//865
f 711//64 710//64 712//64
f 713//866 712//866 710//866
f 713//867 710//867 706//867
f 714//734 713//734 706//734
f 714//868 715//868 713//868
f 715//869 712//869 713//869
f 716//870 718//870 715//870
f 717//871 716//871 715//871
f 582//56 715//56 714//56
f 582//65 717//65 715//65
f 715//870 718//870 712//870
f 721//64 712//64 718//64
f 716//872 719//872 718//872
f 720//64 718//64 719//64
f 721//873 718//873 720//873
f 721//874 722//874 723//874
f 720//875 722//875 721//875
f 721//876 723//876 711//876
f 711//877 712//877 721//877
f 722//878 724//878 723//878
f 723//879 724//879 725//879
f 723//880 725//880 726//880
f 711//881 723//881 726//881
f 709//882 726//882 727//882
f 711//883 726//883 709//883
f 726//884 725//884 728//884
f 726//885 728//885 727//885
f 731//602 728//602 725//602
f 727//886 728//886 729//886
f 730//887 729//887 728//887
f 730//377 728//377 731//377
f 732//888 733//888 731//888
f 731//175 725//175 732//175
f 731//889 733//889 734//889
f 731//168 734//168 730//168
f 735//63 734//63 733//63
f 737//742 734//742 735//742
f 730//168 734//168 736//168
f 737//871 736//871 734//871
f 737//890 738//890 739//890
f 735//891 738//891 737//891
f 737//892 739//892 740//892
f 740//293 736//293 737//293
f 740//893 741//893 491//893
f 563//894 741//894 740//894
f 740//895 491//895 488//895
f 740//896 739//896 562//896
f 740//897 562//897 563//897
f 488//56 742//56 740//56
f 740//898 742//898 736//898
f 743//899 742//899 487//899
f 488//396 487//396 742//396
f 744//900 742//900 743//900
f 744//866 736//866 742//866
f 743//48 745//48 744//48
f 745//8 752//8 744//8
f 730//901 736//901 744//901
f 744//48 729//48 730//48
f 744//404 751//404 729//404
f 744//887 753//887 746//887
f 746//902 747//902 744//902
f 744//8 747//8 748//8
f 744//8 748//8 749//8
f 749//604 750//604 744//604
f 744//903 750//903 751//903
f 744//904 752//905 753//904
f 755//906 753//906 752//906
f 754//907 753//907 755//907
f 754//908 746//908 753//908
f 756//909 755//909 757//909
f 756//89 754//89 755//89
f 757//910 755//910 758//910
f 755//911 752//911 758//911
f 757//912 758//912 760//912
f 758//913 759//913 761//913
f 758//914 752//914 759//914
f 760//915 758//915 761//915
f 761//916 764//916 762//916
f 763//917 761//917 762//917
f 761//918 759//918 764//918
f 760//919 761//919 763//919
f 764//377 759//377 745//377
f 745//902 765//902 764//902
f 762//920 764//920 765//920
f 745//921 766//921 765//921
f 767//922 765//922 766//922
f 762//923 765//923 767//923
f 770//924 762//924 767//924
f 768//925 767//925 769//925
f 770//926 767//926 768//926
f 767//927 766//927 769//927
f 771//928 770//928 768//928
f 771//873 763//873 770//873
f 763//929 762//929 770//929
f 768//294 772//294 771//294
f 771//930 772//930 773//930
f 773//931 774//931 771//931
f 777//932 771//932 774//932
f 776//157 775//157 771//157
f 775//933 763//933 771//933
f 776//932 771//932 777//932
f 778//32 781//32 777//32
f 777//934 779//934 778//934
f 777//935 774//935 779//935
f 777//936 780//936 776//936
f 777//48 781//48 780//48
f 782//937 780//937 781//937
f 782//938 781//938 783//938
f 783//939 781//939 778//939
f 783//940 778//940 784//940
f 786//941 783//941 784//941
f 785//942 783//942 786//942
f 785//943 782//943 783//943
f 786//944 784//944 787//944
f 786//945 789//945 785//945
f 787//946 788//946 786//946
f 786//56 788//56 789//56
f 789//946 790//946 785//946
f 792//947 789//947 788//947
f 791//948 790//948 789//948
f 791//947 789//947 792//947
f 792//949 788//949 793//949
f 793//377 795//377 792//377
f 792//272 794//272 791//272
f 792//950 795//950 794//950
f 796//951 794//951 795//951
f 796//952 795//952 797//952
f 797//953 795//953 798//953
f 793//32 798//32 795//32
f 797//954 798//954 799//954
f 799//955 798//955 800//955
f 800//956 798//956 793//956
f 799//957 800//957 801//957
f 801//958 800//958 802//958
f 800//411 793//411 802//411
f 801//959 802//960 803//959
f 803//961 802//961 804//961
f 802//377 793//377 804//377
f 803//962 804//962 805//962
f 805//963 804//963 806//963
f 793//964 806//964 804//964
f 805//965 806//965 807//965
f 807//966 806//966 808//966
f 793//967 808//968 806//968
f 807//969 808//969 809//969
f 809//970 808//970 810//970
f 811//971 810//971 808//971
f 811//174 808//174 793//174
f 812//305 810//305 811//305
f 811//972 813//972 812//972
f 811//973 814//973 813//973
f 793//974 814//974 811//974
f 813//290 814//290 787//290
f 793//975 788//975 814//975
f 787//382 814//382 788//382
f 812//976 813//976 815//976
f 787//290 815//290 813//290
f 812//977 815//977 816//977
f 816//978 815//978 817//978
f 787//979 817//979 815//979
f 816//980 817//980 818//980
f 818//981 817//981 819//981
f 819//982 817//982 787//983
f 820//984 819//984 821//984
f 818//984 819//984 820//984
f 821//985 819//985 825//985
f 819//62 822//62 823//62
f 787//986 822//986 819//986
f 819//987 823//987 824//987
f 825//55 819//55 824//55
f 825//988 826//988 827//988
f 828//989 826//989 825//989
f 825//990 824//990 828//990
f 825//991 827//991 833//991
f 829//992 825//992 832//992
f 829//993 830//993 825//993
f 825//395 830//395 831//395
f 825//994 831//994 821//994
f 832//995 825//995 833//995
f 833//996 835//996 834//996
f 832//997 833//997 834//997
f 833//998 827//998 835//998
f 834//999 835//999 836//999
f 827//1000 837//1000 835//1000
f 835//1001 838//1001 836//1001
f 835//1002 837//1002 838//1002
f 840//1003 838//1003 837//1003
f 839//964 841//964 838//964
f 839//8 838//8 840//8
f 836//1004 838//1004 841//1004
f 839//1005 842//1005 841//1005
f 843//1006 841//1006 842//1006
f 836//1007 841//1007 843//1007
f 844//1008 843//1008 846//1008
f 844//1009 836//1009 843//1009
f 843//1010 842//1010 845//1010
f 846//1011 843//1011 845//1011
f 844//862 846//862 832//862
f 832//1012 846//1012 847//1012
f 846//1013 845//1013 847//1013
f 832//63 847//63 848//63
f 848//1014 847//1014 849//1014
f 847//1015 850//1015 849//1015
f 847//1016 845//1016 850//1016
f 849//1017 850//1017 853//1017
f 850//1018 851//1018 853//1018
f 850//1019 852//1019 851//1019
f 845//1020 852//1020 850//1020
f 849//1021 853//1021 855//1021
f 853//1022 856//1022 854//1022
f 855//1023 853//1023 854//1023
f 853//1024 851//1024 856//1024
f 851//838 857//838 856//838
f 857//50 858//50 856//50
f 854//1025 856//1025 858//1025
f 857//32 859//32 858//32
f 860//1026 858//1026 859//1026
f 854//1027 858//1027 860//1027
f 862//1028 854//1028 860//1028
f 860//1029 859//1029 861//1029
f 863//1030 860//1030 861//1030
f 862//1031 860//1031 863//1031
f 848//577 863//577 864//577
f 848//396 862//396 863//396
f 864//580 863//580 865//580
f 863//634 861//634 865//634
f 865//1032 867//1032 866//1032
f 864//1033 865//1033 866//1033
f 865//1034 861//1034 867//1034
f 866//1035 867//1035 870//1035
f 867//1036 868//1036 870//1036
f 867//1037 869//1037 868//1037
f 861//907 869//907 867//907
f 866//1038 870//1038 872//1038
f 870//1039 871//1039 873//1039
f 870//911 868//911 871//911
f 872//1040 870//1040 873//1040
f 873//1041 871//1041 876//1041
f 872//1042 873//1042 874//1042
f 874//1043 873//1043 875//1043
f 873//1044 876//1044 875//1044
f 875//1045 876//1045 877//1045
f 877//1046 876//1046 878//1046
f 878//8 876//8 871//8
f 878//36 871//36 879//36
f 879//1047 864//1047 878//1047
f 878//1048 864//1048 880//1048
f 878//1049 880//1049 881//1049
f 881//32 882//32 878//32
f 878//1050 882//1050 883//1050
f 878//355 883//355 877//355
f 885//1051 883//1051 882//1051
f 884//1052 877//1052 883//1052
f 884//1053 883//1053 885//1053
f 888//1054 884//1054 885//1054
f 885//1055 882//1055 886//1055
f 887//1056 885//1056 886//1056
f 888//1057 885//1057 887//1057
f 888//1058 887//1058 880//1058
f 880//1059 889//1059 888//1059
f 889//1060 884//1060 888//1060
f 880//1061 874//1061 889//1061
f 874//1062 875//1062 889//1062
f 889//1063 875//1063 884//1063
f 880//1064 887//1064 890//1064
f 887//1065 886//1065 890//1065
f 880//1066 890//1066 891//1066
f 890//1067 892//1067 891//1067
f 890//1068 886//1068 892//1068
f 886//1069 895//1069 892//1069
f 891//1070 892//1070 894//1070
f 892//1071 893//1071 894//1071
f 892//1072 895//1072 893//1072
f 881//568 895//568 882//568
f 893//1073 895//1073 881//1073
f 886//1074 882//1074 895//1074
f 891//1075 894//1075 897//1075
f 894//1076 893//1076 896//1076
f 894//1077 896//1077 898//1077
f 897//1078 894//1078 898//1078
f 901//1079 898//1079 899//1079
f 898//1080 900//1080 899//1080
f 898//1081 896//1081 900//1081
f 897//1082 898//1082 901//1082
f 901//1083 899//1083 902//1083
f 901//63 904//63 897//63
f 902//1084 903//1084 901//1084
f 901//56 903//56 904//56
f 905//1085 909//1085 904//1085
f 905//986 904//986 906//986
f 906//63 904//63 910//63
f 897//56 904//56 907//56
f 904//986 908//986 907//986
f 904//294 909//294 908//294
f 911//1086 910//1086 904//1086
f 912//1087 904//1087 903//1087
f 911//1087 904//1087 912//1087
f 912//62 913//62 914//62
f 915//862 913//862 912//862
f 912//62 914//62 911//62
f 912//1088 903//1088 916//1088
f 916//577 915//577 912//577
f 916//1089 917//1089 918//1089
f 916//1090 903//1090 917//1090
f 918//18 920//18 916//18
f 916//1091 921//1091 919//1091
f 919//1092 915//1092 916//1092
f 916//1093 920//1093 921//1093
f 920//1094 922//1094 921//1094
f 921//371 922//371 923//371
f 921//778 923//778 919//778
f 919//1095 923//1095 924//1095
f 922//1096 926//1096 923//1096
f 923//1097 925//1097 924//1097
f 923//1098 926//1098 925//1098
f 927//1099 926//1099 928//1099
f 927//1100 925//1100 926//1100
f 922//1101 928//1101 926//1101
f 927//611 928//611 929//611
f 930//1102 929//1102 928//1102
f 930//1103 928//1103 922//1103
f 920//1104 930//1104 922//1104
f 932//1105 930//1105 920//1105
f 931//1106 929//1106 930//1106
f 932//1107 931//1107 930//1107
f 933//1108 931//1108 932//1108
f 933//369 932//369 918//369
f 918//396 932//396 920//396
f 934//1109 935//1109 933//1109
f 933//62 918//62 934//62
f 933//1110 935//1110 931//1110
f 936//1111 937//1111 935//1111
f 934//1112 936//1112 935//1112
f 935//1113 937//1113 938//1113
f 935//1114 938//1114 931//1114
f 927//423 938//423 937//423
f 929//604 938//604 927//604
f 931//1115 938//1115 929//1115
f 936//1116 940//1116 937//1116
f 927//37 937//37 939//37
f 937//837 940//837 939//837
f 939//173 940//173 941//173
f 942//1117 941//1117 940//1117
f 942//1118 940//1118 936//1118
f 944//1119 943//1119 942//1119
f 943//1120 941//1120 942//1120
f 945//1121 942//1121 936//1121
f 944//1122 942//1122 945//1122
f 945//1123 936//1123 934//1123
f 945//1124 946//1124 944//1124
f 934//22 946//22 945//22
f 918//1125 949//1125 946//1125
f 934//18 918//18 946//18
f 944//56 946//56 947//56
f 946//1126 948//1126 947//1126
f 946//840 949//840 948//840
f 950//396 949//396 917//396
f 951//65 949//65 950//65
f 951//396 948//396 949//396
f 918//1127 917//1127 949//1127
f 950//1128 953//1128 951//1128
f 952//1129 948//1129 951//1129
f 951//1130 954//1130 952//1130
f 951//1131 953//1131 954//1131
f 953//1132 955//1132 954//1132
f 954//1133 955//1133 956//1133
f 954//1134 956//1134 957//1134
f 952//1135 954//1135 957//1135
f 957//1136 956//1136 958//1136
f 957//1137 958//1137 959//1137
f 960//1138 957//1138 959//1138
f 952//1139 957//1139 960//1139
f 960//742 963//742 952//742
f 960//1140 959//1140 961//1140
f 961//18 962//18 960//18
f 960//369 962//369 963//369
f 952//56 963//56 948//56
f 964//1141 963//1141 962//1141
f 947//1142 948//1142 963//1142
f 947//1143 963//1143 964//1143
f 964//1144 962//1144 965//1144
f 966//1145 964//1145 965//1145
f 947//64 964//64 966//64
f 966//318 969//318 967//318
f 967//1146 968//1146 966//1146
f 966//1147 968//1147 943//1147
f 944//1148 947//1148 966//1148
f 966//1149 943//1149 944//1149
f 966//56 965//56 969//56
f 967//577 969//577 971//577
f 969//1150 970//1150 974//1150
f 973//1151 970//1151 969//1151
f 969//1152 974//1152 971//1152
f 969//65 965//65 972//65
f 969//396 972//396 973//396
f 975//1153 991//1153 974//1153
f 990//175 975//175 974//175
f 970//1154 977//1154 974//1154
f 976//461 974//461 977//461
f 978//1155 974//1155 976//1155
f 978//1156 979//1156 974//1156
f 974//585 979//585 980//585
f 974//1157 980//1157 981//1157
f 981//485 982//485 974//485
f 974//1158 982//1158 983//1158
f 974//497 983//497 984//497
f 984//1159 985//1159 974//1159
f 974//1160 985//1160 986//1160
f 974//1161 986//1161 987//1161
f 987//48 988//48 974//48
f 974//570 988//570 989//570
f 974//839 989//839 990//839
f 971//1162 974//1162 991//1162
f 975//175 992//175 991//175
f 971//1163 991//1163 992//1163
f 993//17 992//17 975//17
f 993//37 994//37 992//37
f 995//1164 992//1164 994//1164
f 971//1163 992//1163 995//1163
f 996//396 995//396 997//396
f 996//18 971//18 995//18
f 995//1165 994//1165 997//1165
f 997//395 1000//395 996//395
f 997//1166 999//1166 998//1166
f 998//293 1000//293 997//293
f 997//1167 994//1167 999//1167
f 1000//1168 1001//1168 1003//1168
f 1002//1169 1001//1169 1000//1169
f 998//65 1002//65 1000//65
f 1000//1170 1003//1170 996//1170
f 1001//1171 1004//1171 1003//1171
f 1003//1172 1004//1172 1005//1172
f 1003//1173 1005//1173 1006//1173
f 996//1174 1003//1174 1006//1174
f 1006//1175 993//1175 968//1175
f 1006//1176 1005//1176 993//1176
f 967//1177 1006//1177 968//1177
f 996//1178 1006//1178 967//1178
f 999//175 1005//175 1004//175
f 993//714 1005//714 999//714
f 1008//32 1004//32 1007//32
f 1001//1179 1007//1179 1004//1179
f 999//714 1004//714 1008//714
f 998//1180 999//1180 1008//1180
f 1008//180 1007//180 1009//180
f 1008//195 1009//195 1013//195
f 1010//1181 1008//1181 12//1181
f 998//1182 1008//1182 1010//1182
f 1008//301 1011//301 12//301
f 1008//180 1012//180 1011//180
f 1013//353 1012//353 1008//353
f 1014//1183 1012//1183 1013//1183
f 1014//1184 1013//1184 1015//1184
f 1015//1185 1013//1185 1009//1185
f 1015//1186 1009//1186 1016//1186
f 1018//1187 1015//1187 1016//1187
f 1017//1188 1015//1188 1018//1188
f 1017//1189 1014//1189 1015//1189
f 1018//1190 1016//1190 1002//1190
f 1010//1191 1017//1191 1018//1191
f 998//1192 1018//1192 1002//1192
f 1010//734 1018//734 998//734
f 1019//1193 1017//1193 1010//1193
f 1019//1194 1014//1194 1017//1194
f 1010//1195 1020//1195 1019//1195
f 1020//1196 1021//1196 1019//1196
f 1019//1197 1021//1197 1014//1197
f 1020//1198 1022//1198 1021//1198
f 1022//1199 1011//1199 1021//1199
f 1021//1200 1011//1200 1012//1200
f 1021//1201 1012//1201 1014//1201
f 1025//1202 1023//1202 1022//1202
f 1023//1203 1024//1203 1022//1203
f 1022//1204 1024//1204 1011//1204
f 1025//1048 1022//1048 1020//1048
f 15//294 1026//294 1025//294
f 1026//1205 1023//1205 1025//1205
f 1010//1206 1025//1206 1020//1206
f 15//63 1025//63 1010//63
f 1026//1207 1027//1207 1023//1207
f 1028//1208 1026//1208 15//1208
f 1028//1209 1027//1209 1026//1209
f 1028//1210 1029//1210 1027//1210
f 1030//1211 1029//1211 1028//1211
f 15//734 1030//734 1028//734
f 1030//1212 1031//1212 1029//1212
f 1032//1213 1031//1213 1030//1213
f 15//1214 1032//1214 1030//1214
f 1032//1215 1033//1215 1031//1215
f 18//1216 1033//1216 1032//1216
f 15//396 18//396 1032//396
f 1033//1217 10//1217 1031//1217
f 1033//1218 16//1218 10//1218
f 18//1219 2//1219 1033//1219
f 2//1220 16//1220 1033//1220
f 1031//1221 10//1221 11//1221
f 1031//1222 11//1222 1029//1222
f 1029//1223 11//1223 14//1223
f 1029//1224 14//1224 1027//1224
f 1027//952 14//952 1034//952
f 1027//1225 1034//1225 1023//1225
f 14//1226 12//1226 1034//1226
f 1023//1227 1034//1227 1024//1227
f 12//50 1024//50 1034//50
f 12//1228 1011//1228 1024//1228
f 1016//1229 1009//1229 1007//1229
f 1016//1230 1007//1230 1001//1230
f 1002//1231 1016//1231 1001//1231
f 1010//1181 12//1181 15//1181
f 999//175 994//175 993//175
f 967//1232 971//1232 996//1232
f 968//1233 993//1233 975//1233
f 990//423 941//423 975//423
f 1035//1234 939//1234 990//1234
f 939//423 941//423 990//423
f 1036//1235 990//1235 989//1235
f 1035//1236 990//1236 1036//1236
f 1040//1237 1035//1237 1036//1237
f 1036//1238 1037//1238 1038//1238
f 1039//1239 1037//1239 1036//1239
f 1036//1240 1038//1240 1040//1240
f 1036//822 989//822 1039//822
f 1038//586 1041//586 1040//586
f 1040//1241 1041//1241 1043//1241
f 1042//1242 1035//1242 1040//1242
f 1040//1243 1043//1243 1042//1243
f 1041//1244 1046//1244 1043//1244
f 1042//1245 1043//1245 1044//1245
f 1043//1246 1045//1246 1044//1246
f 1043//1247 1046//1247 1045//1247
f 1047//1248 1046//1248 1048//1248
f 1049//1249 1046//1249 1047//1249
f 1049//1250 1045//1250 1046//1250
f 1041//1251 1048//1251 1046//1251
f 1047//1252 1051//1252 1049//1252
f 1050//1253 1049//1253 1057//1253
f 1050//436 1055//436 1049//436
f 1058//1254 1049//1254 1051//1254
f 1052//1255 1045//1255 1049//1255
f 1052//1256 1049//1256 1053//1256
f 1053//1257 1049//1257 1054//1257
f 1049//1258 1056//1258 1054//1258
f 1049//436 1055//436 1056//436
f 1057//1259 1049//1259 1058//1259
f 1059//1260 1058//1260 1060//1260
f 1059//1261 1061//1261 1058//1261
f 1060//1262 1058//1262 1051//1262
f 1057//1263 1058//1263 1061//1263
f 1063//1264 1062//1264 1061//1264
f 1062//1265 1057//1265 1061//1265
f 1063//1266 1061//1266 1059//1266
f 1065//1267 1063//1267 1059//1267
f 1042//1268 1063//1268 1035//1268
f 1042//1269 1062//1269 1063//1269
f 1035//1270 1063//1270 1066//1270
f 1064//11 1063//11 1065//11
f 1064//48 1066//48 1063//48
f 1067//308 1066//308 1064//308
f 1067//755 1068//755 1066//755
f 1069//1271 1066//1271 1068//1271
f 1035//1272 1066//1272 1069//1272
f 1069//1273 927//1273 939//1273
f 1070//1274 927//1274 1069//1274
f 1069//825 939//825 1035//825
f 1069//1275 1068//1275 1070//1275
f 1070//1276 1073//1276 927//1276
f 1070//1277 1071//1277 1072//1277
f 1070//1278 1068//1278 1071//1278
f 1072//1279 1073//1279 1070//1279
f 1073//11 925//11 927//11
f 1072//1280 1074//1280 1073//1280
f 1074//8 1075//8 1073//8
f 1073//837 1075//837 925//837
f 1077//1281 1075//1281 1076//1281
f 1074//788 1076//788 1075//788
f 924//1282 925//1282 1075//1282
f 924//1283 1075//1283 1077//1283
f 1077//1284 1076//1284 1078//1284
f 913//1285 1077//1285 1078//1285
f 915//1286 1077//1286 913//1286
f 915//1287 924//1287 1077//1287
f 1078//1288 1080//1288 1079//1288
f 914//346 1078//346 1079//346
f 913//1289 1078//1289 914//1289
f 1078//1290 1076//1290 1080//1290
f 1080//1153 1074//1153 36//1153
f 36//714 1081//714 1080//714
f 1079//1291 1080//1291 1081//1291
f 1080//36 1076//36 1074//36
f 36//37 1082//37 1081//37
f 1083//1292 1081//1292 1082//1292
f 1079//1293 1081//1293 1083//1293
f 1085//1294 1079//1294 1083//1294
f 1083//1295 1082//1295 1084//1295
f 1086//1296 1083//1296 1084//1296
f 1085//1297 1083//1297 1086//1297
f 1086//1298 1087//1298 911//1298
f 911//1299 1085//1299 1086//1299
f 1086//1300 1084//1300 54//1300
f 54//1301 53//1301 1086//1301
f 1086//862 53//862 1087//862
f 1087//1086 910//1086 911//1086
f 1087//708 1088//708 910//708
f 53//1302 1088//1302 1087//1302
f 53//1303 1089//1303 1088//1303
f 1089//18 1090//18 1088//18
f 906//63 910//63 1088//63
f 1088//63 1090//63 906//63
f 1090//18 1091//18 1092//18
f 1090//1232 1098//1232 1091//1232
f 1092//725 1095//725 1090//725
f 1093//1304 906//1304 1090//1304
f 1093//1305 1090//1305 1094//1305
f 1094//1306 1090//1306 1095//1306
f 1089//56 1096//56 1090//56
f 1096//1307 1097//1307 1090//1307
f 1097//1308 1098//1308 1090//1308
f 1098//1309 1099//1309 1100//1309
f 1097//1310 1099//1310 1098//1310
f 1098//1311 1100//1311 1091//1311
f 1099//1312 1101//1312 1100//1312
f 1100//1313 1101//1313 1102//1313
f 1100//1314 1102//1314 1103//1314
f 1091//1311 1100//1311 1103//1311
f 1103//1315 1102//1315 1104//1315
f 1103//1316 1104//1316 1105//1316
f 1092//1317 1103//1317 1105//1317
f 1091//1317 1103//1317 1092//1317
f 1105//1318 1104//1318 1106//1318
f 1105//1319 1106//1319 1107//1319
f 1108//1320 1105//1320 1107//1320
f 1092//1321 1105//1321 1108//1321
f 1108//1322 1107//1322 1109//1322
f 1108//18 1111//18 1092//18
f 1109//1323 1110//1323 1108//1323
f 1108//64 1110//64 1111//64
f 1092//746 1111//746 1095//746
f 1113//1324 1111//1324 1110//1324
f 1112//1325 1111//1325 1113//1325
f 1112//1326 1095//1326 1111//1326
f 1113//1327 1110//1327 1114//1327
f 1114//267 1116//267 1113//267
f 1113//1328 1115//1328 1112//1328
f 1113//570 1116//570 1115//570
f 1117//1329 1115//1329 1116//1329
f 1117//1330 1116//1330 1118//1330
f 1118//1331 1116//1331 1119//1331
f 1114//1332 1119//1332 1116//1332
f 1118//1333 1119//1333 1120//1333
f 1120//1334 1119//1334 1121//1334
f 1122//1335 1121//1335 1119//1335
f 1122//301 1119//301 1114//301
f 1125//48 1121//48 1122//48
f 1122//1336 1123//1336 1125//1336
f 1122//1337 1124//1337 1123//1337
f 1114//1338 1124//1338 1122//1338
f 1125//839 1127//839 1121//839
f 1125//1339 1126//1339 1128//1339
f 1125//1336 1123//1336 1126//1336
f 1128//173 1127//173 1125//173
f 1128//1340 1129//1340 1130//1340
f 1128//1341 1126//1341 1129//1341
f 1128//8 1130//8 1127//8
f 1130//1342 1129//1342 1133//1342
f 1127//755 1130//755 1131//755
f 1131//570 1130//570 1132//570
f 1130//1343 1133//1343 1132//1343
f 1132//1344 1133//1344 1134//1344
f 1134//931 1133//931 1135//931
f 1135//577 1133//577 1129//577
f 1135//1345 1120//1345 1136//1345
f 1137//1346 1120//1346 1135//1346
f 1135//1347 1136//1347 1138//1347
f 1135//1348 1129//1348 1137//1348
f 1135//1349 1138//1349 756//1349
f 756//1350 757//1350 1135//1350
f 1135//734 757//734 760//734
f 1135//18 760//18 763//18
f 775//1351 1135//1351 763//1351
f 1134//1352 1135//1352 775//1352
f 756//398 1138//398 1139//398
f 1138//1353 1140//1353 1139//1353
f 1138//1354 1136//1354 1140//1354
f 1136//1355 1127//1355 1140//1355
f 1140//1356 1127//1356 1131//1356
f 1140//1357 1131//1357 1141//1357
f 1139//1358 1140//1358 1141//1358
f 1139//1359 1141//1359 1142//1359
f 1142//1360 1141//1360 1143//1360
f 1141//1361 745//1361 1143//1361
f 1141//1362 1131//1362 745//1362
f 1142//1363 1143//1363 1144//1363
f 1144//1364 1143//1364 1145//1364
f 1143//1365 1146//1365 1145//1365
f 1143//1366 745//1366 1146//1366
f 1145//1367 1146//1367 1147//1367
f 1147//305 1146//305 1148//305
f 1148//175 1146//175 743//175
f 743//48 1146//48 745//48
f 743//1368 487//1368 1148//1368
f 1148//1369 485//1369 1149//1369
f 1148//175 1149//175 1147//175
f 1148//1368 487//1368 485//1368
f 1147//174 1149//174 1150//174
f 1149//1370 484//1370 1150//1370
f 1149//1371 485//1371 484//1371
f 1151//174 1150//174 1152//174
f 1147//275 1150//275 1151//275
f 1150//1372 1153//1372 1152//1372
f 1150//1373 484//1373 1153//1373
f 1152//1374 1153//1374 1154//1374
f 471//63 1154//63 1153//63
f 471//56 1153//56 482//56
f 482//56 1153//56 484//56
f 1152//820 1154//820 1156//820
f 471//56 1155//56 1154//56
f 1156//820 1154//820 1155//820
f 1157//48 1152//48 1156//48
f 1157//1375 1156//1375 1158//1375
f 1156//175 1159//175 1158//175
f 1156//1376 1155//1376 1159//1376
f 1159//1377 458//1377 1160//1377
f 1158//48 1159//48 1160//48
f 1159//1378 1155//1378 458//1378
f 1161//48 1160//48 1162//48
f 1158//351 1160//351 1161//351
f 1160//1379 457//1379 1162//1379
f 1160//1380 458//1380 457//1380
f 1161//48 1162//48 1163//48
f 1163//48 1162//48 1164//48
f 1162//233 445//233 1164//233
f 1162//1381 457//1381 445//1381
f 1165//32 1164//32 1166//32
f 1163//195 1164//195 1165//195
f 1164//1382 443//1382 1166//1382
f 1164//161 445//161 443//161
f 1165//50 1166//50 1167//50
f 1167//48 1166//48 1168//48
f 1166//1383 441//1383 1168//1383
f 1166//1384 443//1384 441//1384
f 1167//180 1168//180 1169//180
f 1169//330 1168//330 1170//330
f 1168//1385 439//1385 1170//1385
f 1168//1386 441//1386 439//1386
f 1169//1387 1170//1387 1171//1387
f 1171//32 1170//32 1172//32
f 1170//1388 326//1388 1172//1388
f 1170//1389 439//1389 326//1389
f 1173//570 1172//570 1174//570
f 1171//32 1172//32 1173//32
f 1172//1390 324//1390 1174//1390
f 1172//1391 326//1391 324//1391
f 1173//330 1174//330 1175//330
f 1175//175 1174//175 1176//175
f 1174//1392 323//1392 1176//1392
f 1174//1393 324//1393 323//1393
f 1175//1332 1176//1332 1177//1332
f 1177//48 1176//48 1178//48
f 1176//1394 1179//1394 1178//1394
f 1176//1395 323//1395 1179//1395
f 317//65 1179//65 323//65
f 317//396 1180//396 1179//396
f 1178//1394 1179//1394 1180//1394
f 1181//1396 1180//1396 1182//1396
f 1178//1397 1180//1397 1181//1397
f 316//1232 1180//1232 317//1232
f 316//871 1182//871 1180//871
f 1181//1398 1182//1398 1183//1398
f 1183//1398 1182//1398 1184//1398
f 1185//395 1184//395 1182//395
f 1185//395 1182//395 316//395
f 1187//1399 1186//1399 1185//1399
f 1186//18 1184//18 1185//18
f 314//1400 1185//1400 316//1400
f 1187//1401 1185//1401 314//1401
f 1188//1402 1186//1402 1187//1402
f 1189//8 1188//8 1187//8
f 1189//272 1187//272 313//272
f 313//424 1187//424 314//424
f 1189//1403 1193//1403 1190//1403
f 1190//377 1188//377 1189//377
f 197//1404 1189//1404 313//1404
f 1191//1405 1189//1405 197//1405
f 1191//1406 1192//1406 1189//1406
f 1189//1407 1192//1407 1193//1407
f 1194//1408 1195//1408 1193//1408
f 1192//1409 1194//1409 1193//1409
f 1195//1410 1196//1410 1193//1410
f 1190//1411 1193//1411 1196//1411
f 1190//1412 1196//1412 1198//1412
f 1197//1413 1196//1413 1195//1413
f 1199//88 1200//88 1198//88
f 1198//161 1200//161 1201//161
f 1198//602 1201//602 1190//602
f 1190//1414 1201//1414 1188//1414
f 1201//1415 1200//1415 1188//1415
f 1202//1416 1186//1416 1200//1416
f 1199//1417 1202//1417 1200//1417
f 1188//1418 1200//1418 1186//1418
f 1197//210 1203//210 1202//210
f 1203//1419 1204//1419 1202//1419
f 1204//656 1205//656 1202//656
f 1202//1420 1205//1420 1206//1420
f 1202//210 1206//210 1207//210
f 1207//1421 1208//1421 1202//1421
f 1197//131 1202//131 1199//131
f 1202//1422 1208//1422 1186//1422
f 1208//64 1209//64 1186//64
f 1208//56 1212//56 1209//56
f 1210//1423 1208//1423 1207//1423
f 1210//1424 1211//1424 1208//1424
f 1211//56 1212//56 1208//56
f 1215//1425 1212//1425 1213//1425
f 1211//63 1213//63 1212//63
f 1214//1426 1212//1426 1215//1426
f 1214//1427 1209//1427 1212//1427
f 1216//1428 1215//1428 1217//1428
f 1216//8 1214//8 1215//8
f 1217//887 1215//887 1218//887
f 1215//1429 1213//1429 1218//1429
f 1217//903 1218//903 1219//903
f 1219//174 1218//174 1220//174
f 1218//1430 1221//1430 1220//1430
f 1218//1429 1213//1429 1221//1429
f 1223//1431 1221//1431 1213//1431
f 1220//1432 1221//1432 1222//1432
f 1224//341 1222//341 1221//341
f 1224//742 1221//742 1223//742
f 1223//1433 137//1433 1224//1433
f 1224//1434 137//1434 138//1434
f 1224//1435 138//1435 1225//1435
f 1225//396 1222//396 1224//396
f 1225//1436 1226//1436 1230//1436
f 1225//1437 1229//1437 1226//1437
f 1225//1438 138//1438 1227//1438
f 1225//1439 1227//1439 1228//1439
f 1228//1440 1229//1440 1225//1440
f 1230//577 1231//577 1225//577
f 1225//382 1231//382 1222//382
f 1232//1441 1231//1441 1233//1441
f 1232//1442 1222//1442 1231//1442
f 1230//369 1234//369 1231//369
f 1233//712 1231//712 1234//712
f 1235//56 1234//56 1230//56
f 1233//716 1234//716 1237//716
f 1235//64 1236//64 1234//64
f 1237//1443 1234//1443 1236//1443
f 1238//48 1233//48 1237//48
f 1238//175 1237//175 1239//175
f 1239//48 1237//48 1240//48
f 1237//1444 1236//1444 1240//1444
f 1240//1445 1242//1445 1241//1445
f 1243//330 1240//330 1241//330
f 1240//1090 1236//1090 1242//1090
f 1239//602 1240//602 1243//602
f 1244//1446 1239//1446 1243//1446
f 1244//1447 1243//1447 1099//1448
f 1099//1449 1243//1449 1101//1449
f 1243//50 1245//50 1101//50
f 1243//330 1241//330 1245//330
f 1101//330 1245//330 1246//330
f 1245//1450 1248//1450 1246//1450
f 1241//1451 1247//1451 1245//1451
f 1245//1452 1247//1452 1248//1452
f 1250//1431 1249//1431 1248//1431
f 1246//1453 1248//1453 1249//1453
f 1250//63 1248//63 1247//63
f 1250//1454 1064//1454 1251//1454
f 1250//1455 1067//1455 1064//1455
f 1250//395 1247//395 1252//395
f 1251//1033 1249//1033 1250//1033
f 1252//1456 1067//1456 1250//1456
f 1252//294 1242//294 1253//294
f 1253//1457 1254//1457 1252//1457
f 1252//1458 1254//1458 1067//1458
f 1252//63 1247//63 1242//63
f 1255//305 1256//305 1254//305
f 1253//1459 1255//1459 1254//1459
f 1254//50 1071//50 1067//50
f 1254//37 1256//37 1071//37
f 1257//1460 1261//1460 1256//1460
f 1255//9 1257//9 1256//9
f 1072//1461 1071//1461 1256//1461
f 1072//1462 1256//1462 1258//1462
f 1258//1463 1256//1463 1259//1463
f 1256//1464 1260//1464 1259//1464
f 1256//1465 1261//1465 1260//1465
f 1263//1408 1262//1408 1261//1408
f 1262//1466 1260//1466 1261//1466
f 1261//1467 1265//1467 1263//1467
f 1257//1468 1264//1468 1261//1468
f 1261//1469 1264//1469 1265//1469
f 1266//190 1265//190 1264//190
f 1266//1470 1267//1470 1265//1470
f 1263//1471 1265//1471 1267//1471
f 1226//115 1270//115 1267//115
f 1226//193 1267//193 1266//193
f 1268//193 1272//193 1267//193
f 1267//1470 1269//1470 1268//1470
f 1267//1472 1271//1472 1269//1472
f 1267//221 1270//221 1271//221
f 1267//1473 1272//1473 1273//1473
f 1267//1470 1273//1470 1274//1470
f 1267//1474 1274//1474 1263//1474
f 1263//1475 1274//1475 1262//1475
f 1262//1476 1274//1476 1275//1476
f 1274//115 1278//115 1275//115
f 1274//1477 1279//1477 1276//1477
f 1276//257 1277//257 1274//257
f 1274//1478 1277//1478 1278//1478
f 1274//1479 1273//1479 1279//1479
f 1281//1480 1279//1480 1273//1480
f 1280//1481 1279//1481 1281//1481
f 1280//1482 1276//1482 1279//1482
f 1281//642 1273//642 1282//642
f 1259//634 1281//634 1282//634
f 1259//1483 1280//1483 1281//1483
f 1282//1484 1272//1484 1283//1484
f 1282//1485 1273//1485 1272//1485
f 1282//697 1283//697 1259//697
f 1283//1486 1268//1486 1284//1486
f 1283//1487 1272//1487 1268//1487
f 1259//161 1283//161 1284//161
f 1284//1488 1268//1488 1269//1488
f 1259//161 1284//161 1285//161
f 1284//1489 1269//1489 1285//1489
f 1285//1490 1271//1490 1287//1490
f 1285//1491 1269//1491 1271//1491
f 1259//210 1285//210 1286//210
f 1286//1492 1285//1492 1287//1492
f 1286//89 1287//89 1288//89
f 1287//1493 1270//1493 1289//1493
f 1287//1494 1271//1494 1270//1494
f 1288//1495 1287//1495 1289//1495
f 1289//1496 1270//1496 1291//1496
f 1288//1497 1289//1497 1290//1497
f 1289//1498 1291//1498 1290//1498
f 1226//145 1291//145 1270//145
f 1292//133 1291//133 1226//133
f 1290//1499 1291//1499 1292//1499
f 1229//1500 1292//1500 1226//1500
f 1229//1501 1293//1501 1292//1501
f 1294//1502 1292//1502 1293//1502
f 1290//1503 1292//1503 1294//1503
f 1288//1497 1294//1497 1295//1497
f 1290//1495 1294//1495 1288//1495
f 1294//1504 1293//1504 1295//1504
f 1288//1505 1295//1505 1297//1505
f 1295//1506 1296//1506 1298//1506
f 1295//1507 1293//1507 1296//1507
f 1297//130 1295//130 1298//130
f 1298//1508 1300//1508 1299//1508
f 1297//1509 1298//1509 1299//1509
f 1298//1510 1296//1510 1300//1510
f 1229//661 1300//661 1296//661
f 1229//1511 1301//1511 1300//1511
f 1299//1512 1300//1512 1301//1512
f 1228//115 1301//115 1229//115
f 1303//1513 1301//1513 1302//1513
f 1228//106 1302//106 1301//106
f 1299//1514 1301//1514 1303//1514
f 1299//1515 1303//1515 1297//1515
f 1303//249 1304//249 1297//249
f 1303//1516 1302//1516 1304//1516
f 1304//1517 1306//1517 1305//1517
f 1297//75 1304//75 1305//75
f 1304//1518 1302//1518 1306//1518
f 1305//1519 1306//1519 1307//1519
f 1228//111 1307//111 1306//111
f 1306//1520 1302//1520 1228//1520
f 1309//1521 1307//1521 1308//1521
f 1308//152 1307//152 1228//152
f 1305//1522 1307//1522 1309//1522
f 1310//1505 1305//1505 1309//1505
f 1309//1523 1308//1523 1311//1523
f 1310//125 1309//125 1311//125
f 1311//1524 1308//1524 1312//1524
f 1311//1525 1312//1525 1313//1525
f 1313//210 1310//210 1311//210
f 1313//1526 1314//1526 1315//1526
f 1313//1527 1312//1527 1314//1527
f 1315//131 1310//131 1313//131
f 1315//1528 1316//1528 1317//1528
f 1315//1529 1314//1529 1316//1529
f 1315//226 1317//226 1310//226
f 1317//1530 1319//1530 1318//1530
f 1310//697 1317//697 1318//697
f 1317//1531 1316//1531 1319//1531
f 1319//1532 1316//1532 1320//1532
f 1318//1533 1319//1533 1321//1534
f 1320//257 1321//257 1319//257
f 1320//134 1322//134 1321//134
f 1323//1535 1321//1535 1322//1535
f 1318//1536 1321//1536 1323//1536
f 1325//1537 1318//1537 1323//1537
f 1323//1538 1322//1538 1324//1538
f 1325//1497 1323//1497 1324//1497
f 1310//1417 1318//1417 1325//1417
f 1310//1539 1325//1539 1326//1539
f 1326//1540 1325//1540 1327//1540
f 1328//1541 1327//1541 1325//1541
f 1325//1497 1324//1497 1328//1497
f 1328//1542 1331//1542 1327//1542
f 1328//1543 1324//1543 1330//1543
f 1329//1544 1331//1544 1328//1544
f 1328//1545 1330//1545 1329//1545
f 1331//1546 1333//1546 1327//1546
f 1329//1547 1332//1547 1331//1547
f 1332//1548 1334//1548 1331//1548
f 1331//1549 1334//1549 1333//1549
f 1332//1550 1335//1550 1334//1550
f 1334//221 1337//221 1333//221
f 1335//133 1336//133 1334//133
f 1334//221 1336//221 1337//221
f 1330//1551 1338//1551 1337//1551
f 1333//1552 1337//1552 1338//1552
f 1330//1553 1337//1553 1339//1553
f 1339//1554 1337//1554 1336//1554
f 1340//1555 1339//1555 1341//1555
f 1329//1556 1339//1556 1340//1556
f 1329//1034 1330//1034 1339//1034
f 1339//1557 1336//1557 1341//1557
f 1340//1497 1341//1497 1343//1497
f 1341//1558 1336//1558 1342//1558
f 1341//1559 1342//1559 1344//1559
f 1343//85 1341//85 1344//85
f 1344//1560 1346//1560 1345//1560
f 1347//1561 1344//1561 1345//1561
f 1344//1562 1342//1562 1346//1562
f 1343//624 1344//624 1347//624
f 1347//210 1345//210 1348//210
f 1348//1563 1349//1563 1347//1563
f 1347//1564 1349//1564 1350//1564
f 1347//1565 1350//1565 1343//1565
f 1349//1566 1352//1566 1350//1566
f 1343//1567 1350//1567 1351//1567
f 1350//1568 1353//1568 1351//1568
f 1350//1569 1352//1569 1353//1569
f 1351//1570 1353//1570 1335//1570
f 1352//1571 1346//1571 1353//1571
f 1353//133 1342//133 1335//133
f 1353//1501 1346//1501 1342//1501
f 1354//115 1355//115 1352//115
f 1349//1572 1354//1572 1352//1572
f 1352//1573 1355//1573 1346//1573
f 1357//1574 1355//1574 1356//1574
f 1354//684 1356//684 1355//684
f 1345//1575 1346//1575 1355//1575
f 1345//1576 1355//1576 1357//1576
f 1348//88 1345//88 1357//88
f 1357//1577 1356//1577 1358//1577
f 1348//1578 1357//1578 1358//1578
f 1359//1579 1358//1579 1361//1579
f 1348//157 1358//157 1359//157
f 1358//1580 1360//1580 1361//1580
f 1358//1577 1356//1577 1360//1577
f 1359//157 1361//157 1363//157
f 1361//1581 1360//1581 1362//1581
f 1361//1582 1362//1582 1364//1582
f 1363//1583 1361//1583 1364//1583
f 1364//1584 1366//1584 1365//1584
f 1367//1585 1364//1585 1365//1585
f 1364//1586 1362//1586 1366//1586
f 1363//697 1364//697 1367//697
f 1367//1587 1368//1587 1363//1587
f 1367//1588 1262//1588 1368//1588
f 1367//1589 1259//1589 1262//1589
f 1367//1034 1280//1034 1259//1034
f 1367//158 1365//158 1369//158
f 1369//85 1370//85 1367//85
f 1367//1590 1370//1590 1280//1590
f 1370//1591 1277//1591 1276//1591
f 1369//1592 1277//1592 1370//1592
f 1370//1593 1276//1593 1280//1593
f 1369//1594 1278//1594 1277//1594
f 1365//1595 1278//1595 1369//1595
f 1262//1596 1275//1596 1368//1596
f 1363//1597 1368//1597 1371//1597
f 1368//1598 1372//1598 1371//1598
f 1368//1598 1275//1598 1372//1598
f 1275//191 1366//191 1372//191
f 1371//1599 1372//1599 1373//1599
f 1372//257 1362//257 1373//257
f 1372//188 1366//188 1362//188
f 1371//1599 1373//1599 1374//1599
f 1374//1600 1373//1600 1354//1600
f 1373//115 1356//115 1354//115
f 1362//1601 1360//1601 1373//1601
f 1373//1602 1360//1602 1356//1602
f 1359//1603 1371//1603 1374//1603
f 1359//1604 1374//1604 1348//1604
f 1348//1605 1374//1605 1349//1605
f 1374//1606 1354//1606 1349//1606
f 1363//1607 1371//1607 1359//1607
f 1275//1608 1278//1608 1366//1608
f 1365//1609 1366//1609 1278//1609
f 1340//1610 1351//1610 1332//1610
f 1343//1611 1351//1611 1340//1611
f 1351//1612 1335//1612 1332//1612
f 1335//152 1342//152 1336//152
f 1340//1613 1332//1613 1329//1613
f 1324//1614 1338//1614 1330//1614
f 1324//1615 1322//1615 1338//1615
f 1333//1616 1338//1616 1322//1616
f 1333//1617 1320//1617 1327//1617
f 1333//145 1322//145 1320//145
f 1326//1618 1327//1618 1375//1618
f 1375//1619 1327//1619 1376//1619
f 1327//1620 1377//1620 1376//1620
f 1327//1621 1320//1621 1377//1621
f 1377//1622 133//1622 1376//1622
f 1377//1623 1320//1623 133//1623
f 1375//1624 1376//1624 135//1624
f 135//1625 1376//1625 133//1625
f 1375//1626 135//1626 1326//1626
f 1326//1627 135//1627 1378//1627
f 1326//1628 1378//1628 1310//1628
f 1378//867 1379//867 1258//867
f 1378//867 1380//867 1379//867
f 1378//1629 1286//1629 1288//1629
f 1378//1630 1259//1630 1286//1630
f 135//1631 1380//1631 1378//1631
f 1378//1632 1288//1632 1297//1632
f 1258//1633 1259//1633 1378//1633
f 1310//1634 1378//1634 1297//1634
f 36//301 1379//301 1380//301
f 135//1635 132//1635 1380//1635
f 1380//34 132//34 36//34
f 1258//1368 1379//1368 1074//1368
f 36//1636 1074//1636 1379//1636
f 1228//190 133//190 1320//190
f 1320//1637 1316//1637 1314//1637
f 1320//98 1314//98 1228//98
f 1228//1638 1314//1638 1312//1638
f 1228//107 1312//107 1308//107
f 1297//157 1305//157 1310//157
f 1296//1639 1293//1639 1229//1639
f 1226//1640 1266//1640 1381//1640
f 1266//424 1264//424 1381//424
f 1230//1641 1226//1641 1381//1641
f 1230//1642 1381//1642 1235//1642
f 1235//1643 1381//1643 1255//1643
f 1381//839 1257//839 1255//839
f 1381//50 1264//50 1257//50
f 1262//1644 1259//1644 1260//1644
f 1258//1368 1074//1368 1072//1368
f 1235//1459 1255//1459 1253//1459
f 1253//63 1236//63 1235//63
f 1253//294 1242//294 1236//294
f 1382//369 1384//369 1251//369
f 1251//1645 1383//1645 1382//1645
f 1251//1646 1065//1646 1383//1646
f 1251//1647 1064//1647 1065//1647
f 1251//395 1384//395 1249//395
f 1387//1143 1249//1143 1384//1143
f 1382//56 1385//56 1384//56
f 1386//1648 1384//1648 1385//1648
f 1387//1648 1384//1648 1386//1648
f 1102//48 1387//48 1386//48
f 1102//32 1246//32 1387//32
f 1246//1143 1249//1143 1387//1143
f 1386//1649 1385//1649 1388//1649
f 1388//330 1104//330 1386//330
f 1386//32 1104//32 1102//32
f 956//330 955//330 1388//330
f 958//1387 956//1387 1388//1387
f 1389//50 1398//50 1388//50
f 1388//50 1393//50 1389//50
f 1388//133 1391//133 1390//133
f 1396//48 1388//48 1390//48
f 1388//1649 1385//1649 1391//1649
f 1392//32 1388//32 1399//32
f 1392//32 1104//32 1388//32
f 1388//353 1395//353 958//353
f 1393//32 1388//32 1396//32
f 1399//301 1388//301 1394//301
f 1388//602 1397//602 1394//602
f 1388//838 1398//838 1395//838
f 1388//330 955//330 1397//330
f 1399//1650 1394//1650 900//1650
f 900//353 1400//353 1399//353
f 1400//1651 909//1651 1399//1651
f 1399//1652 909//1652 905//1652
f 1399//1653 905//1653 1392//1653
f 900//1654 1401//1654 1400//1654
f 1401//1655 908//1655 1400//1655
f 1400//1656 908//1656 909//1656
f 896//1657 1401//1657 900//1657
f 896//32 881//32 1401//32
f 881//1658 907//1658 1401//1658
f 1401//1659 907//1659 908//1659
f 1402//1660 1395//1660 1398//1660
f 1402//1661 1398//1661 1403//1661
f 1403//1662 1398//1662 1389//1662
f 1405//1663 1402//1663 1403//1663
f 1403//1664 1389//1664 1404//1664
f 1406//1665 1403//1665 1404//1665
f 1405//1666 1403//1666 1406//1666
f 1406//1667 1404//1667 1407//1667
f 1406//580 1409//580 1405//580
f 1407//18 1408//18 1406//18
f 1406//56 1408//56 1409//56
f 1411//1668 1409//1668 1408//1668
f 972//1669 1410//1669 1409//1669
f 1405//63 1409//63 1410//63
f 972//1670 1409//1670 1411//1670
f 1408//1671 1413//1671 1411//1671
f 973//56 972//56 1411//56
f 973//62 1411//62 1412//62
f 1412//56 1411//56 1413//56
f 1408//554 1414//554 1413//554
f 1412//56 1413//56 1414//56
f 1415//1672 1414//1672 1408//1672
f 1415//1673 1416//1673 1414//1673
f 1414//396 1416//396 1412//396
f 1420//1673 1416//1673 1415//1673
f 1416//1674 1417//1674 1418//1674
f 1419//1675 1417//1675 1416//1675
f 1412//63 1416//63 1418//63
f 1420//1676 1419//1676 1416//1676
f 1421//56 1420//56 1415//56
f 1422//1232 1420//1232 1421//1232
f 1422//65 1423//65 1420//65
f 1423//1677 1419//1677 1420//1677
f 1424//396 1423//396 1422//396
f 1424//577 1425//577 1423//577
f 1425//1678 1426//1678 1423//1678
f 1423//1679 1426//1679 1419//1679
f 1426//64 1427//64 1419//64
f 1426//577 1430//577 1427//577
f 1428//1680 1430//1680 1426//1680
f 1426//398 1429//398 1428//398
f 1425//1681 1429//1681 1426//1681
f 1430//1682 1432//1682 1431//1682
f 1430//1683 1431//1683 1427//1683
f 1428//1684 1432//1684 1430//1684
f 1432//1685 1433//1685 1431//1685
f 1432//1686 1434//1686 1433//1686
f 1435//1687 1434//1687 1432//1687
f 1428//1688 1435//1688 1432//1688
f 1435//1689 1436//1689 1434//1689
f 1437//1690 1436//1690 1435//1690
f 1438//1691 1437//1691 1435//1691
f 1438//1692 1435//1692 1428//1693
f 1429//1694 1438//1694 1428//1694
f 1429//1695 1439//1695 1438//1695
f 1439//1696 1437//1696 1438//1696
f 1440//853 1439//853 1429//853
f 1440//1697 1441//1697 1439//1697
f 1441//1698 1442//1698 1439//1698
f 1439//1699 1442//1699 1437//1699
f 1443//1700 1445//1700 1442//1700
f 1441//1701 1443//1701 1442//1701
f 1442//1702 1444//1702 1437//1702
f 1442//1703 1445//1703 1444//1703
f 1446//423 1445//423 1448//423
f 1447//11 1445//11 1446//11
f 1447//305 1444//305 1445//305
f 1443//47 1448//47 1445//47
f 1446//1704 1448//1704 1450//1704
f 1449//1705 1448//1705 1443//1705
f 1449//1706 1450//1706 1448//1706
f 1446//265 1450//265 1451//265
f 1452//1707 1451//1707 1450//1707
f 1452//1708 1450//1708 1449//1708
f 1453//334 1452//334 1455//334
f 1453//1709 1454//1709 1452//1709
f 1454//1710 1451//1710 1452//1710
f 1455//1711 1452//1711 1449//1711
f 1440//1301 1453//1301 1455//1301
f 1440//992 1455//992 1456//992
f 1455//1712 1449//1712 1456//1712
f 1456//1713 1441//1713 1440//1713
f 1456//1714 1443//1714 1441//1714
f 1456//1715 1449//1715 1443//1715
f 1457//1716 1458//1716 1454//1716
f 1459//1717 1457//1717 1454//1717
f 1459//1718 1454//1718 1453//1718
f 1454//1719 1458//1719 1451//1719
f 1460//1191 1459//1191 1453//1191
f 1460//1720 1461//1720 1459//1720
f 1461//1294 1457//1294 1459//1721
f 1462//366 1461//366 1460//366
f 1462//1722 1463//1722 1461//1722
f 1463//1723 1464//1723 1461//1723
f 1461//1724 1464//1724 1457//1724
f 1464//1725 1465//1725 1466//1725
f 1467//1726 1465//1726 1464//1726
f 1464//1727 1466//1727 1457//1727
f 1463//1728 1467//1728 1464//1728
f 1467//1729 1470//1729 1465//1729
f 1468//1730 1467//1730 1463//1730
f 1468//1731 1469//1731 1467//1731
f 1469//1732 1470//1732 1467//1732
f 1473//602 1470//602 1471//602
f 1472//272 1471//272 1470//272
f 1470//1733 1476//1733 1472//1733
f 1465//301 1470//301 1473//301
f 1469//1734 1474//1734 1470//1734
f 1474//8 1475//8 1470//8
f 1470//330 1475//330 1476//330
f 1478//1735 1472//1735 1476//1735
f 1477//1736 1476//1736 1475//1736
f 1478//1737 1476//1737 1477//1737
f 1478//1738 1471//1738 1472//1738
f 717//1739 1471//1739 1478//1739
f 1478//396 1479//396 717//396
f 1477//396 1479//396 1478//396
f 717//946 1479//946 1468//946
f 1480//1740 1481//1740 1479//1740
f 1477//986 1480//986 1479//986
f 1479//1741 1469//1741 1468//1741
f 1479//1742 1481//1742 1469//1742
f 1482//1743 1483//1743 1481//1743
f 1480//1744 1482//1744 1481//1744
f 1481//1745 1474//1745 1469//1745
f 1481//1746 1483//1746 1474//1746
f 1483//604 1484//604 1474//604
f 1483//411 1485//411 1484//411
f 1482//773 1486//773 1483//773
f 1486//48 1485//48 1483//48
f 1488//1102 1487//1102 1486//1102
f 1487//9 1485//9 1486//9
f 1488//1747 1486//1747 1482//1747
f 1489//1748 1488//1748 1491//1748
f 1489//1749 1490//1749 1488//1749
f 1490//1750 1487//1750 1488//1750
f 1491//373 1488//373 1482//373
f 1492//1350 1489//1350 1491//1350
f 1492//56 1491//56 1493//56
f 1493//1751 1491//1751 1480//1751
f 1491//1752 1482//1752 1480//1752
f 1493//1753 1484//1753 1492//1753
f 1493//294 1480//294 1477//294
f 1477//1754 1475//1754 1493//1754
f 1493//1755 1475//1755 1484//1755
f 1494//63 1489//63 1492//63
f 1492//1756 1484//1756 1485//1756
f 1492//1757 1485//1757 1494//1757
f 1494//1758 1498//1758 1495//1758
f 1495//369 1496//369 1494//369
f 1496//1759 1497//1759 1494//1759
f 1494//1760 1497//1760 1489//1760
f 1494//1761 1485//1761 1498//1761
f 1498//1428 1499//1428 1504//1428
f 1500//1762 1499//1762 1498//1762
f 1495//1763 1498//1763 1505//1763
f 1498//1764 1502//1764 1500//1764
f 1501//1003 1503//1003 1498//1003
f 1501//1765 1498//1765 1487//1765
f 1487//37 1498//37 1485//37
f 1498//180 1503//180 1502//180
f 1498//404 1504//404 1505//404
f 1512//306 1505//306 1506//306
f 1505//36 1508//36 1506//36
f 1507//1766 1505//1766 1511//1766
f 1495//1763 1505//1763 1507//1763
f 1505//1767 1510//1767 1508//1767
f 1509//8 1505//8 1512//8
f 1509//416 1511//416 1505//416
f 1505//1768 1504//1768 1510//1768
f 1513//1769 1509//1769 1512//1769
f 1513//1770 1512//1770 1514//1770
f 1514//1771 1512//1771 1506//1771
f 1516//1772 1513//1772 1514//1772
f 1514//1773 1506//1773 1515//1773
f 1517//1320 1514//1320 1515//1320
f 1516//1190 1514//1190 1517//1190
f 1517//1774 1515//1774 1518//1774
f 1516//1775 1517//1775 1507//1775
f 1507//1776 1517//1776 1518//1776
f 1518//1777 1515//1777 1519//1777
f 1518//1778 1519//1778 1520//1778
f 1495//1695 1518//1695 1520//1695
f 1507//395 1518//395 1495//395
f 1520//1779 1519//1779 1521//1779
f 1520//1780 1521//1780 1522//1780
f 1495//1781 1520//1781 1522//1781
f 1522//1782 1521//1782 1524//1782
f 1523//746 1495//746 1522//746
f 1522//1783 1524//1783 1523//1783
f 1521//1784 1504//1784 1524//1784
f 1524//1785 1504//1785 1499//1785
f 1524//1786 1499//1786 1525//1786
f 1523//1787 1524//1787 1525//1787
f 1525//1788 1499//1788 1500//1788
f 1525//1789 1500//1789 1526//1789
f 1527//1790 1525//1790 1526//1790
f 1523//1791 1525//1791 1527//1791
f 1527//1695 1528//1695 1495//1695
f 1527//874 1526//874 1528//874
f 1527//871 1495//871 1523//871
f 1495//1792 1528//1792 1496//1792
f 1528//1793 1529//1793 1496//1793
f 1528//1794 1526//1794 1529//1794
f 1526//1795 1502//1795 1529//1795
f 1529//878 1502//878 1503//878
f 1529//1796 1503//1796 1530//1796
f 1496//765 1529//765 1530//765
f 1530//1797 1501//1797 1490//1797
f 1497//1798 1530//1798 1490//1798
f 1496//1799 1530//1799 1497//1799
f 1530//1800 1503//1800 1501//1800
f 1526//1801 1500//1801 1502//1801
f 1519//1802 1510//1802 1521//1802
f 1521//1803 1510//1803 1504//1803
f 1515//1804 1508//1804 1519//1804
f 1519//1805 1508//1805 1510//1805
f 1531//1301 1516//1301 1507//1301
f 1531//1806 1513//1806 1516//1806
f 1507//1807 1532//1807 1531//1807
f 1532//1808 1533//1808 1531//1808
f 1531//1809 1533//1809 1513//1809
f 1532//1810 1534//1810 1533//1810
f 1534//1811 1535//1811 1533//1811
f 1533//1812 1535//1812 1509//1812
f 1533//1813 1509//1813 1513//1813
f 1535//175 1536//175 1511//175
f 1534//1814 1536//1814 1535//1814
f 1535//174 1511//174 1509//174
f 1538//1815 1536//1815 1534//1815
f 1511//175 1536//175 1537//175
f 1538//1816 1537//1816 1536//1816
f 1540//1817 1539//1817 1538//1817
f 1539//1818 1537//1818 1538//1818
f 1541//1819 1538//1819 1534//1819
f 1540//1820 1538//1820 1541//1820
f 1541//1821 1534//1821 1532//1821
f 1542//986 1540//986 1541//986
f 1507//1822 1541//1822 1532//1822
f 1542//369 1541//369 1507//369
f 1507//1823 1511//1823 1542//1823
f 1543//1431 1542//1431 1545//1431
f 1544//1093 1542//1093 1543//1093
f 1544//294 1540//294 1542//294
f 1542//1824 1546//1824 1545//1824
f 1542//1825 1511//1825 1546//1825
f 1546//275 1547//275 1548//275
f 1546//1826 1537//1826 1547//1826
f 1545//1827 1546//1827 1548//1827
f 1511//272 1537//272 1546//272
f 1549//1828 1548//1828 1551//1828
f 1545//1829 1548//1829 1549//1829
f 1548//275 1550//275 1551//275
f 1548//275 1547//275 1550//275
f 1549//1828 1551//1828 1552//1828
f 1552//1830 1551//1830 1553//1830
f 1551//305 1550//305 1553//305
f 1553//305 1554//305 1556//305
f 1553//1375 1550//1375 1554//1375
f 1552//1830 1553//1830 1555//1830
f 1555//1831 1553//1831 1412//1831
f 1553//1832 1556//1832 1412//1832
f 1556//755 1554//755 1576//755
f 1556//1833 1557//1833 1560//1833
f 1556//491 1570//491 1557//491
f 1556//491 1568//491 1558//491
f 1558//482 1561//482 1556//482
f 1556//404 1559//404 1433//404
f 1575//1834 1559//1834 1556//1834
f 1412//1835 1556//1835 1560//1835
f 1556//1836 1561//1836 1562//1836
f 1562//1249 1563//1249 1556//1249
f 1556//1837 1563//1837 1564//1837
f 1556//1838 1564//1838 1565//1838
f 1565//482 1569//482 1556//482
f 1556//330 1574//330 1566//330
f 1566//1839 1567//1839 1556//1839
f 1556//1840 1567//1840 1568//1840
f 1556//1841 1569//1841 1570//1841
f 1556//1842 1433//1842 1571//1842
f 1571//8 1572//8 1556//8
f 1572//308 1573//308 1556//308
f 1556//602 1573//602 1574//602
f 1556//1843 1576//1843 1575//1843
f 1577//1844 1575//1844 1576//1844
f 1577//1845 1576//1845 1578//1845
f 1578//1846 1576//1846 1554//1846
f 1418//1847 1577//1847 1578//1847
f 1578//1848 1554//1848 1579//1848
f 1580//1849 1578//1849 1579//1849
f 1418//1651 1578//1651 1580//1651
f 1580//1850 1579//1850 1543//1850
f 1418//946 1580//946 1552//946
f 1543//1091 1545//1091 1580//1091
f 1580//56 1549//56 1552//56
f 1580//898 1545//898 1549//898
f 1579//1851 1554//1851 1550//1851
f 1579//1852 1550//1852 1581//1852
f 1543//1853 1579//1853 1581//1853
f 1581//1854 1550//1854 1547//1854
f 1581//1855 1547//1855 1539//1855
f 1544//1856 1581//1856 1539//1856
f 1543//1857 1581//1857 1544//1857
f 1417//1858 1582//1858 1577//1858
f 1582//1218 1575//1218 1577//1218
f 1417//1859 1577//1859 1418//1859
f 1427//1860 1431//1860 1582//1860
f 1431//938 1559//938 1582//938
f 1582//1861 1559//1861 1575//1861
f 1427//1862 1582//1862 1417//1862
f 1574//1863 1583//1863 1566//1863
f 1574//1863 1584//1863 1583//1863
f 1573//1864 1584//1864 1574//1864
f 1583//1865 1584//1865 1590//1865
f 1587//1866 1585//1866 1584//1866
f 1584//1867 1585//1867 1588//1867
f 1586//1868 1584//1868 1589//1868
f 1587//1869 1584//1869 1586//1869
f 1573//1864 1589//1864 1584//1864
f 1590//1870 1584//1870 1588//1870
f 1590//1871 1591//1871 1593//1871
f 1592//1872 1591//1872 1590//1872
f 1594//88 1592//88 1590//88
f 1590//1873 1593//1873 1583//1873
f 1590//88 1588//88 1594//88
f 1595//1874 1594//1874 1588//1874
f 1595//1875 1597//1875 1594//1875
f 1594//1876 1596//1876 1592//1876
f 1597//1877 1596//1877 1594//1877
f 1600//1878 1039//1878 1597//1878
f 1039//1879 988//1879 1597//1879
f 1598//1880 1597//1880 1599//1880
f 1600//1881 1597//1881 1598//1881
f 1599//1882 1597//1882 1595//1882
f 1597//1883 988//1883 1596//1883
f 1598//1884 1601//1884 1600//1884
f 1600//1885 1601//1885 1602//1885
f 1602//1886 1039//1886 1600//1886
f 1601//1887 1603//1887 1602//1887
f 1603//1888 1039//1888 1602//1888
f 1604//1889 1039//1889 1603//1889
f 1601//1887 1604//1887 1603//1887
f 1605//458 1612//458 1604//458
f 1605//1890 1604//1890 1601//1890
f 1604//1891 1613//1891 1606//1891
f 1606//1892 1607//1892 1604//1892
f 1604//1893 1607//1893 1608//1893
f 1608//1894 1609//1894 1604//1894
f 1604//1895 1609//1895 1610//1895
f 1604//1161 1610//1161 1611//1161
f 1604//1896 1611//1896 1039//1896
f 1604//1897 1612//1897 1613//1897
f 1612//1898 1615//1898 1613//1898
f 1613//1899 1614//1899 1606//1899
f 1613//1900 1615//1900 1614//1900
f 1615//1901 1616//1901 1614//1901
f 1615//1902 1617//1902 1616//1902
f 1612//1903 1617//1903 1615//1903
f 1619//1904 1618//1904 1617//1904
f 1616//1905 1617//1905 1618//1905
f 1619//1906 1617//1906 1612//1906
f 1605//1907 1619//1907 1612//1907
f 1620//1908 1619//1908 1605//1908
f 1620//1909 1618//1909 1619//1909
f 1623//1910 1620//1910 1605//1910
f 1620//1911 1622//1911 1618//1911
f 1621//1912 1622//1912 1620//1912
f 1623//1907 1621//1907 1620//1907
f 1605//1913 1624//1913 1623//1913
f 1623//1914 1624//1914 1625//1914
f 1623//1914 1625//1914 1626//1914
f 1626//1915 1621//1915 1623//1915
f 1626//1916 1625//1916 1627//1916
f 1626//1917 1627//1917 1628//1917
f 1628//1918 1629//1918 1626//1918
f 1626//1919 1629//1919 1621//1919
f 1629//1920 1630//1920 1621//1920
f 1629//1921 1631//1921 1630//1921
f 1628//498 1632//498 1629//498
f 1632//1922 1631//1922 1629//1922
f 1634//1161 1632//1161 1628//1161
f 1632//1923 1633//1923 1631//1923
f 1635//1924 1633//1924 1632//1924
f 1634//1925 1635//1925 1632//1925
f 1636//1926 1635//1926 1634//1926
f 1636//1927 1637//1927 1635//1927
f 1635//1928 1637//1928 1633//1928
f 1638//1929 1637//1929 1639//1929
f 1638//434 1633//434 1637//434
f 1639//1930 1637//1930 1640//1930
f 1636//1931 1640//1931 1637//1931
f 1639//1841 1640//1841 1641//1841
f 1641//1932 1640//1932 1642//1932
f 1643//472 1642//472 1640//472
f 1643//1933 1640//1933 1636//1933
f 1645//1934 1642//1934 1643//1934
f 1644//1935 1643//1935 1646//1935
f 1644//446 1645//446 1643//446
f 1646//458 1643//458 1636//458
f 1646//1936 1636//1936 1634//1936
f 1634//1937 1647//1937 1646//1937
f 1646//1938 1647//1938 1648//1938
f 1646//1939 1648//1939 1644//1939
f 1644//1940 1648//1940 1649//1940
f 1648//1941 1641//1941 1649//1941
f 1648//1941 1639//1941 1641//1941
f 1647//1942 1639//1942 1648//1942
f 1644//1943 1649//1943 1650//1943
f 1650//1944 1649//1944 1651//1944
f 1649//1945 1652//1945 1651//1945
f 1649//1946 1641//1946 1652//1946
f 1651//1947 1652//1947 1050//1947
f 1641//1948 1642//1948 1652//1948
f 1652//1949 1653//1949 1050//1949
f 1652//1950 1642//1950 1653//1950
f 1645//1951 1653//1951 1642//1951
f 1050//1952 1653//1952 1654//1952
f 1655//1953 1654//1953 1653//1953
f 1655//1954 1653//1954 1645//1954
f 1657//1161 1656//1161 1655//1161
f 1656//1955 1654//1955 1655//1955
f 1650//1956 1655//1956 1645//1956
f 1657//451 1655//451 1650//451
f 1650//1957 1651//1957 1657//1957
f 1657//1958 1651//1958 1057//1958
f 1657//1958 1057//1958 1658//1958
f 1658//1959 1656//1959 1657//1959
f 1062//1960 1658//1960 1057//1960
f 1042//1961 1659//1961 1658//1961
f 1042//1962 1658//1962 1062//1962
f 1658//1963 1659//1963 1660//1963
f 1658//1964 1660//1964 1661//1964
f 1661//1965 1662//1965 1658//1965
f 1658//458 1662//458 1656//458
f 1662//1966 1663//1966 1656//1966
f 1662//1967 1664//1967 1663//1967
f 1661//1968 1664//1968 1662//1968
f 1050//1969 1664//1969 1055//1969
f 1663//1970 1664//1970 1050//1970
f 1661//1971 1055//1971 1664//1971
f 1050//1972 1654//1972 1663//1972
f 1656//1973 1663//1973 1654//1973
f 1660//1974 1055//1974 1661//1974
f 1660//1975 1056//1975 1055//1975
f 1659//1976 1056//1976 1660//1976
f 1042//1977 1665//1977 1659//1977
f 1665//1978 1054//1978 1659//1978
f 1659//1979 1054//1979 1056//1979
f 1666//1980 1665//1980 1042//1980
f 1666//1981 1053//1981 1665//1981
f 1665//1982 1053//1982 1054//1982
f 1042//448 1044//448 1666//448
f 1044//1983 1052//1983 1666//1983
f 1666//1983 1052//1983 1053//1983
f 1651//1984 1050//1984 1057//1984
f 1650//1918 1645//1918 1644//1918
f 1667//1985 1638//1985 1647//1985
f 1634//1986 1667//1986 1647//1986
f 1647//1987 1638//1987 1639//1987
f 1627//1988 1668//1988 1667//1988
f 1628//1989 1627//1989 1667//1989
f 1628//1990 1667//1990 1634//1990
f 1667//1991 1668//1991 1638//1991
f 1627//1992 1669//1992 1668//1992
f 1669//1993 1631//1993 1668//1993
f 1668//1994 1633//1994 1638//1994
f 1668//1994 1631//1994 1633//1994
f 1625//1995 1669//1995 1627//1995
f 1625//1996 1670//1996 1669//1996
f 1670//1997 1630//1997 1669//1997
f 1669//1998 1630//1998 1631//1998
f 1671//435 1622//435 1670//435
f 1624//1999 1671//1999 1670//1999
f 1624//2000 1670//2000 1625//2000
f 1670//491 1622//491 1630//491
f 1671//1994 1618//1994 1622//1994
f 1616//1841 1618//1841 1671//1841
f 1601//2001 1671//2001 1624//2001
f 1601//2002 1616//2002 1671//2002
f 1621//2003 1630//2003 1622//2003
f 1605//2004 1601//2004 1624//2004
f 1598//1885 1616//1885 1601//1885
f 1614//434 1616//434 1672//434
f 1672//2005 1616//2005 1598//2005
f 1598//2006 1599//2006 1672//2006
f 1672//436 1599//436 1675//436
f 1674//2007 1672//2007 1673//2007
f 1675//436 1673//436 1672//436
f 1614//2008 1672//2008 1674//2008
f 1676//435 1682//435 1675//435
f 1677//2009 1676//2009 1675//2009
f 1677//2010 1675//2010 1678//2010
f 1678//2011 1675//2011 1679//2011
f 1675//330 1599//330 1679//330
f 1675//482 1683//482 1680//482
f 1680//1841 1681//1841 1675//1841
f 1675//2012 1681//2012 1673//2012
f 1675//1840 1682//1840 1683//1840
f 1610//2013 1680//2013 1683//2013
f 1684//2014 1683//2014 1682//2014
f 1610//2015 1683//2015 1684//2015
f 1611//2016 1610//2016 1684//2016
f 1611//2017 1684//2017 1037//2017
f 1684//2018 1682//2018 1685//2018
f 1037//1160 1684//1160 1685//1160
f 1037//595 1685//595 1686//595
f 1685//2019 1687//2019 1686//2019
f 1685//2020 1682//2020 1687//2020
f 1686//559 1687//559 1688//559
f 1688//2021 1687//2021 1676//2021
f 1676//2022 1687//2022 1682//2022
f 1686//2023 1688//2023 1689//2023
f 1689//2024 1688//2024 1690//2024
f 1676//1998 1690//1998 1688//1998
f 1676//2025 1691//2025 1690//2025
f 1692//2026 1690//2026 1691//2026
f 1689//2027 1690//2027 1692//2027
f 1037//2028 1692//2028 1038//2028
f 1037//2029 1689//2029 1692//2029
f 1038//2030 1692//2030 1693//2030
f 1692//2031 1691//2031 1693//2032
f 1038//1243 1693//1243 1694//1243
f 1693//2033 1695//2033 1694//2033
f 1693//2034 1691//2034 1695//2034
f 1694//2035 1695//2035 1696//2035
f 1696//1841 1695//1841 1047//1841
f 1047//572 1695//572 1691//572
f 1698//1841 1696//1841 1047//1841
f 1694//2036 1696//2036 1697//2036
f 1697//2036 1696//2036 1698//2036
f 1047//492 1048//492 1698//492
f 1699//2037 1698//2037 1048//2037
f 1697//2038 1698//2038 1699//2038
f 1699//2039 1048//2039 1041//2039
f 1697//2040 1699//2040 1038//2040
f 1038//541 1699//541 1041//541
f 1038//2041 1694//2041 1697//2041
f 1047//434 1691//434 1676//434
f 1686//2042 1689//2042 1037//2042
f 1609//2043 1681//2043 1680//2043
f 1608//2044 1673//2044 1681//2044
f 1608//2045 1681//2045 1609//2045
f 1609//2046 1680//2046 1610//2046
f 1678//2047 1679//2047 1700//2047
f 1700//2048 1679//2048 1701//2048
f 1679//330 1595//330 1701//330
f 1679//2049 1599//2049 1595//2049
f 1702//2050 1701//2050 1703//2050
f 1700//2051 1701//2051 1702//2051
f 1701//301 1704//301 1703//301
f 1701//602 1595//602 1704//602
f 1703//570 1704//570 1585//570
f 1588//2052 1585//2052 1704//2052
f 1588//1874 1704//1874 1595//1874
f 1702//2053 1703//2053 1705//2053
f 1703//585 1585//585 1705//585
f 1705//2054 1706//2054 1702//2054
f 1705//2055 1707//2055 1706//2055
f 1705//2055 1585//2055 1707//2055
f 1706//458 1707//458 1708//458
f 1707//1243 1709//1243 1708//1243
f 1707//594 1715//594 1709//594
f 1707//2056 1585//2056 1587//2056
f 1710//2057 1707//2057 1716//2057
f 1710//498 1711//498 1707//498
f 1707//2058 1711//2058 1712//2058
f 1707//2059 1712//2059 1713//2059
f 1713//2028 1714//2028 1707//2028
f 1707//2055 1714//2055 1715//2055
f 1716//1885 1707//1885 1587//1885
f 1721//2060 1716//2060 1717//2060
f 1718//2061 1717//2061 1716//2061
f 1718//2062 1716//2062 1719//2062
f 1586//1885 1719//1885 1716//1885
f 1710//2002 1716//2002 1720//2002
f 1721//2063 1720//2063 1716//2063
f 1716//2064 1587//2064 1586//2064
f 1721//1901 1722//1901 1723//1901
f 1717//1994 1722//1994 1721//1994
f 1721//1249 1723//1249 1724//1249
f 1724//2065 1720//2065 1721//2065
f 1724//2066 1725//2066 1720//2066
f 1727//2067 1725//2067 1724//2067
f 1724//2068 1723//2068 1726//2068
f 1724//491 1726//491 1727//491
f 1727//2069 1726//2069 1728//2069
f 1728//2070 1729//2070 1727//2070
f 1727//2071 1729//2071 1725//2071
f 1731//2072 1729//2072 1730//2072
f 1728//2073 1730//2073 1729//2073
f 1725//2074 1729//2074 1731//2074
f 1732//2075 1725//2075 1731//2075
f 1731//461 1736//461 1732//461
f 1731//2076 1730//2076 1733//2076
f 1733//2077 1734//2077 1731//2077
f 1734//2078 1735//2078 1731//2078
f 1731//1161 1735//1161 1736//1161
f 1735//2079 1738//2079 1736//2079
f 1736//2080 1726//2080 1737//2080
f 1732//2081 1736//2081 1737//2081
f 1736//2082 1738//2082 1726//2082
f 1735//1922 1740//1922 1738//1922
f 1738//2083 1740//2083 1739//2083
f 1728//2084 1738//2084 1739//2084
f 1726//2085 1738//2085 1728//2085
f 1734//2086 1740//2086 1735//2086
f 1739//2087 1740//2087 1741//2087
f 1734//2088 1741//2088 1740//2088
f 1742//2089 1741//2090 1743//2089
f 1739//2069 1741//2069 1742//2069
f 1744//463 1743//463 1741//463
f 1744//2091 1741//2091 1734//2091
f 1745//2092 1743//2092 1744//2092
f 1746//2093 1745//2093 1744//2093
f 1733//2094 1744//2094 1734//2094
f 1746//2095 1744//2095 1733//2095
f 1746//2096 1747//2096 1749//2096
f 1746//2097 1748//2097 1747//2097
f 1733//2098 1748//2098 1746//2098
f 1749//2055 1745//2055 1746//2055
f 1749//2099 1747//2099 1750//2099
f 1749//2100 1750//2100 1751//2100
f 1751//2101 1752//2101 1749//2101
f 1749//2102 1752//2102 1745//2102
f 1751//1956 1753//1956 1752//1956
f 1753//2103 1754//2103 1752//2103
f 1752//2104 1755//2104 1745//2104
f 1752//2105 1754//2105 1755//2105
f 1745//2106 1755//2106 1743//2106
f 1757//2022 1743//2022 1755//2022
f 1756//434 1755//434 1754//434
f 1757//2107 1755//2107 1756//2107
f 1756//2108 1750//2108 1757//2108
f 1757//2109 1750//2109 1747//2109
f 1757//2110 1747//2110 1742//2110
f 1742//2111 1743//2111 1757//2111
f 1756//2112 1754//2112 1758//2112
f 1758//2113 1759//2113 1756//2113
f 1756//2114 1759//2114 1750//2114
f 1761//2115 1759//2115 1760//2115
f 1758//2116 1760//2116 1759//2116
f 1751//2117 1750//2117 1759//2117
f 1751//2118 1759//2118 1761//2118
f 1761//593 1753//593 1751//593
f 1762//458 1763//458 1761//458
f 1761//2119 1760//2119 1762//2119
f 1761//2120 1763//2120 1753//2120
f 1763//475 1765//475 1753//475
f 1763//2121 1764//2121 1765//2121
f 1766//2122 1764//2122 1763//2122
f 1762//2123 1766//2123 1763//2123
f 1767//594 1766//594 1762//594
f 1767//498 1768//498 1766//498
f 1768//2124 1769//2124 1766//2124
f 1766//2125 1769//2125 1764//2125
f 1770//1952 1764//1952 1769//1952
f 1769//2126 1771//2126 1770//2126
f 1768//2127 1771//2127 1769//2127
f 1770//2085 1771//2085 1772//2085
f 1773//2128 1772//2128 1771//2128
f 1773//2129 1771//2129 1768//2129
f 1774//2130 1772//2130 1773//2130
f 1767//2131 1774//2131 1773//2131
f 1773//2132 1768//2132 1767//2132
f 1775//2133 1776//2133 1774//2133
f 1767//1156 1775//1156 1774//1156
f 1774//2134 1776//2134 1772//2134
f 1777//476 1772//476 1776//476
f 1775//2135 1778//2135 1776//2135
f 1777//1250 1776//1250 1778//1250
f 1779//2136 1778//2136 1775//2136
f 1779//2137 1780//2137 1778//2137
f 1778//2138 1780//2138 1777//2138
f 1782//2139 1780//2139 1779//2139
f 1777//2140 1780//2140 1781//2140
f 1782//2141 1781//2141 1780//2141
f 1782//497 1779//497 1783//497
f 1784//2142 1782//2142 1783//2142
f 1784//2143 1781//2143 1782//2143
f 1783//2055 1785//2055 1784//2055
f 1785//2144 1786//2144 1784//2144
f 1784//1246 1786//1246 1781//1246
f 1786//1841 1787//1841 1789//1841
f 1788//1998 1787//1998 1786//1998
f 1785//1244 1788//1244 1786//1244
f 1786//1841 1789//1841 1777//1841
f 1777//2145 1781//2145 1786//2145
f 1791//2146 1789//2146 1787//2146
f 1790//2147 1777//2147 1789//2147
f 1790//2148 1789//2148 1791//2148
f 1791//2149 1792//2149 1589//2149
f 1572//2150 1791//2150 1589//2150
f 1787//2151 1793//2151 1791//2151
f 1571//2152 1791//2152 1572//2152
f 1571//2152 1790//2152 1791//2152
f 1791//2153 1793//2153 1792//2153
f 1787//434 1794//434 1793//434
f 1793//2154 1794//2154 1795//2154
f 1793//2155 1795//2155 1796//2155
f 1796//2156 1797//2157 1793//2157
f 1793//2158 1797//2158 1798//2158
f 1793//1930 1798//1930 1792//1930
f 1801//2159 1798//2159 1797//2159
f 1792//2083 1798//2083 1799//2083
f 1800//2160 1799//2160 1798//2160
f 1800//2161 1798//2161 1801//2161
f 1706//541 1800//541 1801//541
f 1801//2162 1797//2162 1802//2162
f 1801//2163 1802//2163 1706//2163
f 1706//2028 1802//2028 1803//2028
f 1802//2164 1796//2164 1803//2164
f 1802//2165 1797//2165 1796//2165
f 1804//1908 1803//1908 1805//1908
f 1706//1908 1803//1908 1804//1908
f 1803//2166 1795//2166 1805//2166
f 1803//2167 1796//2167 1795//2167
f 1804//585 1805//585 1806//585
f 1805//2168 1795//2168 1794//2168
f 1805//2169 1794//2169 1806//2169
f 1804//1980 1806//1980 1807//1980
f 1806//2170 1808//2170 1807//2170
f 1806//2171 1794//2171 1808//2171
f 1787//572 1808//572 1794//572
f 1809//2172 1808//2172 1787//2172
f 1807//2173 1808//2173 1809//2173
f 1787//572 1811//572 1809//572
f 1807//2174 1809//2174 1810//2174
f 1810//2175 1809//2175 1811//2175
f 1812//2176 1811//2176 1788//2176
f 1788//2177 1811//2177 1787//2177
f 1810//2178 1811//2178 1812//2178
f 1804//458 1812//458 1783//458
f 1804//446 1810//446 1812//446
f 1783//2179 1812//2179 1785//2179
f 1812//2180 1788//2180 1785//2181
f 1807//1936 1810//1936 1804//1936
f 1804//1894 1783//1894 1814//1894
f 1804//2182 1813//2182 1706//2182
f 1814//2183 1813//2183 1804//2183
f 1814//2184 1816//2184 1813//2184
f 1819//8 1815//8 1814//8
f 1815//2185 1816//2185 1814//2185
f 1814//2055 1783//2055 1817//2055
f 1814//498 1817//498 1818//498
f 1819//2186 1814//2186 1818//2186
f 1820//2187 1819//2187 1818//2187
f 1821//2188 1819//2188 1820//2188
f 1821//2189 1822//2189 1819//2189
f 1822//409 1815//409 1819//409
f 1824//604 1823//604 1822//604
f 1823//37 1815//37 1822//37
f 1824//2190 1822//2190 1821//2190
f 1790//2191 1824//2191 1777//2191
f 1825//2192 1777//2192 1824//2192
f 1826//1003 1823//1003 1824//1003
f 1825//2193 1824//2193 1821//2193
f 1827//2194 1826//2194 1824//2194
f 1827//2195 1824//2195 1790//2195
f 1828//2196 1827//2196 1790//2196
f 1447//2197 1827//2197 1828//2197
f 1829//2198 1826//2198 1827//2198
f 1447//2197 1829//2197 1827//2197
f 1446//2199 1829//2199 1447//2199
f 1446//1394 1831//1394 1829//1394
f 1829//2200 1830//2200 1826//2200
f 1831//2201 1830//2201 1829//2201
f 1473//2202 1831//2202 1446//2202
f 1473//2203 1833//2203 1831//2203
f 1831//2204 1832//2204 1830//2204
f 1833//2205 1832//2205 1831//2205
f 1836//2206 1833//2206 1473//2206
f 1833//2207 1834//2207 1832//2207
f 1838//2208 1834//2208 1833//2208
f 1835//2209 1839//2209 1833//2209
f 1836//2206 1835//2206 1833//2206
f 1833//2210 1837//2210 1838//2210
f 1833//2211 1839//2211 1837//2211
f 1839//161 1840//161 1841//161
f 1843//2212 1840//2212 1839//2212
f 1839//131 1841//131 1837//131
f 1839//2213 1846//2213 1842//2213
f 1842//74 1843//74 1839//74
f 1835//2214 1844//2214 1839//2214
f 1844//161 1845//161 1839//161
f 1839//1495 1845//1495 1846//1495
f 1846//2215 1847//2215 1842//2215
f 1846//2216 1848//2216 1847//2216
f 1845//2217 1848//2217 1846//2217
f 1847//106 1848//106 1849//106
f 1849//1501 1848//1501 1850//1501
f 1845//2218 1850//2218 1848//2218
f 1852//2219 1851//2219 1850//2219
f 1853//2220 1850//2220 1851//2220
f 1852//2221 1850//2221 1845//2221
f 1849//115 1850//115 1853//115
f 1862//2222 1854//2222 1853//2222
f 1854//190 1864//190 1853//190
f 1853//191 1861//191 1855//191
f 1855//662 1856//662 1853//662
f 1858//221 1853//221 1856//221
f 1857//97 1853//97 1858//97
f 1857//136 1863//136 1853//136
f 1853//97 1851//97 1859//97
f 1859//98 1860//98 1853//98
f 1853//145 1860//145 1861//145
f 1853//690 1863//690 1862//690
f 1853//190 1864//190 1849//190
f 1864//1335 1854//1335 1865//1335
f 1865//2223 1866//2223 1864//2223
f 1864//2224 1866//2224 1867//2224
f 1864//2225 1867//2225 1849//2225
f 1866//56 1870//56 1867//56
f 1849//2226 1867//2226 1868//2226
f 1868//2227 1867//2227 1869//2227
f 1867//65 1871//65 1869//65
f 1867//56 1870//56 1871//56
f 1869//65 1871//65 1872//65
f 839//2228 1871//2228 1870//2228
f 840//2229 1871//2229 839//2229
f 840//2230 1872//2230 1871//2230
f 1869//56 1872//56 1875//56
f 1873//264 1872//264 840//264
f 1873//2231 1874//2231 1872//2231
f 1875//398 1872//398 1874//398
f 1876//2232 1869//2232 1875//2232
f 1876//2233 1875//2233 1877//2233
f 1877//2234 1875//2234 1878//2234
f 1875//396 1874//396 1878//396
f 1879//2235 1878//2235 1880//2235
f 1877//2236 1878//2236 1879//2236
f 1878//294 1881//294 1880//294
f 1878//396 1874//396 1881//396
f 1882//2237 1881//2237 1883//2237
f 1882//415 1884//415 1881//415
f 1883//2238 1881//2238 1874//2238
f 1881//294 1884//294 1880//294
f 1885//2239 1884//2239 1882//2239
f 1885//2240 1886//2240 1884//2240
f 1880//589 1884//589 1886//589
f 1889//2241 1886//2241 1885//2241
f 1888//62 1886//62 1887//62
f 1889//2242 1887//2242 1886//2242
f 1880//63 1886//63 1888//63
f 1890//175 1892//175 1889//175
f 1890//36 1889//36 1891//36
f 1891//175 1889//175 1885//175
f 1892//2243 1887//2243 1889//2243
f 1893//2244 1894//2244 1892//2244
f 1890//37 1893//37 1892//37
f 1892//2245 1894//2245 1887//2245
f 1893//2246 1895//2246 1894//2246
f 1816//56 1887//56 1894//56
f 1813//62 1894//62 1895//62
f 1816//62 1894//62 1813//62
f 1897//2247 1895//2247 1893//2247
f 1702//65 1895//65 1896//65
f 1813//396 1895//396 1702//396
f 1897//2248 1896//2248 1895//2248
f 1898//714 1897//714 1899//714
f 1898//48 1900//48 1897//48
f 1899//570 1897//570 1893//570
f 1900//2249 1896//2249 1897//2249
f 1901//2250 1900//2250 1898//2250
f 1390//1672 1902//1672 1900//1672
f 1901//32 1390//32 1900//32
f 1900//1672 1902//1672 1896//1672
f 1678//56 1902//56 1391//56
f 1390//133 1391//133 1902//133
f 1700//65 1902//65 1678//65
f 1700//63 1896//63 1902//63
f 1396//50 1390//50 1901//50
f 1903//2251 1396//2251 1901//2251
f 1903//2252 1901//2252 1904//2252
f 1904//2253 1901//2253 1898//2253
f 1422//2254 1903//2254 1904//2254
f 1904//2255 1898//2255 1905//2255
f 1424//2256 1904//2256 1905//2256
f 1422//2257 1904//2257 1424//2257
f 1905//2258 1898//2258 1899//2258
f 1905//2259 1899//2259 1906//2259
f 1907//1174 1905//1174 1906//1174
f 1424//2260 1905//2260 1907//2260
f 1907//580 1425//580 1424//580
f 1907//2261 1906//2261 1908//2261
f 1908//1713 1909//1713 1907//1713
f 1907//1232 1909//1232 1425//1232
f 1910//413 1440//413 1909//413
f 1908//577 1910//577 1909//577
f 1909//407 1429//407 1425//407
f 1909//2262 1440//2262 1429//2262
f 1910//2263 1460//2263 1440//2263
f 1911//2264 1460//2264 1910//2264
f 1911//63 1910//63 1908//63
f 1912//1807 1911//1807 1917//1807
f 1912//56 1916//56 1911//56
f 1908//726 1913//726 1911//726
f 1914//56 1911//56 1913//56
f 1915//19 1911//19 1914//19
f 1917//1431 1911//1431 1915//1431
f 1916//2265 1462//2265 1911//2265
f 1911//2237 1462//2237 1460//2237
f 1917//2266 807//2266 809//2266
f 1915//2267 807//2267 1917//2267
f 1917//2268 809//2268 1912//2268
f 1918//266 1920//266 1916//266
f 1919//56 1918//56 1916//56
f 1919//341 1916//341 1912//341
f 1916//266 1920//266 1462//266
f 1918//263 1921//263 1920//263
f 1920//1431 1463//1431 1462//1431
f 1920//56 717//56 1463//56
f 1921//946 717//946 1920//946
f 1923//2269 1921//2269 1918//2269
f 1921//18 1922//18 717//18
f 1923//2270 1922//2270 1921//2270
f 1924//18 1923//18 1918//18
f 1925//341 1923//341 1924//341
f 1925//56 1926//56 1923//56
f 1926//2271 1922//2271 1923//2271
f 1927//871 1926//871 1925//871
f 1927//63 719//63 1926//63
f 719//2272 1928//2272 1926//2272
f 1926//2273 1928//2273 1922//2273
f 1928//2274 719//2274 716//2274
f 717//63 1928//63 716//63
f 717//56 1922//56 1928//56
f 1925//2275 1929//2275 1927//2275
f 1927//2276 1929//2276 1930//2276
f 720//577 719//577 1927//577
f 1927//2277 1930//2277 720//2277
f 1929//2278 1931//2278 1930//2278
f 1930//2279 1931//2279 1932//2279
f 1930//2280 1932//2280 722//2280
f 720//2281 1930//2281 722//2281
f 839//173 1932//173 1931//173
f 722//2282 1932//2282 724//2282
f 839//755 724//755 1932//755
f 839//48 1931//48 1933//48
f 1929//2283 1933//2283 1931//2283
f 1934//2284 851//2284 1933//2284
f 1935//2285 1934//2285 1933//2285
f 1935//2286 1933//2286 1929//2286
f 1933//48 842//48 839//48
f 1933//2287 852//2287 842//2287
f 1933//8 851//8 852//8
f 1924//2288 1936//2288 1935//2288
f 1936//2289 1934//2289 1935//2289
f 1925//2290 1935//2290 1929//2290
f 1924//2291 1935//2291 1925//2291
f 1936//2292 1938//2292 1934//2292
f 1919//2293 1936//2293 1924//2293
f 1919//2294 1937//2294 1936//2294
f 1937//2295 1938//2295 1936//2295
f 812//2296 1938//2296 810//2296
f 1937//2297 810//2297 1938//2297
f 1938//2298 818//2298 1934//2298
f 812//174 816//174 1938//174
f 1938//308 816//308 818//308
f 1912//2299 809//2299 1937//2299
f 809//2300 810//2300 1937//2300
f 1912//2301 1937//2301 1919//2301
f 1934//17 818//17 820//17
f 820//2302 1939//2302 1934//2302
f 1934//2303 1939//2303 851//2303
f 820//2304 821//2304 1939//2304
f 1939//2305 821//2305 831//2305
f 1939//2306 831//2306 1940//2306
f 1939//410 1940//410 851//410
f 1940//2307 831//2307 830//2307
f 1940//2308 830//2308 1941//2308
f 1940//602 1941//602 851//602
f 1941//2309 830//2309 829//2309
f 1941//2310 829//2310 857//2310
f 851//2311 1941//2311 857//2311
f 1924//56 1918//56 1919//56
f 1915//2312 805//2312 807//2312
f 1914//2313 805//2313 1915//2313
f 1914//2314 803//2314 805//2314
f 1942//56 1914//56 828//56
f 1942//2314 803//2314 1914//2314
f 1914//2315 1913//2315 828//2315
f 828//1775 1943//1775 1942//1775
f 1943//1198 801//1198 1942//1198
f 1942//2316 801//2316 803//2316
f 828//62 824//62 1943//62
f 824//2317 799//2317 1943//2317
f 1943//2318 799//2318 801//2318
f 1908//2319 1944//2319 1913//2319
f 1913//2320 1944//2320 1945//2320
f 1913//2321 1945//2321 828//2321
f 1944//2322 1891//2322 1945//2322
f 1945//2323 1891//2323 1946//2323
f 1945//2324 1946//2324 826//2324
f 828//2325 1945//2325 826//2325
f 826//2326 1946//2326 1947//2326
f 1946//837 1882//837 1947//837
f 1946//17 1885//17 1882//17
f 1891//2327 1885//2327 1946//2327
f 826//2328 1947//2328 827//2328
f 827//2329 1947//2329 837//2329
f 1947//173 1883//173 837//173
f 1947//17 1882//17 1883//17
f 1908//2330 1906//2330 1944//2330
f 1906//2331 1890//2331 1944//2331
f 1944//2332 1890//2332 1891//2332
f 1906//2333 1899//2333 1890//2333
f 1421//2334 1948//2334 1903//2334
f 1948//2335 1396//2335 1903//2335
f 1421//2336 1903//2336 1422//2336
f 1407//1311 1404//1311 1948//1311
f 1404//2337 1393//2337 1948//2337
f 1948//2338 1393//2338 1396//2338
f 1407//2339 1948//2339 1421//2339
f 1899//32 1893//32 1890//32
f 1702//395 1896//395 1700//395
f 1823//2340 1880//2340 1888//2340
f 1823//2341 1888//2341 1815//2341
f 1815//2342 1888//2342 1816//2342
f 1888//1059 1887//1059 1816//1059
f 1883//2343 1874//2343 1873//2343
f 837//175 1883//175 1873//175
f 1879//2344 1880//2344 1823//2344
f 1826//353 1879//353 1823//353
f 1830//37 1879//37 1826//37
f 1830//755 1877//755 1879//755
f 1832//2345 1876//2345 1877//2345
f 1832//351 1877//351 1830//351
f 1949//2346 1869//2346 1876//2346
f 1834//570 1949//570 1876//570
f 1834//377 1876//377 1832//377
f 1949//2347 1950//2347 1869//2347
f 1951//2348 1950//2348 1949//2348
f 1952//9 1951//9 1949//9
f 1952//602 1949//602 1834//602
f 1834//2349 1954//2349 1952//2349
f 1953//50 1951//50 1952//50
f 1952//2350 1955//2350 1953//2350
f 1952//2351 1954//2351 1955//2351
f 1868//133 1955//133 1956//133
f 1950//190 1955//190 1868//190
f 1950//115 1953//115 1955//115
f 1956//2352 1955//2352 1957//2352
f 1957//2353 1955//2353 1954//2353
f 1958//2354 1957//2354 1954//2354
f 1958//2354 1956//2354 1957//2354
f 1959//2355 1963//2355 1958//2355
f 1960//2356 1959//2356 1958//2356
f 1960//2357 1958//2357 1961//2357
f 1962//2358 1961//2358 1958//2358
f 1962//2359 1958//2359 1954//2359
f 1963//2360 1956//2360 1958//2360
f 1959//2361 1964//2361 1963//2361
f 1964//152 1968//152 1963//152
f 1963//111 1969//111 1965//111
f 1965//152 1966//152 1963//152
f 1963//115 1966//115 1967//115
f 1963//115 1967//115 1956//115
f 1963//257 1968//257 1969//257
f 1971//2362 1969//2362 1968//2362
f 1970//2363 1965//2363 1969//2363
f 1970//2364 1969//2364 1971//2364
f 1972//2365 1971//2365 1973//2365
f 1960//157 1971//157 1972//157
f 1971//2366 1968//2366 1973//2366
f 1960//697 1970//697 1971//697
f 1972//74 1973//74 1976//74
f 1973//2367 1974//2367 1975//2367
f 1973//2368 1968//2368 1974//2368
f 1976//156 1973//156 1975//156
f 1976//1505 1975//1505 1977//1505
f 1977//2369 1978//2369 1976//2369
f 1976//2370 1978//2370 1979//2370
f 1976//2371 1979//2371 1972//2372
f 1978//2373 1980//2373 1979//2373
f 1972//2374 1979//2374 1959//2374
f 1979//639 1964//639 1959//639
f 1979//2375 1980//2375 1964//2375
f 1981//2376 1982//2376 1980//2376
f 1978//2377 1981//2377 1980//2377
f 1980//115 1974//115 1964//115
f 1980//152 1982//152 1974//152
f 1975//2378 1974//2378 1982//2378
f 1975//2379 1982//2379 1983//2379
f 1983//2380 1982//2380 1984//2380
f 1981//2381 1984//2381 1982//2381
f 1985//2382 1984//2382 1981//2382
f 1985//2383 1986//2383 1984//2383
f 1987//2384 1984//2384 1986//2384
f 1983//2385 1984//2385 1987//2385
f 1989//1419 1987//1419 1988//1419
f 1987//2386 1986//2386 1988//2386
f 1983//131 1987//131 1989//131
f 1989//1537 1988//1537 1990//1537
f 1990//2387 1991//2387 1989//2387
f 1989//2388 1991//2388 1992//2388
f 1989//2389 1992//2389 1977//2389
f 1977//89 1983//89 1989//89
f 1991//2390 1985//2390 1992//2390
f 1977//2391 1992//2391 1978//2391
f 1992//2392 1981//2392 1978//2392
f 1992//2393 1985//2393 1981//2393
f 1990//2394 1994//2394 1991//2394
f 1991//2395 1993//2395 1985//2395
f 1994//2396 1993//2396 1991//2396
f 1995//2397 1997//2397 1994//2397
f 1996//2398 1995//2398 1994//2398
f 1996//2399 1994//2399 1990//2399
f 1994//2400 1997//2400 1993//2400
f 1995//2401 1998//2401 1997//2401
f 1998//193 1999//193 1997//193
f 1997//2402 2000//2402 1993//2402
f 1997//684 1999//684 2000//684
f 1993//2403 2000//2403 1986//2403
f 2001//2404 2000//2405 1999//2404
f 1988//2406 1986//2406 2000//2406
f 1988//2407 2000//2407 2001//2407
f 1990//233 2001//233 1996//233
f 1990//2408 1988//2408 2001//2408
f 2001//2409 1999//2409 2002//2409
f 1996//624 2001//624 2002//624
f 2002//2410 2003//2410 2005//2410
f 2002//2411 1999//2411 2003//2411
f 2004//2412 2002//2412 2005//2412
f 1996//2413 2002//2413 2004//2413
f 2005//2414 2006//2414 2008//2414
f 2005//2415 2003//2415 2006//2415
f 2004//161 2005//161 2007//161
f 2007//2416 2005//2416 2008//2416
f 2008//2417 2009//2417 2010//2417
f 2008//2418 2006//2418 2009//2418
f 2007//249 2008//249 2010//249
f 2010//2419 2009//2419 2012//2419
f 2010//2420 2012//2420 2011//2420
f 2013//233 2010//233 2011//233
f 2007//157 2010//157 2013//157
f 2013//2421 2015//2421 2014//2421
f 2014//2422 2007//2422 2013//2422
f 1835//2423 2015//2423 2013//2423
f 2013//89 2011//89 2016//89
f 2016//2424 2017//2424 2013//2424
f 2013//2425 2017//2425 2018//2425
f 2018//1497 2019//1497 2013//1497
f 2013//130 2019//130 2020//130
f 2013//210 2020//210 1844//210
f 2013//2426 1844//2426 1835//2426
f 2019//2427 1861//2427 2020//2427
f 2020//2428 1860//2428 2021//2428
f 2020//2429 1861//2429 1860//2429
f 1844//2430 2020//2430 2021//2430
f 2021//2431 1859//2431 2022//2431
f 1844//1505 2021//697 2022//1505
f 2021//2432 1860//2432 1859//2432
f 2022//2433 1851//2433 1852//2433
f 2022//157 1852//157 1844//157
f 2022//2434 1859//2434 1851//2434
f 2019//2435 1855//2435 1861//2435
f 2018//2436 1855//2436 2019//2436
f 2018//2437 1856//2437 1855//2437
f 2017//2438 1856//2438 2018//2438
f 2016//2439 1858//2439 2017//2439
f 2017//2440 1858//2440 1856//2440
f 2011//2441 1857//2441 2016//2441
f 2016//2442 1857//2442 1858//2442
f 1835//2443 2023//2443 2015//2443
f 2014//2444 2015//2444 2023//2444
f 2024//2445 2023//2445 2025//2445
f 2014//2446 2023//2446 2024//2446
f 2025//2447 2023//2447 1835//2447
f 2025//2448 2026//2448 2027//2448
f 2029//2449 2026//2449 2025//2449
f 2027//2450 1854//2450 2025//2450
f 2028//2451 2025//2451 1835//2451
f 2029//2452 2025//2452 2028//2452
f 1862//2453 2025//2453 1854//2453
f 2024//2454 2025//2454 1862//2454
f 2029//2455 2030//2455 2031//2455
f 2029//173 1471//173 2030//173
f 2028//275 1471//275 2029//275
f 2031//2456 2026//2456 2029//2456
f 2031//2457 2034//2457 2032//2457
f 2032//161 2039//161 2031//161
f 2031//2458 2038//2458 2033//2416
f 2031//2459 2033//2459 2035//2459
f 2031//634 2036//634 2034//634
f 2035//2460 2037//2460 2031//2460
f 2030//157 2036//157 2031//157
f 2031//2461 2037//2461 2026//2461
f 2031//697 2039//697 2038//697
f 2040//2462 2038//2462 2039//2462
f 2040//2463 2039//2463 2041//2463
f 2041//2464 2039//2464 2032//2464
f 2040//2465 2041//2465 2043//2465
f 2041//2466 2032//2466 2042//2466
f 2043//97 2041//97 2042//97
f 2044//2467 2043//2467 2048//2467
f 2045//2468 2043//2468 2044//2468
f 2043//107 2042//107 2049//107
f 2043//106 2045//106 2040//106
f 2043//2469 565//2469 2046//2469
f 2046//2470 2047//2470 2043//2470
f 2043//2471 2047//2471 2048//2471
f 2043//2472 2049//2472 2050//2472
f 2043//2473 2050//2473 565//2473
f 2050//2474 2051//2474 570//2474
f 2049//9 2051//9 2050//9
f 565//2475 2050//2475 568//2475
f 2050//570 570//570 568//570
f 2051//191 2052//191 2054//191
f 2063//192 2052//192 2051//192
f 2053//2476 2061//2476 2051//2476
f 2051//107 2057//107 2053//107
f 2054//145 2058//145 2051//145
f 2051//1477 2059//1477 2055//1477
f 2055//2477 2056//2477 2051//2477
f 2051//2478 2056//2478 2057//2478
f 2051//136 2058//136 2059//136
f 2051//2479 2060//2479 2063//2479
f 2051//188 2062//188 2060//188
f 2051//2476 2061//2476 717//2476
f 2051//2480 717//2480 570//2480
f 2049//133 2062//133 2051//133
f 2063//2481 2065//2481 2052//2481
f 2060//2482 2064//2482 2063//2482
f 2063//2483 2064//2483 2065//2483
f 2052//2484 2065//2484 2066//2484
f 1471//131 2065//131 2064//131
f 2066//2485 2065//2485 1471//2485
f 2052//2486 2066//2486 2054//2486
f 1471//246 2067//246 2066//246
f 2054//2487 2066//2487 2067//2487
f 2058//2488 2067//2488 2068//2488
f 1471//246 2068//246 2067//246
f 2054//2489 2067//2489 2058//2489
f 2069//249 2068//249 1471//249
f 2059//2490 2068//2490 2069//2490
f 2058//2491 2068//2491 2059//2491
f 1471//85 2070//85 2069//85
f 2055//2492 2069//2492 2070//2492
f 2059//2493 2069//2493 2055//2493
f 1471//126 2071//126 2070//126
f 2055//2494 2070//2494 2056//2494
f 2056//2495 2070//2495 2071//2495
f 2072//2496 2071//2496 1471//2496
f 2057//2497 2071//2497 2072//2497
f 2056//2498 2071//2498 2057//2498
f 1471//634 2074//634 2072//634
f 2057//2499 2072//2499 2073//2499
f 2073//2500 2072//2500 2074//2500
f 2073//2501 2074//2501 2075//2501
f 2075//2502 2074//2502 2076//2502
f 2077//2503 2076//2503 2074//2503
f 2077//233 2074//233 1471//233
f 2078//234 2082//234 2077//234
f 2077//2504 2079//2504 2078//2504
f 2080//697 2076//697 2077//697
f 2061//2505 2077//2505 717//2505
f 2061//2506 2079//2506 2077//2506
f 2077//2507 2081//2507 2080//2507
f 717//2508 2077//2508 1471//2508
f 2077//1419 2082//1419 2081//1419
f 2085//2509 2082//2509 2078//2509
f 2083//2510 2081//2510 2082//2510
f 2083//2511 2082//2511 2084//2511
f 2084//2512 2082//2512 2085//2512
f 2086//2513 2085//2513 2087//2513
f 2084//2368 2085//2368 2086//2368
f 2085//1483 2088//1483 2087//1483
f 2078//88 2089//88 2085//88
f 2085//2514 2089//2514 2088//2514
f 2079//2515 2090//2515 2089//2515
f 2089//2516 2078//2516 2079//2516
f 2089//2517 2090//2517 2091//2517
f 2089//2518 2091//2518 2088//2518
f 2090//2519 2095//2519 2091//2519
f 2091//2520 2094//2520 2088//2520
f 2091//2521 2096//2521 2092//2521
f 2092//2522 2093//2522 2091//2522
f 2091//2523 2093//2523 2094//2523
f 2091//2524 2095//2524 2096//2524
f 2096//2525 2097//2525 2099//2525
f 2096//2526 2098//2526 2097//2526
f 2095//2527 2098//2527 2096//2527
f 2100//2528 2096//2528 2099//2528
f 2092//2529 2096//2529 2100//2529
f 2100//2530 2101//2530 2103//2530
f 2099//2531 2101//2531 2100//2531
f 2104//2532 2100//2532 2102//2532
f 2100//2533 2103//2533 2102//2533
f 2092//2534 2100//2534 2104//2534
f 2105//2535 2104//2535 2107//2535
f 2105//2536 2106//2536 2104//2536
f 2104//2537 2106//2537 2092//2537
f 2107//2538 2104//2538 2108//2538
f 2104//2539 2102//2539 2108//2539
f 2107//2540 2108//2540 2109//2540
f 2109//2541 2108//2541 2110//2541
f 2108//2542 2111//2542 2110//2542
f 2108//2543 2102//2543 2111//2543
f 2112//2544 2111//2544 2114//2544
f 2112//2545 2113//2545 2111//2545
f 2110//2546 2111//2546 2113//2546
f 2102//2547 2115//2547 2111//2547
f 2111//2548 2116//2548 2114//2548
f 2111//2549 2115//2549 2116//2549
f 2118//2550 2114//2550 2116//2550
f 2116//190 2115//190 2117//190
f 2118//95 2116//95 2117//95
f 2117//2551 2119//2551 2118//2551
f 2118//2552 2119//2552 2120//2552
f 2118//2553 2120//2553 2121//2553
f 2121//111 2114//111 2118//111
f 2121//2554 2120//2554 2122//2554
f 2121//2555 2122//2555 2123//2555
f 2123//1470 2124//1470 2121//1470
f 2121//257 2112//257 2114//257
f 2121//2556 2124//2556 2112//2556
f 2124//2557 2113//2557 2112//2557
f 2125//2558 2113//2558 2124//2558
f 2123//133 2125//133 2124//133
f 2126//2559 2127//2559 2125//2559
f 2126//133 2125//133 2123//133
f 2125//2560 2127//2560 2113//2560
f 2131//2561 2113//2561 2127//2561
f 2129//2562 2127//2562 2126//2562
f 2128//2563 2127//2563 2130//2563
f 2131//2564 2127//2564 2128//2564
f 2129//2565 2130//2565 2127//2565
f 2110//2566 2113//2566 2131//2566
f 2132//2567 2110//2567 2131//2567
f 2132//2568 2131//2568 2133//2568
f 2133//2569 2131//2569 2134//2569
f 2134//2570 2131//2570 2128//2570
f 2133//1483 2134//1483 2136//1483
f 2134//2571 2128//2571 2135//2571
f 2136//89 2134//89 2135//89
f 2133//226 2136//226 2137//226
f 2136//634 2135//634 2140//634
f 2138//2572 2137//2572 2136//2572
f 2138//2573 2136//2573 2139//2573
f 2139//2574 2136//2574 2140//2574
f 2044//2575 2140//2575 2141//2575
f 2139//2576 2140//2576 2044//2576
f 2140//1419 2143//1419 2141//1537
f 2140//1497 2135//1497 2142//1497
f 2140//92 2142//92 2143//92
f 2142//2577 2144//2577 2143//2577
f 2143//2578 2144//2578 2145//2578
f 2141//2579 2143//2579 2145//2579
f 2145//2580 2144//2580 2146//2580
f 2145//2581 2146//2581 2033//2581
f 2141//233 2145//233 2033//233
f 2035//2582 2033//2582 2146//2582
f 2035//2583 2146//2583 2046//2583
f 2046//2584 2146//2584 2047//2584
f 2146//2585 2147//2585 2047//2585
f 2144//2586 2147//2586 2146//2586
f 2048//2587 2147//2587 2148//2587
f 2048//2588 2047//2588 2147//2588
f 2148//2589 2147//2589 2130//2589
f 2144//2590 2130//2590 2147//2590
f 2139//133 2048//133 2148//133
f 2148//2591 2130//2591 2149//2591
f 2139//1470 2148//1470 2149//1470
f 2138//106 2149//106 2129//106
f 2139//673 2149//673 2138//673
f 2149//2592 2130//2592 2129//2592
f 2128//2593 2130//2593 2144//2593
f 2142//2594 2128//2594 2144//2594
f 2135//2595 2128//2595 2142//2595
f 2044//2596 2141//2596 2045//2596
f 2033//127 2038//127 2141//127
f 2045//2597 2141//2597 2038//2597
f 2044//2467 2048//2467 2139//2467
f 2123//190 2138//190 2126//190
f 2123//2598 2137//2598 2138//2598
f 2138//2599 2129//2599 2126//2599
f 2137//161 2132//161 2133//161
f 2122//2600 2150//2600 2137//2600
f 2123//2601 2122//2601 2137//2601
f 2137//2602 2150//2602 2132//2602
f 2122//126 2109//126 2150//126
f 2109//2603 2110//2603 2150//2603
f 2150//2604 2110//2604 2132//2604
f 2120//127 2109//127 2122//127
f 2120//1583 2107//1583 2109//1583
f 2120//131 2105//131 2107//131
f 2119//130 2105//130 2120//130
f 2151//635 2152//635 2119//635
f 2117//2605 2151//2605 2119//2605
f 2119//85 2106//85 2105//85
f 2152//634 2106//634 2119//634
f 2106//2606 2152//2606 2092//2606
f 2092//2607 2152//2607 2093//2607
f 2151//2608 2093//2608 2152//2608
f 2087//210 2093//210 2151//210
f 2153//2609 2087//2609 2151//2609
f 2153//2610 2151//2610 2117//2610
f 2153//2611 2101//2611 2086//2611
f 2086//2612 2087//2612 2153//2612
f 2117//1637 2154//1637 2153//1637
f 2153//1501 2103//1501 2101//1501
f 2153//152 2154//152 2103//152
f 2102//2613 2154//2613 2115//2613
f 2117//2614 2115//2614 2154//2614
f 2102//2615 2103//2615 2154//2616
f 2086//257 2101//257 2099//257
f 2086//2617 2099//2617 2084//2617
f 2099//643 2097//643 2084//643
f 2084//145 2097//145 2098//145
f 2095//2618 2155//2618 2098//2618
f 2083//193 2098//193 2155//193
f 2084//152 2098//152 2083//152
f 2156//2619 2155//2619 2095//2619
f 2083//193 2155//193 2156//193
f 2157//114 2156//114 2053//114
f 2083//217 2156//217 2157//217
f 2158//2620 2053//2620 2156//2620
f 2095//2621 2158//2621 2156//2621
f 2158//2622 2061//2622 2053//2622
f 2079//2623 2158//2623 2090//2623
f 2079//2624 2061//2624 2158//2624
f 2090//2625 2158//2625 2095//2625
f 2157//2626 2053//2626 2159//2626
f 2159//2627 2080//2627 2157//2627
f 2157//2628 2080//2628 2081//2628
f 2157//2629 2081//2629 2083//2629
f 2159//2630 2076//2630 2080//2630
f 2075//2631 2076//2631 2159//2631
f 2159//193 2053//193 2075//193
f 2087//1505 2094//1505 2093//1505
f 2087//635 2088//635 2094//635
f 2053//2632 2073//2632 2075//2632
f 2053//2633 2057//2633 2073//2633
f 2030//2634 2064//2634 2160//2634
f 1471//1497 2064//1497 2030//1497
f 2060//32 2160//32 2064//32
f 2030//233 2160//233 2161//233
f 2062//180 2160//180 2060//180
f 2062//2635 2161//2635 2160//2635
f 2161//636 2162//636 2030//636
f 2163//2636 2162//2636 2161//2636
f 2163//2637 2161//2637 2062//2637
f 2049//661 2164//661 2163//661
f 2163//133 2062//133 2049//133
f 2164//2638 2162//2638 2163//2638
f 2049//662 2165//662 2164//662
f 2165//2639 2166//2639 2164//2639
f 2164//2640 2166//2640 2162//2640
f 2030//92 2166//92 2167//92
f 2030//2503 2162//2503 2166//2503
f 2165//2641 2167//2641 2166//2641
f 2168//2642 2167//2642 2165//2642
f 2168//2643 2169//2643 2167//2643
f 2167//2509 2169//2509 2030//2509
f 2170//2644 2169//2644 2168//2645
f 2170//2646 2171//2646 2169//2646
f 2030//157 2169//157 2171//157
f 2171//2365 2173//2365 2030//2365
f 2172//2646 2171//2646 2170//2646
f 2172//2647 2173//2647 2171//2647
f 2030//2648 2173//2648 2036//2648
f 2174//2649 2173//2649 2172//2649
f 2174//2650 2036//2650 2173//2650
f 2174//1470 2172//1470 2049//1470
f 2049//2651 2175//2651 2174//2651
f 2175//2652 2036//2652 2174//2652
f 2042//2653 2034//2653 2175//2653
f 2049//643 2042//643 2175//643
f 2175//2654 2034//2654 2036//2654
f 2049//2655 2172//2655 2170//2655
f 2049//193 2170//193 2168//193
f 2168//673 2165//673 2049//673
f 2046//2656 2037//2656 2035//2656
f 2046//2657 565//2657 2037//2657
f 2045//2658 2038//2658 2040//2658
f 2042//2659 2032//2659 2034//2659
f 2027//2660 2037//2660 2176//2660
f 2027//2661 2026//2661 2037//2661
f 2037//2662 565//2662 2176//2662
f 738//17 2027//17 2176//17
f 738//174 2176//174 739//174
f 739//570 2176//570 564//570
f 2176//2663 565//2663 564//2663
f 2028//2664 1835//2664 1836//2664
f 1836//305 1471//305 2028//305
f 1865//2665 1854//2665 2027//2665
f 1865//37 2027//37 738//37
f 1862//693 2014//693 2024//693
f 2007//2666 2014//2666 2177//2666
f 2014//2667 2178//2667 2177//2667
f 2014//2668 1863//2668 2178//2668
f 1862//693 1863//693 2014//693
f 2177//2669 2178//2669 1998//2669
f 1863//97 2006//97 2178//97
f 2178//133 2003//133 1998//133
f 2178//2467 2006//2467 2003//2467
f 2004//2670 2177//2670 1995//2670
f 2007//2671 2177//2671 2004//2671
f 2177//2672 1998//2672 1995//2672
f 2011//2673 2012//2673 1857//2673
f 2012//2468 1863//2468 1857//2468
f 2012//2674 2009//2674 1863//2674
f 1863//115 2009//115 2006//115
f 2004//2675 1995//2675 1996//2675
f 1998//133 2003//133 1999//133
f 1993//115 1986//115 1985//115
f 1977//697 1975//697 1983//697
f 1964//257 1974//257 1968//257
f 1972//2676 1959//2676 1960//2676
f 1961//158 2179//158 1970//158
f 2179//2677 1965//2677 1970//2677
f 1961//233 1970//233 1960//233
f 2180//226 2179//226 1961//226
f 2180//2678 1966//2678 2179//2678
f 2179//2679 1966//2679 1965//2679
f 1961//210 2181//210 2180//210
f 2181//2680 1967//2680 2180//2680
f 2180//2681 1967//2681 1966//2681
f 2181//2682 2182//2682 1967//2682
f 1961//131 2183//131 2181//131
f 2183//2683 2182//2683 2181//2683
f 2183//2684 2184//2684 2182//2684
f 2185//2685 2184//2685 2183//2685
f 1838//1497 2183//1497 1961//1497
f 1838//210 2185//210 2183//210
f 2185//2686 2186//2686 2184//2686
f 2187//2687 2186//2687 2185//2687
f 2187//210 2185//210 1838//210
f 2188//131 2187//131 1838//131
f 2188//2688 2189//2688 2187//2688
f 2187//2689 2189//2689 2186//2689
f 2186//1601 2189//1601 1956//1601
f 1956//190 2189//190 2190//190
f 2188//2596 2190//2596 2189//2596
f 1868//2690 2190//2690 2191//2690
f 1956//133 2190//133 1868//133
f 2192//2691 2191//2691 2190//2691
f 2192//77 2190//77 2188//77
f 2193//2692 2191//2692 2192//2692
f 1838//75 2193//75 2192//75
f 1838//2693 2192//2693 2188//2693
f 2193//2694 2194//2694 2191//2694
f 1837//2693 1841//2693 2193//2693
f 1841//2695 2194//2695 2193//2695
f 1837//2693 2193//2693 1838//2693
f 2191//191 2194//191 1868//191
f 1868//651 2194//651 2195//651
f 1841//2696 2195//2696 2194//2696
f 1868//145 2195//145 1849//145
f 1849//2376 2195//2376 2196//2376
f 1840//2697 2196//2697 2195//2697
f 1840//2698 2195//2698 1841//2698
f 1843//2699 2196//2699 1840//2699
f 1843//2700 2197//2700 2196//2700
f 1849//2701 2196//2701 2197//2701
f 1842//2702 1847//2702 2197//2702
f 2197//1500 1847//1500 1849//1500
f 1842//2703 2197//2703 1843//2703
f 2184//188 2186//188 1956//188
f 1956//191 2182//191 2184//191
f 1956//2704 1967//2704 2182//2704
f 1838//2358 1961//2358 1962//2358
f 1838//2705 1962//2705 1834//2705
f 1834//2706 1962//2706 1954//2706
f 1951//114 1953//114 1950//114
f 1868//2707 1869//2707 1950//2707
f 837//48 1873//48 840//48
f 1866//56 733//56 1870//56
f 732//2273 1870//2273 733//2273
f 839//2708 1870//2708 732//2708
f 735//18 733//18 1866//18
f 1865//2709 735//2709 1866//2709
f 738//2710 735//2710 1865//2710
f 1844//161 1852//161 1845//161
f 1473//330 1471//330 1836//330
f 1828//175 1444//175 1447//175
f 1828//570 1436//570 1444//570
f 1828//2196 1790//2196 1571//2196
f 1571//2711 1434//2711 1828//2711
f 1828//2712 1434//2712 1436//2712
f 2198//2713 1825//2713 1821//2713
f 2198//2714 1777//2714 1825//2714
f 1770//2715 1777//2715 2198//2715
f 1770//2716 2198//2716 1760//2716
f 1762//2717 1760//2717 2198//2717
f 1820//1253 2198//1253 1821//1253
f 1762//2718 2198//2718 1767//2718
f 1820//2719 1767//2719 2198//2719
f 1820//2720 1818//2720 2199//2720
f 2199//2721 1783//2721 1820//2721
f 1783//1263 1767//1263 1820//1263
f 1702//2722 1706//2722 1813//2722
f 2200//2723 1799//2723 1800//2723
f 2200//498 1800//498 1706//498
f 1708//2724 2201//2724 2200//2724
f 1706//446 1708//446 2200//446
f 2200//2725 2201//2725 1799//2725
f 1708//2726 2202//2726 2201//2726
f 2203//2008 2201//2008 2202//2008
f 2203//1837 1799//1837 2201//1837
f 1589//2727 2203//2727 1718//2727
f 2203//2728 1717//2728 1718//2728
f 2203//518 2207//518 1717//518
f 2204//434 2203//434 2202//434
f 2204//491 2205//491 2203//491
f 2205//2729 2206//2729 2203//2729
f 2203//491 2206//491 2207//491
f 1589//2730 1792//2730 2203//2730
f 1792//2012 1799//2012 2203//2012
f 1713//2731 2207//2731 2206//2731
f 2207//2732 2208//2732 1717//2732
f 1712//2733 2208//2733 2207//2733
f 1712//2734 2207//2734 1713//2734
f 1711//2735 2208//2735 1712//2735
f 1711//2736 1722//2737 2208//2736
f 1717//2126 2208//2126 1722//2126
f 1714//2738 2206//2738 2205//2738
f 1713//2739 2206//2739 1714//2739
f 1715//2740 2205//2740 2204//2740
f 1714//2741 2205//2741 1715//2741
f 1709//2742 2204//2742 2202//2742
f 1715//2743 2204//2743 1709//2743
f 1709//2744 2202//2744 1708//2744
f 1783//2745 1779//2745 1775//2745
f 1783//461 1775//461 1767//461
f 1770//480 1772//480 1777//480
f 1770//2746 1760//2746 1758//2746
f 1758//2747 1765//2747 1770//2747
f 1770//1837 1765//1837 1764//1837
f 1753//2748 1765//2748 1754//2748
f 1758//2749 1754//2749 1765//2749
f 1742//2750 1747//2750 1748//2750
f 1742//2751 1748//2751 1739//2751
f 1739//2752 1748//2752 1730//2752
f 1733//2753 1730//2753 1748//2753
f 1739//2754 1730//2754 1728//2754
f 1710//2755 1737//2755 2209//2755
f 1732//1907 1737//1907 1710//1907
f 1737//2756 1723//2756 2209//2756
f 1737//2757 1726//2757 1723//2757
f 1710//2758 2209//2758 1711//2758
f 2209//2759 1722//2759 1711//2759
f 2209//2760 1723//2760 1722//2760
f 1732//2761 1720//2761 1725//2761
f 1710//2762 1720//2762 1732//2762
f 1719//2763 1589//2763 1718//2763
f 1586//2764 1589//2764 1719//2764
f 1678//62 1391//62 1677//62
f 1382//2765 1676//2765 1677//2765
f 1677//65 1391//65 1385//65
f 1677//65 1385//65 1382//65
f 1382//2766 1047//2766 1676//2766
f 1606//2767 1614//2767 1674//2767
f 1606//2768 1674//2768 1607//2768
f 1607//2769 1674//2769 1673//2769
f 1607//2770 1673//2770 1608//2770
f 1039//2771 1611//2771 1037//2771
f 1596//1158 2210//1158 2215//1158
f 1596//2745 2213//2745 2210//2745
f 1596//586 2211//586 2214//586
f 1596//585 2212//585 2211//585
f 2215//585 2212//585 1596//585
f 1596//2772 2214//2772 1592//2772
f 988//2773 987//2773 1596//2773
f 987//446 2213//446 1596//446
f 2216//2774 2212//2774 2215//2774
f 2216//2775 2215//2775 2217//2775
f 2217//2175 2215//2175 2210//2175
f 1583//510 2216//510 2217//510
f 2217//2776 2210//2776 2218//2776
f 1583//2777 2217//2777 1566//2777
f 1566//2778 2217//2778 2218//2778
f 2218//2776 2210//2776 2213//2776
f 1566//2012 2218//2012 2219//2012
f 2218//2779 2213//2779 2219//2779
f 2219//1840 2220//1840 1566//1840
f 2219//2780 2221//2780 2220//2780
f 2219//2781 2213//2781 2221//2781
f 987//2123 2221//2123 2213//2123
f 987//2782 2222//2782 2221//2782
f 2220//2783 2221//2783 2222//2783
f 2223//2784 2222//2784 987//2784
f 2224//2785 2222//2785 2223//2785
f 2220//2027 2222//2027 2224//2027
f 1566//2749 2224//2749 2225//2749
f 1566//1949 2220//1949 2224//1949
f 2224//2786 2223//2786 2225//2786
f 2225//2787 2227//2787 2226//2787
f 2225//520 2226//520 1566//520
f 2225//2788 2223//2788 2227//2788
f 2226//559 2227//559 2228//559
f 987//2789 2228//2789 2227//2789
f 987//2790 2227//2790 2223//2790
f 2226//2791 2228//2791 2229//2791
f 2230//1936 2228//1936 987//1936
f 2229//2792 2228//2792 2230//2792
f 987//2793 2231//2793 2230//2793
f 2229//2794 2230//2794 1567//2794
f 1567//2795 2230//2795 2231//2795
f 987//2796 986//2796 2231//2796
f 1567//2797 2231//2797 1568//2797
f 1568//2798 2231//2798 986//2798
f 1566//1839 2229//1839 1567//1839
f 1566//2799 2226//2799 2229//2799
f 2232//1255 2216//1255 1583//1255
f 2232//2178 2212//2178 2216//2178
f 1583//2800 2233//2800 2232//2800
f 2233//2801 2211//2801 2232//2801
f 2232//2802 2211//2802 2212//2802
f 2233//2803 2234//2803 2211//2803
f 2235//2804 2234//2804 2233//2804
f 1583//2083 2235//2083 2233//2083
f 2236//434 2235//434 1593//434
f 2236//2805 2237//2805 2235//2805
f 2235//500 2237//500 2234//500
f 1593//2806 2235//2806 1583//2806
f 2237//1243 2239//1243 2238//1243
f 2238//2807 2234//2807 2237//2807
f 2237//2808 2240//2808 2239//2808
f 2241//1161 2240//1161 2237//1161
f 2236//499 2241//499 2237//499
f 2241//498 2242//498 2240//498
f 2241//2809 2245//2809 2242//2809
f 2243//2030 2245//2030 2241//2030
f 2244//2810 2243//2810 2241//2810
f 2244//2811 2241//2811 2236//2811
f 2246//2812 2242//2812 2245//2812
f 2245//2813 2247//2813 2246//2813
f 2243//2179 2247//2179 2245//2179
f 2246//2814 2247//2814 2249//2814
f 2243//2815 2248//2815 2247//2815
f 2247//2816 2248//2816 2249//2816
f 2246//2817 2249//2817 2254//2817
f 2254//2818 2249//2818 2250//2818
f 2250//2819 2249//2819 2251//2819
f 2251//2820 2249//2820 2252//2820
f 2249//2821 2253//2821 2252//2821
f 2249//2822 2248//2822 2253//2822
f 2254//2823 2255//2823 2246//2823
f 2256//2824 2255//2824 2254//2824
f 2256//434 2254//434 2250//434
f 2256//2825 2257//2825 2243//2825
f 2258//2826 2257//2826 2256//2826
f 2244//2827 2255//2827 2256//2827
f 2256//2828 2243//2828 2244//2828
f 2256//1252 2250//1252 2258//1252
f 2258//2007 2250//2007 2251//2007
f 2258//2829 2251//2829 2261//2829
f 2258//491 2261//491 2259//491
f 2259//2830 2260//2830 2258//2830
f 2258//2831 2260//2831 2257//2831
f 2251//2832 2252//2832 2261//2832
f 2252//2833 2262//2833 2261//2833
f 2259//491 2261//491 2262//491
f 2262//1249 2263//1249 2264//1249
f 2252//2834 2263//2834 2262//2834
f 2259//2835 2262//2835 2264//2835
f 2264//2021 2268//2021 2265//2021
f 2265//1966 2266//1966 2264//1966
f 2264//2836 2266//2836 2267//2836
f 2264//2837 2267//2837 2259//2837
f 2264//2838 2263//2838 2268//2838
f 2269//2839 2270//2839 2268//2839
f 2268//2840 2263//2840 2269//2840
f 2265//436 2268//436 2270//436
f 2269//2841 2271//2841 2270//2841
f 2271//2842 2272//2842 2270//2842
f 2265//2843 2270//2843 2272//2843
f 2274//1249 2272//1249 2273//1249
f 2271//2844 2273//2844 2272//2844
f 2265//1840 2272//1840 2274//1840
f 2274//1948 2273//1948 2275//1948
f 2275//2845 2276//2845 2274//2845
f 2274//2846 2276//2846 2277//2846
f 2274//2847 2277//2847 2265//2847
f 2265//2847 2277//2847 2266//2847
f 2277//2782 2278//2782 2266//2782
f 2277//595 2279//595 2278//595
f 2277//1161 2280//1161 2279//1161
f 2276//533 2280//533 2277//533
f 2281//2848 2279//2848 2280//2848
f 2282//2849 2281//2849 2280//2849
f 2276//459 2282//459 2280//459
f 2283//2850 2281//2850 2282//2850
f 2284//2851 2283//2851 2282//2851
f 2284//2852 2282//2852 2285//2852
f 2285//541 2282//541 2276//541
f 970//2853 2284//2853 2285//2853
f 970//2854 2285//2854 977//2854
f 2286//2855 977//2855 2285//2855
f 2286//1908 2285//1908 2276//1908
f 2287//1910 977//1910 2286//1910
f 2288//2856 2287//2856 2286//2856
f 2288//2857 2286//2857 2275//2857
f 2275//2105 2286//2105 2276//2105
f 2288//2858 2289//2858 2290//2858
f 2275//473 2289//473 2288//473
f 2288//1994 2290//1994 2292//1994
f 2292//518 2291//518 2288//518
f 2291//1931 2287//1931 2288//1931
f 2292//2859 2283//2859 2284//2859
f 2292//2860 2290//2860 2283//2860
f 1560//2861 2292//2861 2284//2861
f 1557//1839 2291//1839 2292//1839
f 1557//2862 2292//2862 1560//2862
f 2291//2863 2293//2863 2287//2863
f 2294//2864 2293//2864 2291//2865
f 1557//2866 2294//2866 2291//2866
f 2295//2867 2294//2867 1557//2867
f 2295//2868 2296//2868 2294//2868
f 2294//2088 2296//2088 2293//2088
f 976//2041 977//2041 2296//2041
f 2295//2086 976//2086 2296//2086
f 2296//2869 977//2869 2293//2869
f 1557//1949 2297//1949 2295//1949
f 2297//2870 976//2870 2295//2870
f 2297//1920 978//1920 976//1920
f 1557//2871 1570//2871 2297//2871
f 1570//2872 978//2872 2297//2872
f 2287//2873 2293//2873 977//2873
f 2290//2874 2289//2874 2283//2874
f 2283//2875 2289//2875 2281//2875
f 2289//2876 2298//2876 2281//2876
f 2275//482 2298//482 2289//482
f 2281//2877 2298//2877 2273//2877
f 2273//2878 2298//2878 2275//2878
f 1560//2879 2284//2879 970//2879
f 2281//2880 2273//2880 2271//2880
f 2271//2881 2278//2881 2281//2881
f 2281//2882 2278//2882 2279//2882
f 2266//2883 2278//2883 2299//2883
f 2271//2884 2299//2884 2278//2884
f 2300//2885 2299//2885 2271//2885
f 2267//593 2299//593 2300//593
f 2266//448 2299//448 2267//448
f 2300//2886 2271//2886 2269//2886
f 2269//2887 2301//2887 2300//2887
f 2267//1157 2300//1157 2301//1157
f 2269//2888 2302//2888 2301//2888
f 2260//2889 2301//2889 2302//2889
f 2267//2890 2301//2890 2260//2890
f 2260//2891 2302//2891 2253//2891
f 2252//2892 2253//2892 2302//2892
f 2252//2893 2302//2893 2269//2893
f 2269//2894 2263//2894 2252//2894
f 2259//2895 2267//2895 2260//2895
f 2260//2896 2253//2896 2257//2896
f 2257//1894 2248//1894 2243//1894
f 2257//585 2253//585 2248//585
f 2246//2897 2255//2897 2303//2897
f 2244//435 2303//435 2255//435
f 2303//2898 2304//2898 2246//2898
f 2303//2899 2305//2899 2304//2899
f 2244//2900 2305//2900 2303//2900
f 2304//2901 2305//2901 2306//2901
f 2236//2902 2305//2902 2244//2902
f 2236//2022 2306//2022 2305//2022
f 2307//2903 2306//2903 1591//2903
f 2306//2904 1593//2904 1591//2904
f 1593//572 2306//572 2236//572
f 2304//2905 2306//2905 2307//2905
f 2307//2906 1591//2906 2308//2906
f 2307//2907 2239//2907 2304//2907
f 2308//2908 2238//2908 2307//2908
f 2307//2909 2238//2909 2239//2909
f 2308//2910 1591//2910 2214//2910
f 2214//1980 2234//1980 2308//1980
f 2308//2911 2234//2911 2238//2911
f 2246//2912 2304//2912 2242//2912
f 2304//2913 2240//2913 2242//2913
f 2304//2914 2239//2914 2240//2914
f 2214//2915 2211//2915 2234//2915
f 1592//2916 2214//2916 1591//2916
f 1572//2150 1589//2150 1573//2150
f 1571//2917 1433//2917 1434//2917
f 1569//2918 979//2918 1570//2918
f 1570//2919 979//2919 978//2919
f 1565//2920 980//2920 1569//2920
f 1569//2921 980//2921 979//2921
f 1568//2922 986//2922 1558//2922
f 1565//2923 981//2923 980//2923
f 1564//2924 981//2924 1565//2924
f 1563//2925 982//2925 1564//2925
f 1564//2926 982//2926 981//2926
f 1562//2927 983//2927 1563//2927
f 1563//2928 983//2928 982//2928
f 1561//2929 984//2929 1562//2929
f 1562//2930 984//2930 983//2930
f 1558//2931 985//2931 1561//2931
f 1561//2932 985//2932 984//2932
f 973//2933 1560//2933 970//2933
f 1412//2934 1560//2934 973//2934
f 1431//2935 1433//2935 1559//2935
f 1558//2936 986//2936 985//2936
f 1555//395 1418//395 1552//395
f 1412//986 1418//986 1555//986
f 1539//2937 1547//2937 1537//2937
f 1544//2938 1539//2938 1540//2938
f 1515//2253 1506//2253 1508//2253
f 1490//2939 1501//2939 1487//2939
f 1497//2940 1490//2940 1489//2940
f 1474//48 1484//48 1475//48
f 1465//17 1473//17 1466//17
f 1466//48 1473//48 1446//48
f 717//2941 1468//2941 1463//2941
f 1466//1332 1446//1332 1458//1332
f 1457//2942 1466//2942 1458//2942
f 1460//369 1453//369 1440//369
f 1458//2345 1446//2345 1451//2345
f 1437//2943 1444//2943 1436//2943
f 1419//986 1427//986 1417//986
f 1421//396 1415//396 1407//396
f 1407//56 1415//56 1408//56
f 965//1144 962//1144 1410//1144
f 961//396 1410//396 962//396
f 965//2944 1410//2944 972//2944
f 1405//898 1410//898 961//898
f 961//2945 1402//2945 1405//2945
f 1404//2946 1389//2946 1393//2946
f 961//2947 959//2947 1402//2947
f 959//2948 1395//2948 1402//2948
f 2309//2949 1394//2949 1397//2949
f 2309//2950 1397//2950 953//2950
f 953//2951 1397//2951 955//2951
f 902//2952 899//2952 2309//2952
f 899//2953 1394//2953 2309//2953
f 950//2954 2309//2954 953//2954
f 902//2954 2309//2954 950//2954
f 959//2955 958//2955 1395//2955
f 899//2956 900//2956 1394//2956
f 1392//2957 905//2957 906//2957
f 1392//2958 906//2958 1093//2958
f 1093//175 1104//175 1392//175
f 1382//2959 1383//2959 2310//2959
f 1383//2069 2311//2069 2310//2069
f 1060//570 1383//570 1065//570
f 2311//2960 1383//2960 1060//2960
f 1060//2961 1051//2961 2311//2961
f 2310//2069 2311//2069 1051//2069
f 2310//2962 1047//2962 1382//2962
f 2310//436 1051//436 1047//436
f 1241//843 1242//843 1247//843
f 1101//330 1246//330 1102//330
f 1096//2963 2312//2963 1244//2963
f 2312//2964 1239//2964 1244//2964
f 1097//2965 1244//2965 1099//2965
f 1096//2966 1244//2966 1097//2966
f 2314//2967 2313//2967 2312//2967
f 2313//1855 1238//1855 2312//1855
f 2312//1227 1238//1227 1239//1227
f 2314//2963 2312//2963 1096//2963
f 2315//2968 2313//2968 2314//2968
f 1089//318 2315//318 2314//318
f 2314//1431 1096//1431 1089//1431
f 2315//1656 2316//1656 2313//1656
f 2317//2969 2316//2969 2315//2969
f 1089//64 2317//64 2315//64
f 2317//2970 2319//2970 2316//2970
f 2318//946 2317//946 1089//946
f 2318//2971 2319//2971 2317//2971
f 2318//2972 2320//2972 2319//2972
f 2320//2973 1217//2973 2319//2973
f 2319//2974 1217//2974 1219//2974
f 2319//2975 1219//2975 2316//2975
f 2322//2958 2321//2958 2320//2958
f 2321//2976 1216//2976 2320//2976
f 2320//2977 1216//2977 1217//2977
f 2322//2978 2320//2978 2318//2978
f 1089//945 2322//945 2318//945
f 2322//18 1089//18 2323//18
f 2323//2979 2321//2979 2322//2979
f 2323//2980 2324//2980 2321//2980
f 2325//2981 2324//2981 2323//2981
f 2323//396 2326//396 2325//396
f 2323//64 1089//64 2326//64
f 52//2982 2326//2982 1089//2982
f 2326//2983 51//2983 2327//2983
f 2325//56 2326//56 2327//56
f 51//2984 2326//2984 52//2984
f 2328//56 2327//56 2329//56
f 2325//1084 2327//1084 2328//1084
f 2327//2985 50//2985 2329//2985
f 2327//2986 51//2986 50//2986
f 2328//56 2329//56 2330//56
f 2330//18 2329//18 2331//18
f 2329//2664 49//2664 2331//2664
f 2329//2452 50//2452 49//2452
f 2330//746 2331//746 2332//746
f 2332//63 2331//63 2333//63
f 2331//2206 2334//2206 2333//2206
f 2331//2987 49//2987 2334//2987
f 2334//369 49//369 47//369
f 2333//2206 2334//2206 2335//2206
f 2334//56 47//56 2335//56
f 2335//618 47//618 2336//618
f 2335//395 2336//395 2337//395
f 2338//2988 2335//2988 2337//2988
f 2333//2988 2335//2988 2338//2988
f 2339//56 2333//56 2338//56
f 2339//746 2338//746 2340//746
f 2340//56 2338//56 2341//56
f 2338//2989 2337//2989 2341//2989
f 2340//2990 2341//2990 2342//2990
f 2342//56 2341//56 2343//56
f 2341//2197 2344//2197 2343//2197
f 2341//2199 2337//2199 2344//2199
f 2344//589 2350//589 2345//589
f 2345//2991 2346//2991 2344//2991
f 2344//294 2346//294 2347//294
f 2343//1395 2344//1395 2348//1395
f 2344//64 2347//64 2348//64
f 2344//1431 2349//1431 2350//1431
f 2337//395 2349//395 2344//395
f 2350//2992 2351//2992 2352//2992
f 2349//2993 2351//2993 2350//2993
f 2350//2994 2352//2994 2345//2994
f 2351//2995 2353//2995 2352//2995
f 2352//2996 2353//2996 307//2996
f 2352//2997 307//2997 2354//2997
f 2345//2998 2352//2998 2354//2998
f 2354//2999 307//2999 308//2999
f 2354//3000 308//3000 2355//3000
f 2346//3001 2354//3001 2355//3001
f 2345//3002 2354//3002 2346//3002
f 2355//3003 302//3003 2356//3003
f 2355//3004 308//3004 302//3004
f 2347//3005 2355//3005 2356//3005
f 2346//3006 2355//3006 2347//3006
f 2356//3007 302//3007 303//3007
f 2356//3008 303//3008 296//3008
f 2357//3009 2356//3009 296//3009
f 2347//3010 2356//3010 2357//3010
f 2348//1695 2347//1695 2357//1695
f 2348//3011 2357//3011 294//3011
f 2357//3012 296//3012 294//3012
f 306//410 2353//410 2358//410
f 2351//3013 2358//3013 2353//3013
f 307//3014 2353//3014 306//3014
f 2359//3015 2358//3015 2351//3015
f 2359//3016 2360//3016 2358//3016
f 306//2303 2358//2303 2360//2303
f 2361//3017 306//3017 2360//3017
f 2362//3018 2361//3018 2360//3018
f 2362//3019 2360//3019 2359//3019
f 2364//111 2363//111 2362//111
f 2363//3020 2361//3020 2362//3020
f 2365//3021 2362//3021 2359//3021
f 2364//3022 2362//3022 2365//3022
f 2365//3023 2359//3023 2349//3023
f 2364//862 2365//862 2337//862
f 2337//336 2365//336 2349//336
f 2337//56 2336//56 2364//56
f 2336//114 2363//114 2364//114
f 2336//3024 2366//3024 2363//3024
f 2366//3025 2367//3025 2363//3025
f 2363//3026 2367//3026 2361//3026
f 196//2345 198//2345 2367//2345
f 2366//3027 196//3027 2367//3027
f 2367//272 306//272 2361//272
f 2367//602 198//602 306//602
f 47//3028 202//3028 2366//3028
f 202//3029 196//3029 2366//3029
f 47//3030 2366//3030 2336//3030
f 2349//3031 2359//3031 2351//3031
f 2343//3032 2348//3032 2368//3032
f 2368//2196 2348//2196 292//2196
f 292//18 2348//18 294//18
f 2369//65 2343//65 2368//65
f 2369//3033 2368//3033 2370//3033
f 2370//580 2368//580 2371//580
f 2368//1391 292//1391 2371//1391
f 2370//3034 2371//3034 2372//3034
f 2372//65 2371//65 2373//65
f 2371//3035 291//3035 2373//3035
f 2371//3036 292//3036 291//3036
f 2372//1191 2373//1191 2374//1191
f 2374//396 2373//396 2375//396
f 2373//3037 282//3037 2375//3037
f 2373//1385 291//1385 282//1385
f 2374//734 2375//734 2376//734
f 2376//369 2375//369 2377//369
f 2375//3038 2378//3038 2377//3038
f 2375//1386 282//1386 2378//1386
f 281//56 2378//56 282//56
f 2377//1870 2378//1870 2379//1870
f 281//396 2379//396 2378//396
f 281//18 2380//18 2379//18
f 2377//3039 2379//3039 2380//3039
f 2380//3040 2381//3040 2377//3040
f 2383//3041 2381//3041 2380//3041
f 2382//577 2380//577 281//577
f 2382//3042 2383//3042 2380//3042
f 2383//3043 2386//3043 2381//3043
f 2384//3044 2386//3044 2383//3044
f 2385//1431 2384//1431 2383//1431
f 2385//56 2383//56 2382//56
f 2384//1879 2387//1879 2386//1879
f 2387//396 2389//396 2386//396
f 2386//56 2388//56 2381//56
f 2386//993 2389//993 2388//993
f 2387//946 2390//946 2389//946
f 2389//3045 2392//3045 2388//3045
f 2390//3046 2391//3046 2389//3046
f 2389//3047 2391//3047 2392//3047
f 2392//3048 1157//3048 1158//3048
f 2391//3049 1157//3049 2392//3049
f 2388//3050 2392//3050 2393//3050
f 2392//3051 1158//3051 2393//3051
f 2376//3052 2393//3052 2394//3052
f 2388//3053 2393//3053 2376//3053
f 2393//3054 1158//3054 1161//3054
f 2393//3055 1161//3055 2394//3055
f 2374//3056 2394//3056 2395//3056
f 2376//3057 2394//3057 2374//3057
f 2394//3058 1163//3058 2395//3058
f 2394//3059 1161//3059 1163//3059
f 2374//1417 2395//1417 2372//1417
f 2395//3060 1165//3060 2396//3060
f 2372//1497 2395//1497 2396//1497
f 2395//3061 1163//3061 1165//3061
f 2396//3062 1165//3062 1167//3062
f 2396//3063 1167//3063 2397//3063
f 2370//3064 2396//3064 2397//3064
f 2372//3065 2396//3065 2370//3065
f 2369//3066 2397//3066 2398//3066
f 2370//3067 2397//3067 2369//3067
f 2397//3068 1169//3068 2398//3068
f 2397//3069 1167//3069 1169//3069
f 2342//3070 2398//3070 2399//3070
f 2369//3071 2398//3071 2342//3071
f 2398//3072 1171//3072 2399//3072
f 2398//3073 1169//3073 1171//3073
f 2342//3074 2399//3074 2340//3074
f 2399//3075 1173//3075 2400//3075
f 2399//3076 1171//3076 1173//3076
f 2340//1062 2399//1062 2400//1062
f 2400//3077 1173//3077 1175//3077
f 2400//3078 1175//3078 2401//3078
f 2339//3079 2400//3079 2401//3079
f 2340//3080 2400//3080 2339//3080
f 2332//3081 2401//3081 2402//3081
f 2339//3082 2401//3082 2332//3082
f 2401//3083 1175//3083 1177//3083
f 2401//1055 1177//1055 2402//1055
f 2330//3084 2402//3084 2403//3084
f 2332//3085 2402//3085 2330//3085
f 2402//3086 2404//3086 2403//3086
f 2402//3087 1177//3087 2404//3087
f 1177//17 1178//173 2404//17
f 2404//48 1178//48 1181//48
f 2404//301 1181//301 2405//301
f 2403//3088 2404//3088 2405//3088
f 2405//175 1181//175 1183//175
f 2405//755 1183//755 2406//755
f 2407//1076 2405//1076 2406//1076
f 2403//3089 2405//3089 2407//3089
f 2407//3090 2406//3090 2324//3090
f 2325//3091 2407//3091 2324//3091
f 2328//3092 2403//3092 2407//3092
f 2328//3093 2407//3093 2325//3093
f 2324//3094 2406//3094 2408//3094
f 2406//330 2409//330 2408//330
f 2406//48 1183//48 2409//48
f 2408//275 2409//275 1214//275
f 1183//3095 1184//3095 2409//3095
f 2409//3096 1209//3096 1214//3096
f 2409//3097 1184//3097 1209//3097
f 2324//3098 2408//3098 2321//3098
f 2321//938 2408//938 1216//938
f 2408//8 1214//8 1216//8
f 2330//3099 2403//3099 2328//3099
f 2391//3100 1151//3100 1157//3100
f 2410//3101 1151//3101 2391//3101
f 2390//3102 2410//3102 2391//3102
f 2410//3103 1147//3103 1151//3103
f 2411//3104 2410//3104 2390//3104
f 2411//3105 1145//3105 2410//3105
f 1145//3106 1147//3106 2410//3106
f 1144//3107 1145//3107 2411//3107
f 2387//734 1144//734 2411//734
f 2411//993 2390//993 2387//993
f 2376//395 2377//395 2388//395
f 2381//56 2388//56 2377//56
f 2412//63 1142//63 2387//63
f 2412//862 2387//862 2413//862
f 2413//56 2387//56 668//56
f 669//1376 668//1376 2387//1376
f 2387//580 1142//580 1144//580
f 669//3108 2387//3108 2384//3108
f 2413//3109 2415//3109 2412//3109
f 2413//580 668//580 671//580
f 671//3110 2414//3110 2413//3110
f 2413//3111 2414//3111 2415//3111
f 2415//3112 747//3112 746//3112
f 2414//3113 747//3113 2415//3113
f 2412//3114 2415//3114 754//3114
f 2415//3115 746//3115 754//3115
f 2414//3116 748//3116 747//3116
f 2416//3117 748//3117 2414//3117
f 671//3118 2416//3118 2414//3118
f 672//3119 2416//3119 671//3119
f 672//3120 2417//3120 2416//3120
f 2417//3121 749//3121 2416//3121
f 2416//3122 749//3122 748//3122
f 2418//3123 750//3123 2417//3123
f 674//3124 2418//3124 2417//3124
f 674//3125 2417//3125 672//3125
f 2417//3126 750//3126 749//3126
f 2419//3127 2418//3127 674//3127
f 2418//3128 751//3128 750//3128
f 2419//3129 2420//3129 2418//3129
f 2420//3130 751//3130 2418//3130
f 708//3131 2420//3131 2419//3131
f 2420//1007 729//1007 751//1007
f 727//3132 729//3132 2420//3132
f 708//1363 727//1363 2420//1363
f 674//395 675//395 2419//395
f 2419//63 675//63 704//63
f 2419//994 704//994 708//994
f 2412//1497 754//1497 756//1497
f 756//3133 1139//3133 2412//3134
f 2412//3135 1139//3135 1142//3135
f 2385//3136 2421//3136 2423//3136
f 2382//3137 2421//3137 2385//3137
f 657//22 2385//22 2422//22
f 2385//3138 2423//3138 2422//3138
f 660//577 2384//577 2385//577
f 660//62 2385//62 657//62
f 2421//3139 2426//3139 2423//3139
f 2423//3140 2435//3140 2424//3140
f 2424//1994 2427//1994 2423//1994
f 2425//8 2437//8 2423//8
f 2423//1952 2429//1952 2425//1952
f 2426//480 2428//480 2423//480
f 2423//434 2427//434 2429//434
f 2423//3141 2428//3141 2430//3141
f 2430//3142 2431//3142 2423//3142
f 2423//3143 2431//3143 2432//3143
f 2423//465 2432//465 2433//465
f 2433//473 2434//473 2423//473
f 2423//3144 2434//3144 2435//3144
f 2422//3145 2423//3145 2436//3145
f 2436//17 2423//17 659//17
f 2423//37 2437//37 2438//37
f 2423//17 2438//17 2439//17
f 659//48 2423//48 2439//48
f 473//1142 690//1142 2439//1142
f 663//837 2439//837 690//837
f 473//1142 2439//1142 2440//1142
f 2440//3146 2439//3146 2438//3146
f 659//842 2439//842 663//842
f 2440//3147 2442//3147 2441//3147
f 2441//3148 473//3148 2440//3148
f 2440//3149 2444//3149 2442//3149
f 2440//3150 2438//3150 2443//3150
f 2443//3151 2444//3151 2440//3151
f 2444//1994 2450//1994 2442//1994
f 2443//3152 2445//3152 2444//3152
f 2445//2068 2446//2068 2444//2068
f 2444//434 2446//434 2447//434
f 2444//1249 2447//1249 2448//1249
f 2448//3153 2449//3153 2444//3153
f 2444//3154 2449//3154 2450//3154
f 2442//1970 2450//1970 2451//1970
f 451//3155 2450//3155 452//3155
f 451//3156 2451//3156 2450//3156
f 452//3157 2450//3157 2449//3157
f 2453//3158 2452//3158 2451//3158
f 2442//1258 2451//1258 2452//1258
f 2453//3159 2451//3159 451//3159
f 450//1980 2453//1980 451//1980
f 2454//3160 2452//3160 2453//3160
f 2454//1918 2453//1918 450//1918
f 450//451 2455//451 2454//451
f 2455//3161 2456//3161 2454//3161
f 2454//3162 2456//3162 2452//3162
f 2456//3163 2457//3163 2442//3163
f 2455//3164 2457//3164 2456//3164
f 2452//1994 2456//1994 2442//1994
f 2442//2172 2457//2172 2458//2172
f 2459//1923 2458//1923 2457//1923
f 2459//3165 2457//3165 2455//3165
f 2460//3166 2458//3166 2459//3166
f 2460//1243 2459//1243 450//1243
f 450//1935 2459//1935 2455//1935
f 2461//1928 2463//1928 2460//1928
f 2461//1161 2460//1161 2462//1161
f 2462//498 2460//498 450//498
f 2460//3167 2463//3167 2458//3167
f 2465//2777 2463//2777 2464//2777
f 2461//3168 2464//3168 2463//3168
f 2441//3169 2458//3169 2463//3169
f 2441//1258 2463//1258 2465//1258
f 2465//436 2470//436 2466//436
f 2465//3170 2466//3170 2467//3170
f 2465//3171 2467//3171 468//3171
f 2465//3172 2464//3172 2468//3172
f 2468//1952 2469//1952 2465//1952
f 2465//2107 2469//2107 2470//2107
f 2465//3173 473//3173 2441//3173
f 2465//3174 468//3174 473//3174
f 2466//491 2470//491 2472//491
f 2471//3175 2470//3175 2473//3175
f 2471//2124 2472//2124 2470//2124
f 2473//2121 2470//2121 2469//2121
f 2462//3176 2471//3176 2473//3176
f 2473//3177 2474//3177 2462//3177
f 2473//3178 2469//3178 2474//3178
f 2462//3179 2474//3179 2475//3179
f 2474//3180 2468//3180 2475//3180
f 2474//3181 2469//3181 2468//3181
f 2475//3182 2468//3182 2464//3182
f 2475//3183 2464//3183 2461//3183
f 2462//451 2475//451 2461//451
f 2466//518 2472//518 2477//518
f 2476//3184 2472//3184 2471//3184
f 2476//3185 2477//3185 2472//3185
f 2477//480 2479//480 2466//480
f 2478//3186 2477//3186 2476//3186
f 2478//3187 2479//3187 2477//3187
f 2466//434 2479//434 2481//434
f 2480//3188 2479//3188 2478//3188
f 2480//3189 2481//3189 2479//3189
f 2482//3190 2481//3190 2480//3190
f 2482//3191 2483//3191 2481//3191
f 2484//480 2481//480 2483//480
f 2466//434 2481//434 2484//434
f 2484//1837 2483//1837 2485//1837
f 2485//3192 2486//3192 2484//3192
f 2486//3193 2487//3193 2484//3193
f 2484//3194 2487//3194 2488//3194
f 2484//3195 2488//3195 2466//3195
f 2488//3196 2487//3196 2490//3196
f 2467//3197 2466//3197 2488//3197
f 2467//3197 2488//3197 2489//3197
f 2488//3198 465//3198 2489//3198
f 2490//3198 2462//3198 2488//3198
f 2488//3199 2462//3199 465//3199
f 2492//461 2490//461 2491//461
f 2490//3200 2487//3200 2491//3200
f 2480//3201 2478//3201 2490//3201
f 2490//594 2482//594 2480//594
f 2482//3202 2490//3202 2492//3202
f 2490//3203 2478//3203 2476//3204
f 2490//451 2476//451 2462//451
f 2492//3205 2483//3205 2482//3205
f 2492//3206 2491//3206 2493//3206
f 2493//3207 2494//3207 2492//3207
f 2492//3208 2494//3208 2483//3208
f 2485//2777 2494//2777 2496//2777
f 2485//1841 2483//1841 2494//1841
f 2493//3209 2495//3209 2494//3209
f 2496//1905 2494//1905 2495//1905
f 2496//518 2495//518 2497//518
f 2497//3210 2498//3210 2496//3210
f 2498//3211 2499//3211 2496//3211
f 2496//3212 2499//3212 2500//3212
f 2496//3213 2500//3213 2485//3213
f 2502//3214 2500//3214 2499//3214
f 2500//3215 2501//3215 2485//3215
f 2501//3216 2500//3216 2502//3216
f 2502//3217 2499//3217 2503//3217
f 2493//458 2491//458 2502//458
f 2491//3218 2501//3218 2502//3218
f 2504//498 2502//498 2503//498
f 2493//504 2502//504 2504//504
f 2504//3219 2495//3219 2493//3219
f 2504//595 2503//595 2505//595
f 2505//3220 2506//3220 2504//3220
f 2504//3221 2506//3221 2495//3221
f 2506//480 2508//480 2507//480
f 2497//1970 2506//1970 2507//1970
f 2505//3222 2508//3222 2506//3222
f 2497//2068 2495//2068 2506//2068
f 2509//3223 2508//3223 2505//3223
f 2509//3224 2510//3224 2508//3224
f 2507//3225 2508//3225 2510//3225
f 2511//3226 2510//3226 2509//3226
f 2507//2112 2510//2112 2513//2112
f 2511//3227 2512//3228 2510//3227
f 2513//3229 2510//3229 2512//3229
f 2513//1839 2512//1839 2514//1839
f 2514//3230 2515//3230 2513//3230
f 2515//3231 2516//3231 2513//3231
f 2513//3232 2516//3232 2517//3232
f 2513//3233 2517//3233 2507//3233
f 2517//3234 2518//3234 2507//3234
f 2518//3235 2517//3235 2519//3235
f 2519//3236 2517//3236 2516//3236
f 2520//3237 2518//3237 2519//3237
f 2511//458 2520//458 2519//458
f 2522//2040 2519//2040 2521//2040
f 2519//3238 2516//3238 2521//3238
f 2511//2095 2519//2095 2522//2095
f 2522//3239 2512//3239 2511//3239
f 2523//3240 2524//3240 2522//3240
f 2522//446 2521//446 2523//446
f 2522//3241 2524//3241 2512//3241
f 2523//3242 2525//3242 2524//3242
f 2526//492 2524//492 2525//492
f 2514//518 2524//518 2526//518
f 2514//1258 2512//1258 2524//1258
f 2526//3243 2527//3243 2528//3243
f 2529//3244 2527//3244 2526//3244
f 2526//3245 2528//3245 2514//3245
f 2526//1252 2525//1252 2529//1252
f 2529//3246 2530//3246 2527//3246
f 2529//3247 2531//3247 2530//3247
f 2529//480 2534//480 2531//480
f 2529//491 2525//491 2532//491
f 2532//3248 2533//3248 2529//3248
f 2529//3249 2533//3249 2534//3249
f 2535//3250 2534//3250 2533//3250
f 2537//3251 2534//3251 2535//3251
f 2531//2145 2534//2145 2536//2145
f 2537//3252 2536//3252 2534//3252
f 2538//2093 2537//2093 2535//2093
f 2538//2095 2539//2095 2537//2095
f 2539//3253 2536//3253 2537//3253
f 448//498 2539//498 2538//498
f 2540//3254 2541//3254 2539//3254
f 448//2889 2540//2889 2539//2889
f 2539//3255 2541//3255 2536//3255
f 2540//3256 2542//3256 2541//3256
f 2541//2008 2542//2008 2531//2008
f 2531//518 2536//518 2541//518
f 2543//3257 2542//3257 2540//3257
f 2543//3258 2544//3258 2542//3258
f 2542//3259 2544//3259 2531//3259
f 2546//3260 2544//3260 2543//3260
f 2546//175 2545//175 2544//175
f 2531//1840 2544//1840 2545//1840
f 2546//3261 448//3261 2547//3261
f 2546//1891 2543//1891 448//1891
f 2547//8 2545//8 2546//8
f 2548//3262 2549//3262 2547//3262
f 448//2028 2548//2028 2547//2028
f 2547//3263 2549//3263 2545//3263
f 2548//3264 2446//3264 2549//3264
f 2445//3265 2545//3265 2549//3265
f 2445//518 2549//518 2446//518
f 455//3266 2446//3266 2548//3266
f 448//2040 455//2040 2548//2040
f 2531//2069 2545//2069 2445//2069
f 2543//3267 2540//3267 448//3267
f 2552//3268 2538//3268 2535//3268
f 2550//3269 2538//3269 2530//3269
f 448//548 2538//548 2550//548
f 2551//3270 2530//3270 2538//3270
f 2552//2040 2551//2040 2538//2040
f 2552//3271 2532//3271 2553//3271
f 2553//585 2551//585 2552//585
f 2535//3272 2533//3272 2552//3272
f 2552//3273 2533//3273 2532//3273
f 2553//541 2554//541 2551//541
f 2523//1925 2554//1925 2553//1925
f 2553//3274 2525//3274 2523//3274
f 2553//3275 2532//3275 2525//3275
f 2523//593 2521//593 2554//593
f 2554//3276 2527//3276 2551//3276
f 2554//3277 2528//3277 2527//3277
f 2528//3278 2554//3278 2555//3278
f 2555//3279 2554//3279 2521//3279
f 2528//3280 2555//3280 2514//3280
f 2514//3281 2555//3281 2515//3281
f 2555//3282 2521//3282 2515//3282
f 2551//3283 2527//3283 2530//3283
f 2550//3284 432//3284 448//3284
f 2550//3285 429//3285 432//3285
f 2550//3286 2530//3286 2556//3286
f 2556//3287 429//3287 2550//3287
f 2556//548 2530//548 2557//548
f 2557//3288 2443//3288 2556//3288
f 2556//3289 2443//3289 429//3289
f 2530//3290 2558//3290 2557//3290
f 2558//3291 2443//3291 2557//3291
f 2531//3292 2443//3292 2558//3292
f 2530//3290 2531//3290 2558//3290
f 2531//3293 2445//3293 2443//3293
f 2515//3294 2521//3294 2516//3294
f 2520//3295 2559//3295 2518//3295
f 2560//3296 2559//3296 2520//3296
f 2509//595 2503//595 2520//595
f 2503//3297 2560//3297 2520//3297
f 2509//3298 2520//3298 2511//3298
f 2559//3299 2560//3299 2497//3299
f 2497//3300 2560//3300 2498//3300
f 2503//3301 2498//3301 2560//3301
f 2507//3302 2559//3302 2497//3302
f 2507//3303 2518//3303 2559//3303
f 2505//3304 2503//3304 2509//3304
f 2499//3305 2498//3305 2503//3305
f 2485//3306 2501//3306 2486//3306
f 2491//3307 2486//3307 2501//3307
f 2487//3308 2486//3308 2491//3308
f 468//3309 2467//3309 2489//3309
f 466//3310 2489//3310 465//3310
f 468//3311 2489//3311 466//3311
f 2462//595 2476//595 2471//595
f 2462//1243 450//1243 462//1243
f 465//3312 2462//3312 462//3312
f 2442//2777 2458//2777 2441//2777
f 453//3313 2449//3313 2448//3313
f 452//3314 2449//3314 453//3314
f 453//3315 2448//3315 454//3315
f 454//3316 2448//3316 2447//3316
f 455//3317 2447//3317 2446//3317
f 454//3318 2447//3318 455//3318
f 2443//1144 2437//1144 429//1144
f 2443//3319 2438//3319 2437//3319
f 429//3320 2437//3320 430//3320
f 2437//3321 2425//3321 430//3321
f 2422//3322 2436//3322 2561//3322
f 659//37 2561//37 2436//37
f 2422//3322 2561//3322 2562//3322
f 2562//3323 2561//3323 2563//3323
f 656//8 2563//8 2561//8
f 656//36 2561//36 659//36
f 2564//3324 2563//3324 650//3324
f 2562//3325 2563//3325 2564//3325
f 650//175 2563//175 656//175
f 2564//3326 650//3326 638//3326
f 638//746 653//746 2564//746
f 2564//3033 653//3033 654//3033
f 654//589 2562//589 2564//589
f 654//871 2422//871 2562//871
f 2435//3327 2565//3327 2566//3327
f 2434//3328 2565//3328 2435//3328
f 2435//3329 2566//3329 2424//3329
f 2424//3330 2566//3330 2567//3330
f 2566//1936 2568//1936 2567//2055
f 2566//2058 2565//2058 2568//2058
f 2568//3331 2569//3331 2570//3331
f 2568//461 2578//461 2569//461
f 281//3332 2568//3332 2570//3332
f 423//602 2571//602 2568//602
f 2571//498 2575//498 2568//498
f 2567//594 2568//594 2572//594
f 2568//1907 2576//1907 2572//1907
f 2568//3304 2565//3304 2573//3304
f 2568//2030 2573//2030 2574//2030
f 2574//1935 2577//1935 2568//1935
f 2568//1156 2575//1156 2576//1156
f 2568//3333 2577//3333 2578//3333
f 272//174 2568//174 274//174
f 274//3334 2568//3334 281//3334
f 2568//330 422//330 423//330
f 285//903 304//903 2568//903
f 304//175 2579//175 2568//175
f 2568//2303 2579//2303 422//2303
f 285//1003 2568//1003 272//1003
f 2579//1677 347//1677 421//1677
f 304//3335 347//3335 2579//3335
f 2579//1677 421//1677 422//1677
f 2569//2809 2578//2809 2580//2809
f 2431//3336 2578//3336 2577//3336
f 2430//3337 2578//3337 2431//3337
f 2430//3338 2580//3338 2578//3338
f 2569//3339 2580//3339 2581//3339
f 2428//2175 2581//2175 2580//2175
f 2428//3340 2580//3340 2430//3340
f 2582//3341 2569//3341 2581//3341
f 2583//2176 2582//2176 2581//2176
f 2583//3342 2581//3342 2428//3342
f 2584//1837 2583//1837 2426//1837
f 2584//3343 2582//3343 2583//3343
f 2426//3344 2583//3344 2428//3344
f 2584//3345 2585//3345 2582//3345
f 2586//3346 2585//3346 2584//3346
f 2586//2085 2584//2085 2426//2085
f 2586//1952 2426//1952 2587//1952
f 2587//3347 2588//3347 2586//3347
f 2586//3348 2588//3348 2585//3348
f 2589//1157 2591//1157 2588//1157
f 2587//3349 2589//3349 2588//3349
f 2588//498 2590//498 2585//498
f 2588//2017 2592//2059 2590//2017
f 2588//3350 2591//3350 2592//3350
f 2590//3351 2592//3351 2593//3351
f 2592//3352 2591//3352 2593//3352
f 2594//3353 2593//3353 2595//3353
f 2590//3354 2593//3354 2594//3354
f 2593//3355 2596//3355 2595//3355
f 2593//3356 2591//3356 2596//3356
f 2596//3357 2597//3357 2598//3357
f 2591//3358 2597//3358 2596//3358
f 2596//3359 2598//3359 2599//3359
f 2599//3360 2601//3360 2596//3360
f 2595//3361 2596//3361 2600//3361
f 2596//3362 2602//3362 2600//3362
f 2596//3363 2601//3363 2602//3363
f 2603//1837 2602//1837 2601//1837
f 2603//480 2600//480 2602//480
f 2603//493 2604//493 2605//493
f 2607//3364 2604//3364 2603//3364
f 2603//3365 2605//3365 2606//3365
f 2606//3366 2600//3366 2603//3366
f 2603//3154 2601//3154 2607//3154
f 2607//3265 2610//3265 2608//3265
f 2608//3367 2609//3367 2607//3367
f 2607//3368 2609//3368 2604//3368
f 2607//2777 2601//2777 2610//2777
f 2599//3369 2610//3369 2601//3369
f 2611//3370 2610//3370 2599//3370
f 2608//3154 2610//3154 2611//3154
f 2611//3371 2599//3371 2612//3371
f 2612//3372 2613//3372 2611//3372
f 2608//518 2611//518 2613//518
f 2612//3373 2614//3373 2613//3373
f 2615//2008 2613//2008 2614//2008
f 2608//3374 2613//3374 2615//3374
f 2615//2008 2619//2008 2616//2008
f 2616//3375 2617//3375 2615//3375
f 2615//2895 2617//2895 2618//2895
f 2615//3376 2618//3376 2608//3376
f 2615//2012 2614//2012 2619//2012
f 2620//3377 2619//3377 2622//3377
f 2620//3378 2621//3378 2619//3378
f 2616//3344 2619//1948 2621//3344
f 2622//3379 2619//3379 2614//3379
f 2623//3380 2620//3380 2622//3380
f 2623//3381 2622//3381 2625//3381
f 2622//3382 2624//3382 2626//3382
f 2612//3383 2624//3383 2622//3383
f 2622//3384 2626//3384 2625//3384
f 2622//3385 2614//3385 2612//3385
f 2624//1243 2609//1243 2626//1243
f 2626//3386 2618//3386 2625//3386
f 2626//3387 2609//3387 2618//3387
f 2625//451 2617//451 2623//451
f 2625//3388 2618//3388 2617//3388
f 2609//3389 2624//3389 2627//3389
f 2627//3390 2624//3390 2612//3390
f 2612//3391 2628//3391 2627//3391
f 2627//1243 2628//1243 2604//1243
f 2609//2809 2627//2809 2604//2809
f 2612//3392 2599//3392 2628//3392
f 2599//3393 2629//3393 2628//3393
f 2604//3394 2628//3394 2629//3394
f 2605//2055 2629//2055 2598//2055
f 2599//3395 2598//3395 2629//3395
f 2604//1956 2629//1956 2605//1956
f 2623//3396 2617//3396 2630//3396
f 2630//3397 2620//3397 2623//3397
f 2632//3398 2620//3398 2630//3398
f 2630//2030 2617//2030 2631//2030
f 2630//452 2631//452 2632//452
f 2633//3399 2620//3399 2632//3399
f 2632//3400 2634//3400 2633//3400
f 2632//3401 2631//3401 2634//3401
f 2634//595 2636//595 2635//595
f 2633//3402 2634//3402 2635//3402
f 2634//450 2631//450 2636//450
f 2635//3403 2636//3403 2637//3403
f 2637//3404 2636//3404 2638//3404
f 2639//3405 2638//3405 2636//3405
f 2639//3406 2636//3406 2640//3406
f 2640//3407 2636//3407 2631//3407
f 2640//435 2641//435 2642//435
f 2621//2799 2641//2799 2640//2799
f 2616//480 2621//480 2640//480
f 2640//2777 2642//2777 2639//2777
f 2640//2124 2631//2124 2616//2124
f 2633//3408 2643//3408 2642//3408
f 2642//3409 2641//3409 2633//3409
f 2639//3410 2642//3410 2643//3410
f 2633//3411 2644//3411 2643//3411
f 2644//3412 2645//3412 2643//3412
f 2639//435 2643//435 2645//435
f 2647//3413 2645//3413 2646//3413
f 2644//3414 2646//3414 2645//3414
f 2639//1994 2645//1994 2647//1994
f 2647//436 2646//436 2648//436
f 2647//3415 2648//3415 2649//3415
f 2649//472 2650//472 2647//472
f 2647//3182 2650//3182 2638//3182
f 2647//1954 2638//1954 2639//1954
f 419//3416 2650//3416 2651//3416
f 2649//2106 2651//2106 2650//2106
f 426//1963 2638//1963 2650//1963
f 426//3417 2650//3417 419//3417
f 2653//3418 2651//3418 2649//3418
f 419//3419 2651//3419 2652//3419
f 2653//3167 2652//3167 2651//3167
f 430//3420 2654//3420 2653//3420
f 2654//3421 2652//3421 2653//3421
f 2655//2083 2653//2083 2649//2083
f 430//1998 2653//1998 2655//1998
f 2649//518 2656//518 2655//518
f 2656//3422 427//3422 2655//3422
f 430//3423 2655//3423 425//3423
f 425//3424 2655//3424 427//3424
f 2656//3425 2648//3425 2657//3425
f 2657//3426 427//3426 2656//3426
f 2649//2747 2648//2747 2656//2747
f 2657//3427 2646//3427 2644//3427
f 2644//3428 2658//3428 2657//3428
f 2657//3429 2648//3429 2646//3429
f 2657//3430 2658//3430 427//3430
f 2658//3431 426//3431 427//3431
f 2658//498 2638//498 426//498
f 2644//3432 2637//3432 2658//3432
f 2637//2889 2638//2889 2658//2889
f 2659//3433 2654//3433 430//3433
f 2659//3434 2660//3434 2654//3434
f 2654//3435 2660//3435 2652//3435
f 419//594 2660//594 2661//594
f 2659//3164 2661//3164 2660//3164
f 2652//3436 2660//3436 419//3436
f 2662//2872 2663//2872 2661//2872
f 2662//3437 2661//3437 2659//3437
f 419//2028 2661//2028 2571//2028
f 2571//3438 2661//3438 2663//3438
f 2665//2079 2663//2079 2662//2079
f 2571//488 2663//488 2664//488
f 2665//3439 2664//3439 2663//3439
f 430//3440 2665//3440 2662//3440
f 2666//3441 2664//3441 2665//3441
f 2425//3442 2666//3442 2665//3442
f 2425//434 2665//434 430//434
f 2667//3443 2668//3443 2666//3443
f 2667//3444 2666//3444 2425//3444
f 2666//1904 2668//1904 2664//1904
f 2571//3445 2668//3445 2669//3445
f 2664//3339 2668//3339 2571//3339
f 2667//2759 2669//2759 2668//2759
f 2671//3446 2670//3446 2669//3446
f 2571//3447 2669//3447 2670//3447
f 2671//3448 2669//3448 2667//3448
f 2425//2007 2671//2007 2667//2007
f 2672//3449 2670//3449 2671//3450
f 2425//1994 2672//1994 2671//1994
f 2672//3451 2673//3451 2670//3451
f 2674//3452 2673//3452 2672//3452
f 2674//3453 2672//3453 2425//3453
f 2674//2768 2676//2768 2673//2768
f 2425//3442 2675//3442 2674//3442
f 2675//3454 2676//3454 2674//3454
f 2673//1936 2676//1936 2571//1936
f 2571//3445 2676//3445 2575//3445
f 2675//3455 2575//3455 2676//3455
f 2677//3456 2575//3456 2675//3456
f 2425//3457 2677//3457 2675//3457
f 2677//3458 2576//3458 2575//3458
f 2429//2922 2576//2922 2677//2922
f 2425//3459 2429//3459 2677//3459
f 2670//461 2673//461 2571//461
f 430//3460 2662//3460 2659//3460
f 2635//3461 2644//3461 2633//3461
f 2635//3462 2637//3462 2644//3462
f 2633//3463 2641//3463 2620//3463
f 2641//3464 2621//3464 2620//3464
f 2616//3465 2631//3465 2617//3465
f 2608//3466 2618//3466 2609//3466
f 2606//3208 2605//3208 2589//3208
f 2606//518 2595//518 2600//518
f 2606//572 2678//572 2595//572
f 2606//3467 2589//3467 2587//3467
f 2587//1838 2678//1838 2606//1838
f 2421//3468 2594//3468 2678//3468
f 2594//3469 2595//3469 2678//3469
f 2421//3470 2678//3470 2426//3470
f 2587//3471 2426//3471 2678//3471
f 2605//3472 2598//3472 2589//3472
f 2598//3473 2597//3473 2589//3473
f 2589//585 2597//585 2591//585
f 2570//3474 2594//3474 2421//3474
f 2570//3475 2590//3475 2594//3475
f 2585//1894 2590//1894 2569//1894
f 2569//3476 2590//3476 2570//3476
f 2585//2059 2569//2059 2582//2059
f 2432//3477 2577//3477 2574//3477
f 2431//3478 2577//3478 2432//3478
f 2429//3479 2572//3479 2576//3479
f 2433//3480 2574//3480 2573//3480
f 2432//3481 2574//3481 2433//3481
f 2434//3482 2573//3482 2565//3482
f 2433//3483 2573//3483 2434//3483
f 2427//3484 2567//3484 2572//3484
f 2427//3485 2572//3485 2429//3485
f 423//3486 419//3486 2571//3486
f 2382//3487 2570//3487 2421//3487
f 281//3488 2570//3488 2382//3488
f 2424//3489 2567//3489 2427//3489
f 657//396 2422//396 654//396
f 660//1720 669//1720 2384//1720
f 2342//580 2343//580 2369//580
f 2332//1148 2333//1148 2339//1148
f 2316//3490 2679//3490 2313//3490
f 2316//3491 1219//3491 2679//3491
f 2313//3492 2679//3492 1238//3492
f 2679//175 1232//175 1238//175
f 2679//48 1220//48 1232//48
f 1219//330 1220//330 2679//330
f 1238//602 1232//602 1233//602
f 1220//3493 1222//3493 1232//3493
f 1227//1470 133//1470 1228//1470
f 138//921 131//921 1227//921
f 1227//3494 131//3494 133//3494
f 137//3495 1223//3495 141//3495
f 1223//618 1213//618 1211//618
f 141//3496 1223//3496 1211//3496
f 141//3497 1211//3497 1210//3497
f 1210//1764 140//1764 141//1764
f 140//1555 1210//1555 2680//1555
f 2680//1555 1210//1555 1207//1555
f 2691//3498 140//3498 2680//3498
f 1207//157 2689//157 2680//157
f 2680//3499 2690//3499 2681//3499
f 2681//1417 2682//1417 2680//1417
f 2682//233 2687//233 2680//233
f 2680//88 2688//88 2683//88
f 2683//213 2684//213 2680//213
f 2680//3500 2684//3500 2685//3500
f 2680//697 2685//697 2686//697
f 2680//3501 2686//3501 2691//3501
f 2680//126 2687//126 2688//126
f 2680//3502 2689//3502 2690//3502
f 2692//3503 142//3503 2691//3503
f 2691//3504 2693//3504 2692//3504
f 2691//3505 142//3505 140//3505
f 2691//3501 2686//3501 2693//3501
f 2694//3506 2696//3506 2693//3506
f 2693//3507 2695//3507 2694//3507
f 2695//3508 2693//3508 2698//3508
f 2693//3509 2696//3509 2697//3509
f 2693//3510 2697//3510 2692//3510
f 2699//3511 2698//3511 2693//3511
f 2699//3512 2693//3512 2686//3512
f 2701//3513 2698//3513 2699//3513
f 2686//3514 2700//3514 2699//3514
f 2699//2600 2700//2600 2702//2600
f 2699//2212 2702//2212 2701//2212
f 2702//3515 2705//3515 2703//3515
f 2701//124 2702//124 2703//124
f 2702//3516 2704//3516 2705//3516
f 2700//3517 2704//3517 2702//3517
f 2703//3518 2705//3518 2706//3518
f 2707//1470 2706//1470 2705//1470
f 2695//152 2705//152 2704//152
f 2707//3519 2705//3519 2695//3519
f 2707//3520 2698//3520 2708//3520
f 2695//3521 2698//3521 2707//3521
f 2707//3522 2708//3522 2709//3522
f 2709//1470 2706//1470 2707//1470
f 2708//3523 2710//3523 2709//3523
f 2709//3524 2710//3524 2711//3524
f 2709//3525 2711//3525 2712//3525
f 2712//3526 2713//3526 2709//3526
f 2709//193 2713//193 2706//193
f 2712//2467 2714//684 2713//2467
f 2716//3527 2713//3527 2714//3527
f 2715//2699 2706//2699 2713//2699
f 2715//3528 2713//3528 2716//3528
f 2719//2212 2715//2212 2716//2212
f 2716//3529 2718//3529 2717//3529
f 2719//210 2716//210 2717//210
f 2716//3530 2714//3530 2718//3530
f 2719//3531 2720//3531 2723//3531
f 2719//3532 2721//3532 2720//3532
f 2722//3533 2721//3533 2719//3533
f 2717//3534 2722//3534 2719//3534
f 2723//2600 2715//2600 2719//2600
f 2711//3535 2723//3535 2720//3535
f 2701//131 2703//131 2723//131
f 2710//3536 2701//3536 2723//3536
f 2723//1497 2703//1497 2715//1497
f 2710//3537 2723//3537 2711//3537
f 2721//3538 2722//3538 2724//3538
f 2724//3539 2722//3539 2725//3539
f 2717//3540 2725//3540 2722//3540
f 2724//3541 2725//3541 2726//3541
f 2725//3542 2727//3542 2726//3542
f 2727//3543 2725//3543 2717//3543
f 2726//3544 2727//3544 2728//3544
f 2729//3545 2728//3545 2727//3545
f 2729//3546 2727//3546 2717//3546
f 2731//3547 2728//3547 2729//3547
f 2729//157 2733//157 2730//157
f 2730//3548 2731//3548 2729//3548
f 2717//92 2732//92 2729//92
f 2729//1579 2732//1579 2733//1579
f 2730//666 2733//666 2734//666
f 2732//3549 2735//3549 2733//3549
f 2733//3550 2736//3550 2734//3550
f 2733//3551 2735//3551 2736//3551
f 2737//221 2736//221 2726//221
f 2737//3552 2738//3552 2736//3552
f 2726//3553 2736//3553 2735//3553
f 2734//3554 2736//3554 2738//3554
f 2739//673 2738//673 2737//673
f 2734//3555 2738//3555 2741//3555
f 2739//188 2740//188 2738//188
f 2741//3556 2738//3556 2740//3556
f 2742//131 2741//131 2743//131
f 2734//130 2741//130 2742//130
f 2741//3557 2740//3557 2743//3557
f 2742//666 2743//666 2746//666
f 2743//3558 2745//3558 2744//3558
f 2746//3559 2743//3559 2744//3559
f 2743//3560 2740//3560 2745//3560
f 2746//3561 2747//3561 2742//3561
f 1194//3562 2747//3562 2746//3562
f 2746//3563 1197//3563 1194//3563
f 2748//3564 2746//3564 2749//3564
f 2748//2600 1197//2600 2746//2600
f 2746//1497 2744//1497 2749//1497
f 2749//1776 2751//1776 2748//1776
f 2744//3565 2750//3565 2749//3565
f 2749//3566 2750//3566 2751//3566
f 2753//106 2751//106 2750//106
f 2752//673 2751//673 2753//673
f 2748//342 2751//342 2752//342
f 1192//3567 2753//3567 1194//3567
f 2755//3568 1194//3568 2753//3568
f 1191//221 2754//221 2753//221
f 1191//3569 2753//3569 1192//3569
f 2753//3570 2754//3570 2752//3570
f 2753//136 2750//136 2755//136
f 2755//3571 2745//3571 2739//3571
f 2739//3572 2756//3572 2755//3572
f 2756//3573 2747//3573 2755//3573
f 2755//3574 2747//3574 1194//3574
f 2755//97 2750//97 2745//97
f 2739//3575 2757//3575 2756//3575
f 2742//3576 2756//3576 2757//3576
f 2747//3577 2756//3577 2742//3577
f 2757//3578 2758//3578 2730//3578
f 2758//3579 2757//3579 2739//3579
f 2742//3580 2757//3580 2730//3580
f 2737//3581 2758//3581 2739//3581
f 2737//3582 2731//3582 2758//3582
f 2730//3583 2758//3583 2731//3583
f 2760//3584 2752//3584 2754//3584
f 1191//3585 2759//3585 2754//3585
f 2761//3586 2754//3586 2759//3586
f 2760//3587 2754//3587 2761//3587
f 2761//157 2762//157 1197//157
f 1197//1497 2760//1497 2761//1497
f 2761//3588 2759//3588 2762//3588
f 1197//210 2762//210 2763//210
f 2762//3589 2764//3589 2763//3589
f 2762//3590 2759//3590 2764//3590
f 2763//3591 2764//3591 2765//3591
f 2764//193 2759//193 1191//193
f 2764//3592 1191//3592 2765//3592
f 2763//3593 2765//3593 2766//3593
f 2766//3594 2765//3594 2767//3594
f 2765//105 1191//105 2767//105
f 1191//1500 2768//1500 2767//1500
f 1203//3595 2767//3595 2768//3595
f 2766//3596 2767//3596 1203//3596
f 1191//193 2769//193 2768//193
f 1204//3597 2768//3597 2769//3597
f 1203//3598 2768//3598 1204//3598
f 1205//3599 2769//3599 2770//3599
f 1204//3600 2769//3600 1205//3600
f 2771//190 2770//190 2769//190
f 2771//190 2769//190 1191//190
f 197//3601 2771//3601 1191//3601
f 197//3602 2772//3602 2771//3602
f 2772//115 2770//115 2771//115
f 2772//3603 2773//3603 2770//3603
f 2774//190 2773//190 2772//190
f 2772//145 2775//145 2774//145
f 2772//115 2778//115 2775//115
f 194//3604 2776//3604 2772//3604
f 2776//152 2777//152 2772//152
f 2772//188 2777//188 2778//188
f 194//3605 2772//3605 197//3605
f 2779//3606 2775//3606 2778//3606
f 2779//3607 2778//3607 2780//3607
f 2780//682 2778//682 2777//682
f 2779//1497 2780//1497 1207//1497
f 1207//3608 2780//3608 2689//3608
f 2780//3609 2777//3609 2689//3609
f 2781//3610 2775//3610 2779//3610
f 2781//1515 2779//1515 1207//1515
f 1207//210 2782//210 2781//210
f 2782//1507 2774//1507 2781//1507
f 2781//3611 2774//3611 2775//3611
f 1206//668 2773//668 2782//668
f 1207//2693 1206//2693 2782//2693
f 2782//3612 2773//3612 2774//3612
f 2689//1513 2777//1513 2783//1513
f 2776//133 2783//133 2777//133
f 2689//3613 2783//3613 2690//3613
f 2690//3614 2783//3614 2784//3614
f 2784//257 2783//257 2776//257
f 2690//3615 2784//3615 2681//3615
f 2776//3616 2785//3616 2784//3616
f 2681//3617 2784//3617 2785//3617
f 2682//3618 2785//3618 2786//3618
f 2776//3619 2786//3619 2785//3619
f 2681//3620 2785//3620 2682//3620
f 2687//3621 2786//3621 2787//3621
f 2682//3622 2786//3622 2687//3622
f 2694//193 2786//193 2776//193
f 2694//3623 2787//3623 2786//3623
f 2687//2429 2787//2429 2688//2429
f 2688//3624 2787//3624 2788//3624
f 2788//3625 2787//3625 2694//3625
f 2683//3626 2788//3626 2789//3626
f 2688//3627 2788//3627 2683//3627
f 2694//3628 2789//3628 2788//3628
f 2683//3629 2789//3629 2684//3629
f 2684//3630 2789//3630 2790//3630
f 2694//3631 2790//3631 2789//3631
f 2684//3632 2790//3632 2685//3632
f 2685//3633 2790//3633 2791//3633
f 2791//193 2790//193 2694//193
f 2793//3634 2791//3634 2792//3634
f 2694//111 2792//111 2791//111
f 2685//3635 2791//3635 2793//3635
f 2685//74 2793//74 2686//74
f 2686//656 2793//656 2700//656
f 2793//1538 2792//1538 2700//1538
f 2700//3636 2792//3636 2704//3636
f 2695//190 2704//190 2792//190
f 2695//152 2792//152 2694//152
f 2694//3637 2776//3637 194//3637
f 1206//3638 2770//3638 2773//3638
f 1205//3639 2770//3639 1206//3639
f 1197//161 2763//161 2766//161
f 2766//3640 1203//3640 1197//3640
f 2760//1420 1197//1420 2748//1420
f 2748//3641 2752//3641 2760//3641
f 2744//3642 2745//3642 2750//3642
f 2739//193 2745//193 2740//193
f 2730//125 2734//125 2742//125
f 2728//3643 2731//3643 2737//3643
f 2726//3644 2728//3644 2737//3644
f 2732//3645 2794//3645 2735//3645
f 2724//193 2735//193 2794//193
f 2726//257 2735//257 2724//257
f 2718//3646 2794//3646 2732//3646
f 2718//3647 2714//3647 2794//3647
f 2724//3648 2794//3648 2714//3648
f 2717//161 2718//161 2732//161
f 2724//3649 2714//3649 2712//3649
f 2712//3650 2721//3650 2724//3650
f 2712//3651 2720//3651 2721//3651
f 2711//3652 2720//3652 2712//3652
f 2703//3653 2706//3653 2715//3653
f 2708//3654 2701//3654 2710//3654
f 2701//3655 2708//3655 2698//3655
f 2692//3656 2697//3656 142//3656
f 142//3657 2697//3657 194//3657
f 194//3658 2697//3658 2696//3658
f 194//3659 2696//3659 2694//3659
f 1186//65 1209//65 1184//65
f 1194//3660 1197//3660 1195//3660
f 1151//32 1152//32 1157//32
f 459//18 458//18 1155//18
f 459//65 1155//65 471//65
f 1137//3661 1118//3661 1120//3661
f 1137//56 1126//56 2795//56
f 2795//2276 1118//2276 1137//2276
f 1137//726 1129//726 1126//726
f 2795//775 1123//775 2796//775
f 2796//3662 1117//3662 2795//3662
f 2795//3663 1117//3663 1118//3663
f 2795//3664 1126//3664 1123//3664
f 2796//3665 2797//3665 1117//3665
f 1109//3666 2797//3666 2796//3666
f 2796//734 1124//734 1109//734
f 2796//395 1123//395 1124//395
f 1109//3667 1107//3667 2797//3667
f 1107//3668 2798//3668 2797//3668
f 2797//3669 2798//3669 1115//3669
f 2797//3670 1115//3670 1117//3670
f 1107//3671 1106//3671 2798//3671
f 1112//50 1115//50 2798//50
f 1112//37 2798//37 1094//37
f 1094//17 2798//17 1106//17
f 1120//3672 1121//3672 1136//3672
f 1136//3673 1121//3673 1127//3673
f 2799//3674 1134//3674 775//3674
f 1132//3675 1134//3675 2799//3675
f 2799//2509 775//2509 776//2509
f 776//3676 1131//3676 2799//3676
f 1131//424 1132//424 2799//424
f 2800//9 1131//9 776//9
f 2800//902 745//902 1131//902
f 2803//3677 2801//3677 2800//3677
f 2801//1767 745//1767 2800//1767
f 776//1003 2802//1003 2800//1003
f 2804//1069 2800//1069 2802//1069
f 2803//3678 2800//3678 2804//3678
f 2805//3679 2804//3679 2806//3679
f 773//3680 2804//3680 2805//3680
f 773//1327 2803//1327 2804//1327
f 2804//3681 2802//3681 2806//3681
f 2805//3682 2806//3682 2807//3682
f 2807//3683 2806//3683 782//3683
f 2806//3684 780//3684 782//3684
f 2806//3685 2802//3685 780//3685
f 785//726 2808//726 2807//726
f 2807//3686 782//3686 785//3686
f 2807//577 2808//577 2809//577
f 2807//63 2809//63 2805//63
f 2805//1674 2809//1674 2810//1674
f 2811//3687 2810//3687 2809//3687
f 2811//3688 2809//3688 2812//3688
f 2812//3689 2809//3689 2808//3689
f 2812//423 778//423 2811//423
f 2813//330 778//330 2812//330
f 2812//3690 2808//3690 2813//3690
f 2813//902 2814//902 778//902
f 2813//948 790//948 791//948
f 791//175 2814//175 2813//175
f 2813//1016 2808//1016 790//1016
f 784//3691 778//3691 2814//3691
f 784//3692 2814//3692 2815//3692
f 2815//3693 2814//3693 794//3693
f 791//308 794//308 2814//308
f 787//3694 784//3694 2815//3694
f 2815//2975 794//2975 796//2975
f 822//3695 2815//3695 796//3695
f 787//3695 2815//3695 822//3695
f 778//902 779//902 2811//902
f 779//3696 2810//3696 2811//3696
f 2805//341 2810//341 773//341
f 779//3697 774//3697 2810//3697
f 773//3698 2810//3698 774//3698
f 785//726 790//726 2808//726
f 769//3699 2801//3699 2803//3699
f 772//3700 2803//3700 773//3700
f 772//3701 769//3701 2803//3701
f 776//3702 780//3702 2802//3702
f 769//3703 766//3703 2801//3703
f 2801//921 766//921 745//921
f 1109//396 1124//396 1110//396
f 1114//3704 1110//3704 1124//3704
f 1094//3705 1095//3705 1112//3705
f 1093//32 1106//32 1104//32
f 1094//1267 1106//1267 1093//1267
f 52//3706 1089//3706 53//3706
f 914//3707 1079//3707 1085//3707
f 911//3708 914//3708 1085//3708
f 1084//3709 37//3709 34//3709
f 54//3710 1084//3710 34//3710
f 1084//1710 1082//1710 37//1710
f 37//48 1082//48 36//48
f 1067//1332 1071//1332 1068//1332
f 1065//351 1059//351 1060//351
f 1044//3711 1045//3711 1052//3711
f 1039//1879 989//1879 988//1879
f 968//3712 975//3712 943//3712
f 943//3713 975//3713 941//3713
f 950//986 917//986 902//986
f 919//3714 924//3714 915//3714
f 902//63 917//63 903//63
f 891//1431 907//1431 880//1431
f 881//3715 880//3715 907//3715
f 897//3716 907//3716 891//3716
f 893//3717 881//3718 896//3717
f 875//3719 877//3719 884//3719
f 880//1431 872//1431 874//1431
f 864//1191 872//1191 880//1191
f 879//32 868//32 2816//32
f 2816//3720 848//3720 879//3720
f 879//1196 848//1196 864//1196
f 879//180 871//180 868//180
f 2816//48 859//48 857//48
f 857//1194 832//1194 2816//1194
f 2816//3721 832//3721 848//3721
f 2816//48 869//48 859//48
f 2816//48 868//48 869//48
f 866//1807 872//1807 864//1807
f 861//3722 859//3722 869//3722
f 855//3723 854//3723 862//3723
f 855//1059 862//1059 848//1059
f 857//3724 829//3724 832//3724
f 848//618 849//618 855//618
f 845//3725 842//3725 852//3725
f 834//947 836//947 844//947
f 834//342 844//342 832//342
f 732//570 724//570 839//570
f 824//3726 797//3726 799//3726
f 823//3727 797//3727 824//3727
f 822//1655 796//1655 823//1655
f 823//3728 796//3728 797//3728
f 768//3729 769//3729 772//3729
f 745//3730 759//3730 752//3730
f 741//161 2817//161 491//161
f 741//697 2821//697 2817//697
f 741//1034 2818//1034 2819//1034
f 563//210 2818//210 741//210
f 741//3731 2819//3731 2820//3731
f 2820//89 2821//89 741//89
f 2820//3732 2822//3732 2821//3732
f 2821//3733 2823//3733 2817//3733
f 2821//3518 2822//3518 2823//3518
f 2817//3734 2823//3734 2824//3734
f 2824//257 2823//257 2825//257
f 2825//3735 2823//3735 2822//3735
f 2825//3648 2828//3648 2824//3648
f 2825//97 2822//97 2829//97
f 567//3736 2826//3736 2825//3736
f 2826//672 2827//672 2825//672
f 2825//3737 2827//3737 2828//3737
f 567//3738 2825//3738 2829//3738
f 2829//3739 554//3739 567//3739
f 2829//98 2834//98 554//98
f 2830//3623 2833//3623 2829//3623
f 2829//3740 2831//3740 2830//3740
f 2829//111 2832//111 2831//111
f 2829//221 2822//221 2832//221
f 2829//1532 2833//1532 2834//1532
f 2837//3741 2834//3741 2833//3741
f 2836//3742 2835//3742 2834//3742
f 554//133 2834//133 2835//133
f 2836//3743 2834//3743 2837//3743
f 2837//89 2838//89 563//89
f 563//1555 2836//1555 2837//1555
f 2837//3744 2833//3744 2838//3744
f 563//210 2838//210 2818//210
f 2838//3745 2830//3745 2818//3745
f 2838//3746 2833//3746 2830//3746
f 2839//3747 2835//3747 2836//3747
f 2839//85 2836//85 563//85
f 2840//3748 2841//3748 2839//3748
f 563//157 2840//157 2839//157
f 2839//3749 2841//3749 2835//3749
f 554//133 2835//133 2841//133
f 2840//3750 2842//3750 2841//3750
f 2842//257 554//257 2841//257
f 2844//3751 2843//3751 2842//3751
f 2842//2651 2843//2651 554//2651
f 2844//3752 2842//3752 2840//3752
f 2845//3753 2843//3753 2844//3753
f 537//1034 2845//1034 2844//1034
f 563//2608 2844//2608 2840//2608
f 537//210 2844//210 563//210
f 2846//3754 2847//3754 2845//3754
f 2846//92 2845//92 537//92
f 2845//3755 2847//3755 2843//3755
f 2846//2441 552//2441 2847//2441
f 554//3756 2847//3756 552//3756
f 2843//94 2847//94 554//94
f 550//3757 552//3757 2846//3757
f 537//1585 550//1585 2846//1585
f 2819//3636 2831//3636 2832//3636
f 2820//3758 2832//3758 2822//3758
f 2819//3759 2832//3759 2820//3759
f 2818//3635 2830//3635 2831//3635
f 2818//3760 2831//3760 2819//3760
f 2848//3761 2828//3761 2849//3761
f 2848//2698 2824//2698 2828//2698
f 2849//1575 2828//1575 2827//1575
f 491//157 2848//157 2849//157
f 499//3529 2849//3529 2850//3529
f 491//634 2849//634 499//634
f 2849//3762 2827//3762 2850//3762
f 499//1578 2850//1578 2852//1578
f 2850//3763 2827//3763 2851//3763
f 2850//2597 2851//2597 2852//2597
f 2852//2693 2853//2693 499//2693
f 2852//2689 2854//2689 2853//2689
f 2852//3764 2851//3764 2854//3764
f 2855//684 2854//684 2851//684
f 2856//2704 2854//2704 2855//2704
f 2853//3765 2854//3765 2856//3765
f 2858//98 2856//98 2855//98
f 2857//2573 2856//2573 2858//2573
f 2853//3766 2856//3766 2857//3766
f 2855//3553 2859//3553 2858//3553
f 2857//3767 2858//3767 501//3767
f 501//3768 2858//3768 2859//3768
f 2855//3769 2860//3769 2859//3769
f 502//3770 2859//3770 2860//3770
f 501//3771 2859//3771 502//3772
f 513//145 2860//145 2855//145
f 513//3773 2861//3773 2860//3773
f 503//3774 2860//3774 2861//3774
f 502//3775 2860//3775 503//3775
f 2862//190 2861//190 513//190
f 504//3776 2861//3776 2862//3776
f 503//3777 2861//3777 504//3777
f 513//2617 511//2617 2862//2617
f 505//1481 2862//1481 511//1481
f 504//3778 2862//3778 505//3778
f 499//131 2857//131 501//131
f 2853//2693 2857//2693 499//2693
f 513//3779 2855//3779 496//3779
f 496//3780 2855//3780 497//3780
f 478//3781 497//3781 2855//3781
f 2855//191 2851//191 2826//191
f 567//3782 2855//3782 2826//3782
f 573//3783 478//3784 2855//3784
f 573//3785 2855//3785 567//3785
f 2826//3786 2851//3786 2827//3786
f 2817//3787 2824//3787 2848//3787
f 2817//2579 2848//2579 491//2579
f 739//902 564//902 562//902
f 732//17 725//17 724//17
f 709//3788 727//3788 708//3788
f 585//56 717//56 582//56
f 585//3789 570//3789 717//3789
f 714//3790 579//3790 582//3790
f 706//3791 705//3791 714//3791
f 714//3792 2863//3792 579//3792
f 705//3793 2863//3793 714//3793
f 2863//3794 2864//3794 577//3794
f 2865//3795 2864//3795 2863//3795
f 2863//3796 577//3796 579//3796
f 705//661 2865//661 2863//661
f 702//3797 701//3797 2865//3797
f 701//3798 2866//3798 2865//3798
f 2865//3799 2866//3799 2864//3799
f 702//136 2865//136 705//136
f 576//1328 2866//1328 2867//1328
f 701//3800 2867//3800 2866//3800
f 576//604 2864//604 2866//604
f 2867//3718 2868//3718 576//3718
f 699//3801 2868//3801 2867//3801
f 699//3802 2867//3802 701//3802
f 576//195 2868//195 689//195
f 695//3803 689//3803 2868//3803
f 695//3804 2868//3804 699//3804
f 577//268 2864//268 576//268
f 679//860 704//860 675//860
f 679//618 678//618 696//618
f 678//3805 693//3805 696//3805
f 678//3806 2869//3806 693//3806
f 2869//3807 691//3807 693//3807
f 677//3808 682//3808 2869//3808
f 682//3809 687//3809 2869//3809
f 2869//3810 687//3810 691//3810
f 677//3811 2869//3811 678//3811
f 474//3812 690//3812 473//3812
f 663//37 690//37 2870//37
f 2870//305 690//305 685//305
f 662//1687 663//1687 2870//1687
f 662//3813 2870//3813 684//3813
f 684//3814 2870//3814 685//3814
f 666//3815 662//3815 684//3815
f 666//3816 684//3816 680//3816
f 680//3664 665//3664 666//3664
f 656//32 651//32 650//32
f 643//3817 646//3817 653//3817
f 638//396 643//396 653//396
f 638//3818 650//3818 636//3818
f 647//17 2871//17 636//17
f 644//3819 2871//3819 647//3819
f 2872//50 636//50 2871//50
f 2873//3820 2872//3820 2871//3820
f 2873//3821 2871//3821 644//3821
f 2874//3822 2872//3822 2873//3822
f 640//3823 2874//3823 2873//3823
f 641//3824 2873//3824 644//3824
f 640//3825 2873//3825 641//3825
f 2874//357 634//357 2872//357
f 639//3826 2874//3826 640//3826
f 639//3827 632//3827 2874//3827
f 632//3828 634//3828 2874//3828
f 634//842 636//842 2872//842
f 631//3829 632//3829 639//3829
f 607//320 626//320 631//320
f 602//3830 629//3830 623//3830
f 622//1101 623//1101 629//1101
f 602//3831 623//3831 620//3831
f 620//8 616//8 602//8
f 607//580 606//580 619//580
f 603//3832 609//3832 614//3832
f 603//3833 614//3833 605//3833
f 591//174 611//174 592//174
f 599//3834 592//3834 611//3834
f 604//48 611//48 591//48
f 594//3835 604//3835 591//3835
f 597//3836 592//3836 599//3836
f 596//3837 589//3837 597//3837
f 597//3838 589//3838 592//3838
f 596//3839 572//3839 589//3839
f 581//3840 572//3840 596//3840
f 584//2998 581//2998 596//2998
f 581//3841 574//3841 572//3841
f 479//1088 576//1088 476//1088
f 479//3842 478//3842 573//3842
f 567//3843 554//3843 555//3843
f 544//3844 2875//3844 559//3844
f 535//3845 559//3845 2875//3845
f 544//3846 559//3846 547//3846
f 538//3847 559//3847 535//3847
f 2875//3848 2876//3848 536//3848
f 543//3849 2876//3849 2875//3849
f 543//3850 2875//3850 544//3850
f 535//3851 2875//3851 536//3851
f 542//3852 2876//3852 543//3852
f 542//3853 2877//3853 2876//3853
f 536//3854 2876//3854 2877//3854
f 527//3855 2877//3855 2878//3855
f 531//3856 2878//3856 2877//3856
f 531//3857 2877//3857 542//3857
f 536//3858 2877//3858 527//3858
f 524//3859 2878//3859 2879//3859
f 530//3860 2879//3860 2878//3860
f 530//3861 2878//3861 531//3861
f 527//3862 2878//3862 524//3862
f 525//2393 2879//2393 518//2393
f 519//3863 518//3863 2879//3863
f 519//3864 2879//3864 530//3864
f 524//3865 2879//3865 525//3865
f 542//190 533//190 531//190
f 530//2611 521//2611 519//2611
f 525//3866 518//3866 2880//3866
f 2880//131 522//131 525//131
f 2880//3867 518//3867 516//3867
f 508//210 510//210 2880//210
f 2880//3868 516//3868 508//3868
f 2880//210 510//210 522//210
f 510//2367 514//2367 522//2367
f 508//3869 516//3869 507//3869
f 513//3870 496//3870 507//3870
f 491//246 499//246 492//246
f 492//131 499//131 494//131
f 481//301 490//301 478//301
f 482//3871 470//3871 471//3871
f 446//1232 445//1232 457//1232
f 440//436 2881//436 2882//436
f 437//1252 2881//1252 440//1252
f 440//572 2882//2069 2885//572
f 440//3872 2883//3872 2884//3872
f 2886//3873 2883//3873 440//3873
f 440//436 2884//436 329//436
f 329//3874 327//3874 440//3874
f 2885//1258 2886//1258 440//1258
f 2888//3875 2886//3875 2885//3875
f 2887//3313 2883//3313 2886//3313
f 2887//3876 2886//3876 2888//3876
f 2889//3877 2888//3877 2890//3877
f 353//1908 2888//1908 2889//1908
f 353//2782 2887//2782 2888//2782
f 2888//3878 2885//3878 2890//3878
f 2889//3879 2890//3879 2891//3879
f 2890//3880 2882//3880 2891//3880
f 2890//3881 2885//3881 2882//3881
f 2889//2028 2891//2028 2893//2028
f 2891//3882 2881//3882 2892//3882
f 2893//2030 2891//2030 2892//2030
f 2891//3883 2882//3883 2881//3883
f 421//3884 2893//3884 413//3884
f 2893//543 410//543 413//543
f 2893//1910 2897//1910 410//1910
f 2893//2809 2892//2809 2894//2809
f 2894//1156 2895//1156 2893//1156
f 2895//3885 2896//3885 2893//3885
f 2893//3177 2896//3177 2897//3177
f 421//3886 2889//3886 2893//3886
f 2896//3887 2900//3887 2897//3887
f 2897//3888 2899//3888 2898//3888
f 410//1161 2897//1161 2898//1161
f 2897//3889 2900//3889 2899//3889
f 2899//2729 2900//2729 393//2729
f 2896//3890 2901//3890 2900//3890
f 393//434 2900//434 2901//434
f 2895//3891 2901//3891 2896//3891
f 2895//3892 2902//3892 2901//3892
f 393//3893 2901//3893 2902//3893
f 2902//434 2903//434 437//434
f 437//435 393//435 2902//435
f 2894//377 2903//377 2902//377
f 2894//3258 2902//3258 2895//3258
f 2892//3882 2881//3894 2903//3882
f 437//3344 2903//3344 2881//3344
f 2892//2474 2903//2474 2894//2474
f 2898//3895 2899//3895 2904//3895
f 393//2007 2904//2007 2899//2007
f 2906//3896 2904//3896 2905//3896
f 393//518 2905//518 2904//518
f 2898//3897 2904//3897 2906//3897
f 2906//3898 2905//3898 408//3898
f 2898//541 2906//541 410//541
f 410//458 2906//458 408//458
f 408//3899 2905//3899 407//3899
f 407//3374 2905//3374 393//3374
f 347//3900 2889//3900 421//3900
f 347//3901 353//3901 2889//3901
f 2907//3902 2883//3902 2887//3902
f 2907//3339 2887//3339 353//3339
f 2907//3903 2884//3903 2883//3903
f 2908//3904 2884//3904 2907//3904
f 353//3438 2908//3438 2907//3438
f 352//3905 2909//3905 2908//3905
f 353//3906 352//3906 2908//3906
f 2908//3907 2909//3907 2884//3907
f 329//1258 2909//1258 2910//1258
f 329//436 2884//436 2909//436
f 352//3158 2910//3158 2909//3158
f 2910//519 2911//519 329//519
f 351//3908 2911//3908 2910//3908
f 351//3909 2910//3909 352//3909
f 2911//1841 2912//1841 329//1841
f 350//1922 2912//1922 2911//1922
f 350//3910 2911//3910 351//3910
f 349//3911 355//3911 2912//3911
f 329//3912 2912//3912 355//3912
f 349//3913 2912//3913 350//3913
f 327//62 326//62 439//62
f 437//435 417//435 393//435
f 414//3914 421//3914 413//3914
f 415//3915 421//3915 414//3915
f 411//3916 396//3916 395//3916
f 403//3917 402//3917 411//3917
f 402//3918 396//3918 411//3918
f 393//3919 405//3919 407//3919
f 394//2824 405//2824 393//2824
f 390//3920 391//3920 402//3920
f 402//3921 391//3921 396//3921
f 399//3922 382//3922 379//3922
f 379//3923 387//3923 399//3923
f 399//3924 387//3924 388//3924
f 379//3925 2913//3925 387//3925
f 2913//3926 385//3926 387//3926
f 2914//3927 2915//3927 2913//3927
f 377//3928 2914//3928 2913//3928
f 377//3929 2913//3929 379//3929
f 2913//3930 2915//3930 385//3930
f 371//1837 372//1837 2915//1837
f 2914//3931 371//3931 2915//3931
f 2915//435 380//435 385//435
f 372//435 376//435 2915//435
f 2915//3453 376//3453 380//3453
f 2916//3932 371//3932 2914//3932
f 374//3933 2916//3933 2914//3933
f 374//3934 2914//3934 377//3934
f 339//3935 2916//3935 374//3935
f 339//3936 336//3936 2916//3936
f 336//3937 369//3937 2916//3937
f 2916//3938 369//3938 371//3938
f 336//3939 361//3939 369//3939
f 330//440 361//440 334//440
f 334//3940 361//3940 336//3940
f 329//1948 355//1948 330//1948
f 304//3335 301//3335 347//3335
f 334//3941 332//3941 331//3941
f 331//3942 330//3942 334//3942
f 300//3943 310//3943 321//3943
f 300//3943 321//3943 301//3943
f 197//3944 313//3944 311//3944
f 198//3945 197//3945 311//3945
f 198//3946 311//3946 306//3946
f 296//3947 303//3947 297//3947
f 283//1084 282//1084 291//1084
f 271//3948 285//3948 272//3948
f 279//3949 274//3949 281//3949
f 269//396 268//396 277//396
f 268//3950 275//3950 277//3950
f 2917//602 264//602 275//602
f 268//3950 2917//3950 275//3950
f 250//268 260//268 2917//268
f 251//3951 250//3951 2917//3951
f 251//3952 2917//3952 268//3952
f 2917//275 260//275 264//275
f 251//367 262//367 253//367
f 252//3953 246//3953 247//3953
f 236//3954 235//3954 2918//3954
f 2918//1807 226//1807 236//1807
f 2918//3955 2920//3955 2919//3955
f 2918//1232 2919//1232 226//1232
f 2918//3956 235//3956 2920//3956
f 2919//3957 2920//3957 2921//3957
f 2920//1685 228//1685 2921//1685
f 2920//1687 229//1687 228//1687
f 235//3958 229//3958 2920//3958
f 2922//3959 2921//3959 221//3959
f 2921//3960 225//3960 221//3960
f 2921//3961 228//3961 225//3961
f 2919//3962 2921//3962 2922//3962
f 226//398 2919//398 2922//398
f 2922//341 218//341 219//341
f 2922//3963 221//3963 218//3963
f 226//56 2922//56 219//56
f 235//3964 230//3964 229//3964
f 221//3965 225//3965 222//3965
f 208//277 209//277 219//277
f 216//3966 211//3966 212//3966
f 205//56 43//56 48//56
f 48//3967 203//3967 205//3967
f 48//3967 146//3967 203//3967
f 45//3968 202//3968 47//3968
f 45//3969 201//3969 202//3969
f 43//3970 201//3970 45//3970
f 48//3971 46//3971 146//3971
f 127//3972 134//3972 144//3972
f 117//3973 127//3973 144//3973
f 144//3974 118//3974 117//3974
f 36//570 132//570 129//570
f 36//423 129//423 128//423
f 126//3975 127//3975 2923//3975
f 2923//3976 127//3976 117//3976
f 117//3977 119//3977 2923//3977
f 2923//3978 119//3978 2924//3978
f 2924//3979 126//3979 2923//3979
f 119//3980 114//3980 2924//3980
f 2924//3981 111//3981 109//3981
f 109//3982 2925//3982 2924//3982
f 2924//3983 2925//3983 126//3983
f 2924//3984 114//3984 111//3984
f 2925//3985 124//3985 126//3985
f 2925//2408 115//2408 124//2408
f 109//3986 2926//3986 2925//3986
f 2926//1497 115//1497 2925//1497
f 2927//3987 105//3987 2926//3987
f 2927//3988 2926//3988 109//3988
f 2926//1034 105//1034 115//1034
f 2927//3989 109//3989 107//3989
f 107//3990 2928//3990 2927//3990
f 2928//125 105//125 2927//125
f 2929//1417 99//1417 2928//1417
f 2929//3991 2928//3991 107//3991
f 2928//233 99//233 105//233
f 107//3992 92//3992 2929//3992
f 2929//3993 92//3993 98//3993
f 98//88 99//88 2929//88
f 124//3994 115//3994 113//3994
f 104//3995 115//3995 105//3995
f 107//3996 103//3996 92//3996
f 103//3997 101//3997 92//3997
f 92//3998 101//3998 90//3998
f 98//3999 92//3999 94//3999
f 86//2425 93//2425 2930//2425
f 2930//4000 93//4000 88//4000
f 88//4001 2931//4001 2930//4001
f 75//1497 2930//1497 2931//1497
f 86//88 2930//88 75//88
f 88//4002 71//4002 2931//4002
f 71//4003 72//4003 2931//4003
f 75//4004 2931//4004 72//4004
f 82//4005 71//4005 88//4005
f 79//4006 86//4006 75//4006
f 68//4007 77//4007 78//4007
f 2932//4008 68//4008 78//4008
f 74//2611 2932//2611 78//2611
f 60//4009 68//4009 2932//4009
f 58//4010 60//4010 2932//4010
f 58//4011 2932//4011 2933//4011
f 2933//2468 2932//2468 74//2468
f 58//4012 2933//4012 55//4012
f 65//651 55//651 2933//651
f 65//115 2933//115 74//115
f 74//4013 64//4013 65//4013
f 66//98 55//98 65//98
f 55//4014 56//4014 58//4014
f 54//1713 40//1713 41//1713
f 40//65 54//65 2934//65
f 2934//396 54//396 33//396
f 54//4015 34//4015 33//4015
f 2934//4016 38//4016 40//4016
f 2934//65 33//65 2935//65
f 2935//4017 28//4017 2934//4017
f 2934//4016 28//4016 38//4016
f 2935//821 33//821 31//821
f 2935//1713 31//1713 20//1713
f 20//4018 26//4018 2935//4018
f 2935//4019 26//4019 28//4019
f 28//570 29//570 38//570
f 20//4020 31//4020 21//4020
f 20//4021 13//4021 26//4021
f 19//4022 6//4022 4//4022
f 5//4023 2//4023 18//4023
f 2//938 3//938 16//938
